,us_fed_assets,us_tga,us_rrp,ea_assets,jp_assets,gb_base,ca_assets,us_netliq,ca_rate,gb_rate,jp_rate,us_rate,ea_rate,us_reserves,us_gdp,us_iorb,us_effr,us_2y,us_nfci,us_proxy,us_cpi,ea_cpi,jp_cpi,gb_cpi,ca_cpi,ea_2y,ca_2y,gb_2y,jp_2y
1947-01-31,,,,,,,,,,,,,,,243.164,,,,,,,,,,,,,,
1947-02-28,,,,,,,,,,,,,,,243.164,,,,,,,,,,,,,,
1947-03-31,,,,,,,,,,,,,,,243.164,,,,,,,,,,,,,,
1947-04-30,,,,,,,,,,,,,,,245.968,,,,,,,,,,,,,,
1947-05-31,,,,,,,,,,,,,,,245.968,,,,,,,,,,,,,,
1947-06-30,,,,,,,,,,,,,,,245.968,,,,,,,,,,,,,,
1947-07-31,,,,,,,,,,,,,,,249.585,,,,,,,,,,,,,,
1947-08-31,,,,,,,,,,,,,,,249.585,,,,,,,,,,,,,,
1947-09-30,,,,,,,,,,,,,,,249.585,,,,,,,,,,,,,,
1947-10-31,,,,,,,,,,,,,,,259.745,,,,,,,,,,,,,,
1947-11-30,,,,,,,,,,,,,,,259.745,,,,,,,,,,,,,,
1947-12-31,,,,,,,,,,,,,,,259.745,,,,,,,,,,,,,,
1948-01-31,,,,,,,,,,,,,,,265.742,,,,,,,,,,,,,,
1948-02-29,,,,,,,,,,,,,,,265.742,,,,,,,,,,,,,,
1948-03-31,,,,,,,,,,,,,,,265.742,,,,,,,,,,,,,,
1948-04-30,,,,,,,,,,,,,,,272.567,,,,,,,,,,,,,,
1948-05-31,,,,,,,,,,,,,,,272.567,,,,,,,,,,,,,,
1948-06-30,,,,,,,,,,,,,,,272.567,,,,,,,,,,,,,,
1948-07-31,,,,,,,,,,,,,,,279.196,,,,,,,,,,,,,,
1948-08-31,,,,,,,,,,,,,,,279.196,,,,,,,,,,,,,,
1948-09-30,,,,,,,,,,,,,,,279.196,,,,,,,,,,,,,,
1948-10-31,,,,,,,,,,,,,,,280.366,,,,,,,,,,,,,,
1948-11-30,,,,,,,,,,,,,,,280.366,,,,,,,,,,,,,,
1948-12-31,,,,,,,,,,,,,,,280.366,,,,,,,,,,,,,,
1949-01-31,,,,,,,,,,,,,,,275.034,,,,,,,,,,,,,,
1949-02-28,,,,,,,,,,,,,,,275.034,,,,,,,,,,,,,,
1949-03-31,,,,,,,,,,,,,,,275.034,,,,,,,,,,,,,,
1949-04-30,,,,,,,,,,,,,,,271.351,,,,,,,,,,,,,,
1949-05-31,,,,,,,,,,,,,,,271.351,,,,,,,,,,,,,,
1949-06-30,,,,,,,,,,,,,,,271.351,,,,,,,,,,,,,,
1949-07-31,,,,,,,,,,,,,,,272.889,,,,,,,,,,,,,,
1949-08-31,,,,,,,,,,,,,,,272.889,,,,,,,,,,,,,,
1949-09-30,,,,,,,,,,,,,,,272.889,,,,,,,,,,,,,,
1949-10-31,,,,,,,,,,,,,,,270.627,,,,,,,,,,,,,,
1949-11-30,,,,,,,,,,,,,,,270.627,,,,,,,,,,,,,,
1949-12-31,,,,,,,,,,,,,,,270.627,,,,,,,,,,,,,,
1950-01-31,,,,,,,,,,,,,,,280.828,,,,,,,,,,,,,,
1950-02-28,,,,,,,,,,,,,,,280.828,,,,,,,,,,,,,,
1950-03-31,,,,,,,,,,,,,,,280.828,,,,,,,,,,,,,,
1950-04-30,,,,,,,,,,,,,,,290.383,,,,,,,,,,,,,,
1950-05-31,,,,,,,,,,,,,,,290.383,,,,,,,,,,,,,,
1950-06-30,,,,,,,,,,,,,,,290.383,,,,,,,,,,,,,,
1950-07-31,,,,,,,,,,,,,,,308.153,,,,,,,,,,,,,,
1950-08-31,,,,,,,,,,,,,,,308.153,,,,,,,,,,,,,,
1950-09-30,,,,,,,,,,,,,,,308.153,,,,,,,,,,,,,,
1950-10-31,,,,,,,,,,,,,,,319.945,,,,,,,,,,,,,,
1950-11-30,,,,,,,,,,,,,,,319.945,,,,,,,,,,,,,,
1950-12-31,,,,,,,,,,,,,,,319.945,,,,,,,,,,,,,,
1951-01-31,,,,,,,,,,,,,,,336.0,,,,,,,,,,,,,,
1951-02-28,,,,,,,,,,,,,,,336.0,,,,,,,,,,,,,,
1951-03-31,,,,,,,,,,,,,,,336.0,,,,,,,,,,,,,,
1951-04-30,,,,,,,,,,,,,,,344.09,,,,,,,,,,,,,,
1951-05-31,,,,,,,,,,,,,,,344.09,,,,,,,,,,,,,,
1951-06-30,,,,,,,,,,,,,,,344.09,,,,,,,,,,,,,,
1951-07-31,,,,,,,,,,,,,,,351.385,,,,,,,,,,,,,,
1951-08-31,,,,,,,,,,,,,,,351.385,,,,,,,,,,,,,,
1951-09-30,,,,,,,,,,,,,,,351.385,,,,,,,,,,,,,,
1951-10-31,,,,,,,,,,,,,,,356.178,,,,,,,,,,,,,,
1951-11-30,,,,,,,,,,,,,,,356.178,,,,,,,,,,,,,,
1951-12-31,,,,,,,,,,,,,,,356.178,,,,,,,,,,,,,,
1952-01-31,,,,,,,,,,,,,,,359.82,,,,,,,,,,,,,,
1952-02-29,,,,,,,,,,,,,,,359.82,,,,,,,,,,,,,,
1952-03-31,,,,,,,,,,,,,,,359.82,,,,,,,,,,,,,,
1952-04-30,,,,,,,,,,,,,,,361.03,,,,,,,,,,,,,,
1952-05-31,,,,,,,,,,,,,,,361.03,,,,,,,,,,,,,,
1952-06-30,,,,,,,,,,,,,,,361.03,,,,,,,,,,,,,,
1952-07-31,,,,,,,,,,,,,,,367.701,,,,,,,,,,,,,,
1952-08-31,,,,,,,,,,,,,,,367.701,,,,,,,,,,,,,,
1952-09-30,,,,,,,,,,,,,,,367.701,,,,,,,,,,,,,,
1952-10-31,,,,,,,,,,,,,,,380.812,,,,,,,,,,,,,,
1952-11-30,,,,,,,,,,,,,,,380.812,,,,,,,,,,,,,,
1952-12-31,,,,,,,,,,,,,,,380.812,,,,,,,,,,,,,,
1953-01-31,,,,,,,,,,,,,,,387.98,,,,,,,,,,,,,,
1953-02-28,,,,,,,,,,,,,,,387.98,,,,,,,,,,,,,,
1953-03-31,,,,,,,,,,,,,,,387.98,,,,,,,,,,,,,,
1953-04-30,,,,,,,,,,,,,,,391.749,,,,,,,,,,,,,,
1953-05-31,,,,,,,,,,,,,,,391.749,,,,,,,,,,,,,,
1953-06-30,,,,,,,,,,,,,,,391.749,,,,,,,,,,,,,,
1953-07-31,,,,,,,,,,,,,,,391.171,,,,,,,,,,,,,,
1953-08-31,,,,,,,,,,,,,,,391.171,,,,,,,,,,,,,,
1953-09-30,,,,,,,,,,,,,,,391.171,,,,,,,,,,,,,,
1953-10-31,,,,,,,,,,,,,,,385.97,,,,,,,,,,,,,,
1953-11-30,,,,,,,,,,,,,,,385.97,,,,,,,,,,,,,,
1953-12-31,,,,,,,,,,,,,,,385.97,,,,,,,,,,,,,,
1954-01-31,,,,,,,,,,,,,,,385.345,,,,,,,,,,,,,,
1954-02-28,,,,,,,,,,,,,,,385.345,,,,,,,,,,,,,,
1954-03-31,,,,,,,,,,,,,,,385.345,,,,,,,,,,,,,,
1954-04-30,,,,,,,,,,,,,,,386.121,,,,,,,,,,,,,,
1954-05-31,,,,,,,,,,,,,,,386.121,,,,,,,,,,,,,,
1954-06-30,,,,,,,,,,,,,,,386.121,,,,,,,,,,,,,,
1954-07-31,,,,,,,,,,,,,,,390.996,,,,,,,,,,,,,,
1954-08-31,,,,,,,,,,,,,,,390.996,,,,,,,,,,,,,,
1954-09-30,,,,,,,,,,,,,,,390.996,,,,,,,,,,,,,,
1954-10-31,,,,,,,,,,,,,,,399.734,,,,,,,,,,,,,,
1954-11-30,,,,,,,,,,,,,,,399.734,,,,,,,,,,,,,,
1954-12-31,,,,,,,,,,,,,,,399.734,,,,,,,,,,,,,,
1955-01-31,,,,,,,,,,,,,,,413.073,,,,,,,,,,,,,,
1955-02-28,,,,,,,,,,,,,,,413.073,,,,,,,,,,,,,,
1955-03-31,,,,,,,,,,,,,,,413.073,,,,,,,,,,,,,,
1955-04-30,,,,,,,,,,,,,,,421.532,,,,,,,,,,,,,,
1955-05-31,,,,,,,,,,,,,,,421.532,,,,,,,,,,,,,,
1955-06-30,,,,,,,,,,,,,,,421.532,,,,,,,,,,,,,,
1955-07-31,,,,,,,,,,,,,,,430.221,,,,,,,,,,,,,,
1955-08-31,,,,,,,,,,,,,,,430.221,,,,,,,,,,,,,,
1955-09-30,,,,,,,,,,,,,,,430.221,,,,,,,,,,,,,,
1955-10-31,,,,,,,,,,,,,,,437.092,,,,,,,,,,,,,,
1955-11-30,,,,,,,,,,,,,,,437.092,,,,,,,,,,,,,,
1955-12-31,,,,,,,,,,,,,,,437.092,,,,,,,,,,,,,,
1956-01-31,,,,,,,,,,,,,,,439.746,,,,,,,,,,,,,,
1956-02-29,,,,,,,,,,,,,,,439.746,,,,,,,,,,,,,,
1956-03-31,,,,,,,,,,,,,,,439.746,,,,,,,,,,,,,,
1956-04-30,,,,,,,,,,,,,,,446.01,,,,,,,,,,,,,,
1956-05-31,,,,,,,,,,,,,,,446.01,,,,,,,,,,,,,,
1956-06-30,,,,,,,,,,,,,,,446.01,,,,,,,,,,,,,,
1956-07-31,,,,,,,,,,,,,,,451.191,,,,,,,,,,,,,,
1956-08-31,,,,,,,,,,,,,,,451.191,,,,,,,,,,,,,,
1956-09-30,,,,,,,,,,,,,,,451.191,,,,,,,,,,,,,,
1956-10-31,,,,,,,,,,,,,,,460.463,,,,,,,,,,,,,,
1956-11-30,,,,,,,,,,,,,,,460.463,,,,,,,,,,,,,,
1956-12-31,,,,,,,,,,,,,,,460.463,,,,,,,,,,,,,,
1957-01-31,,,,,,,,,,,,,,,469.779,,,,,,,,,,,,,,
1957-02-28,,,,,,,,,,,,,,,469.779,,,,,,,,,,,,,,
1957-03-31,,,,,,,,,,,,,,,469.779,,,,,,,,,,,,,,
1957-04-30,,,,,,,,,,,,,,,472.025,,,,,,,,,,,,,,
1957-05-31,,,,,,,,,,,,,,,472.025,,,,,,,,,,,,,,
1957-06-30,,,,,,,,,,,,,,,472.025,,,,,,,,,,,,,,
1957-07-31,,,,,,,,,,,,,,,479.49,,,,,,,,,,,,,,
1957-08-31,,,,,,,,,,,,,,,479.49,,,,,,,,,,,,,,
1957-09-30,,,,,,,,,,,,,,,479.49,,,,,,,,,,,,,,
1957-10-31,,,,,,,,,,,,,,,474.864,,,,,,,,,,,,,,
1957-11-30,,,,,,,,,,,,,,,474.864,,,,,,,,,,,,,,
1957-12-31,,,,,,,,,,,,,,,474.864,,,,,,,,,,,,,,
1958-01-31,,,,,,,,,,,,,,,467.54,,,,,,,,,,,,,,
1958-02-28,,,,,,,,,,,,,,,467.54,,,,,,,,,,,,,,
1958-03-31,,,,,,,,,,,,,,,467.54,,,,,,,,,,,,,,
1958-04-30,,,,,,,,,,,,,,,471.978,,,,,,,,,,,,,,
1958-05-31,,,,,,,,,,,,,,,471.978,,,,,,,,,,,,,,
1958-06-30,,,,,,,,,,,,,,,471.978,,,,,,,,,,,,,,
1958-07-31,,,,,,,,,,,,,,,485.841,,,,,,,,,,,,,,
1958-08-31,,,,,,,,,,,,,,,485.841,,,,,,,,,,,,,,
1958-09-30,,,,,,,,,,,,,,,485.841,,,,,,,,,,,,,,
1958-10-31,,,,,,,,,,,,,,,499.555,,,,,,,,,,,,,,
1958-11-30,,,,,,,,,,,,,,,499.555,,,,,,,,,,,,,,
1958-12-31,,,,,,,,,,,,,,,499.555,,,,,,,,,,,,,,
1959-01-31,,,,,,,,,,,,,,,510.33,,,,,,,,,,,,,,
1959-02-28,,,,,,,,,,,,,,,510.33,,,,,,,,,,,,,,
1959-03-31,,,,,,,,,,,,,,,510.33,,,,,,,,,,,,,,
1959-04-30,,,,,,,,,,,,,,,522.653,,,,,,,,,,,,,,
1959-05-31,,,,,,,,,,,,,,,522.653,,,,,,,,,,,,,,
1959-06-30,,,,,,,,,,,,,,,522.653,,,,,,,,,,,,,,
1959-07-31,,,,,,,,,,,,,,,525.034,,,,,,,,,,,,,,
1959-08-31,,,,,,,,,,,,,,,525.034,,,,,,,,,,,,,,
1959-09-30,,,,,,,,,,,,,,,525.034,,,,,,,,,,,,,,
1959-10-31,,,,,,,,,,,,,,,528.6,,,,,,,,,,,,,,
1959-11-30,,,,,,,,,,,,,,,528.6,,,,,,,,,,,,,,
1959-12-31,,,,,,,,,,,,,,,528.6,,,,,,,,,,,,,,
1960-01-31,,,,,,,,,,,,,,,542.648,,,,,,,,,,,,,,
1960-02-29,,,,,,,,,,,,,,,542.648,,,,,,,,,,,,,,
1960-03-31,,,,,,,,,,,,,,,542.648,,,,,,,,,,,,,,
1960-04-30,,,,,,,,,,,,,,,541.08,,,,,,,,,,,,,,
1960-05-31,,,,,,,,,,,,,,,541.08,,,,,,,,,,,,,,
1960-06-30,,,,,,,,,,,,,,,541.08,,,,,,,,,,,,,,
1960-07-31,,,,,,,,,,,,,,,545.604,,,,,,,,,,,,,,
1960-08-31,,,,,,,,,,,,,,,545.604,,,,,,,,,,,,,,
1960-09-30,,,,,,,,,,,,,,,545.604,,,,,,,,,,,,,,
1960-10-31,,,,,,,,,,,,,,,540.197,,,,,,,,,,,,,,
1960-11-30,,,,,,,,,,,,,,,540.197,,,,,,,,,,,,,,
1960-12-31,,,,,,,,,,,,,,,540.197,,,,,,,,,,,,,,
1961-01-31,,,,,,,,,,,,,,,545.018,,,,,,,,,,,,,,
1961-02-28,,,,,,,,,,,,,,,545.018,,,,,,,,,,,,,,
1961-03-31,,,,,,,,,,,,,,,545.018,,,,,,,,,,,,,,
1961-04-30,,,,,,,,,,,,,,,555.545,,,,,,,,,,,,,,
1961-05-31,,,,,,,,,,,,,,,555.545,,,,,,,,,,,,,,
1961-06-30,,,,,,,,,,,,,,,555.545,,,,,,,,,,,,,,
1961-07-31,,,,,,,,,,,,,,,567.664,,,,,,,,,,,,,,
1961-08-31,,,,,,,,,,,,,,,567.664,,,,,,,,,,,,,,
1961-09-30,,,,,,,,,,,,,,,567.664,,,,,,,,,,,,,,
1961-10-31,,,,,,,,,,,,,,,580.612,,,,,,,,,,,,,,
1961-11-30,,,,,,,,,,,,,,,580.612,,,,,,,,,,,,,,
1961-12-31,,,,,,,,,,,,,,,580.612,,,,,,,,,,,,,,
1962-01-31,,,,,,,,,,,,,,,594.013,,,,,,,,,,,,,,
1962-02-28,,,,,,,,,,,,,,,594.013,,,,,,,,,,,,,,
1962-03-31,,,,,,,,,,,,,,,594.013,,,,,,,,,,,,,,
1962-04-30,,,,,,,,,,,,,,,600.366,,,,,,,,,,,,,,
1962-05-31,,,,,,,,,,,,,,,600.366,,,,,,,,,,,,,,
1962-06-30,,,,,,,,,,,,,,,600.366,,,,,,,,,,,,,,
1962-07-31,,,,,,,,,,,,,,,609.027,,,,,,,,,,,,,,
1962-08-31,,,,,,,,,,,,,,,609.027,,,,,,,,,,,,,,
1962-09-30,,,,,,,,,,,,,,,609.027,,,,,,,,,,,,,,
1962-10-31,,,,,,,,,,,,,,,612.28,,,,,,,,,,,,,,
1962-11-30,,,,,,,,,,,,,,,612.28,,,,,,,,,,,,,,
1962-12-31,,,,,,,,,,,,,,,612.28,,,,,,,,,,,,,,
1963-01-31,,,,,,,,,,,,,,,621.672,,,,,,,,,,,,,,
1963-02-28,,,,,,,,,,,,,,,621.672,,,,,,,,,,,,,,
1963-03-31,,,,,,,,,,,,,,,621.672,,,,,,,,,,,,,,
1963-04-30,,,,,,,,,,,,,,,629.752,,,,,,,,,,,,,,
1963-05-31,,,,,,,,,,,,,,,629.752,,,,,,,,,,,,,,
1963-06-30,,,,,,,,,,,,,,,629.752,,,,,,,,,,,,,,
1963-07-31,,,,,,,,,,,,,,,644.444,,,,,,,,,,,,,,
1963-08-31,,,,,,,,,,,,,,,644.444,,,,,,,,,,,,,,
1963-09-30,,,,,,,,,,,,,,,644.444,,,,,,,,,,,,,,
1963-10-31,,,,,,,,,,,,,,,653.938,,,,,,,,,,,,,,
1963-11-30,,,,,,,,,,,,,,,653.938,,,,,,,,,,,,,,
1963-12-31,,,,,,,,,,,,,,,653.938,,,,,,,,,,,,,,
1964-01-31,,,,,,,,,,,,,,,669.822,,,,,,,,,,,,,,
1964-02-29,,,,,,,,,,,,,,,669.822,,,,,,,,,,,,,,
1964-03-31,,,,,,,,,,,,,,,669.822,,,,,,,,,,,,,,
1964-04-30,,,,,,,,,,,,,,,678.674,,,,,,,,,,,,,,
1964-05-31,,,,,,,,,,,,,,,678.674,,,,,,,,,,,,,,
1964-06-30,,,,,,,,,,,,,,,678.674,,,,,,,,,,,,,,
1964-07-31,,,,,,,,,,,,,,,692.031,,,,,,,,,,,,,,
1964-08-31,,,,,,,,,,,,,,,692.031,,,,,,,,,,,,,,
1964-09-30,,,,,,,,,,,,,,,692.031,,,,,,,,,,,,,,
1964-10-31,,,,,,,,,,,,,,,697.319,,,,,,,,,,,,,,
1964-11-30,,,,,,,,,,,,,,,697.319,,,,,,,,,,,,,,
1964-12-31,,,,,,,,,,,,,,,697.319,,,,,,,,,,,,,,
1965-01-31,,,,,,,,,,,,,,,717.79,,,,,,,,,,,,,,
1965-02-28,,,,,,,,,,,,,,,717.79,,,,,,,,,,,,,,
1965-03-31,,,,,,,,,,,,,,,717.79,,,,,,,,,,,,,,
1965-04-30,,,,,,,,,,,,,,,730.191,,,,,,,,,,,,,,
1965-05-31,,,,,,,,,,,,,,,730.191,,,,,,,,,,,,,,
1965-06-30,,,,,,,,,,,,,,,730.191,,,,,,,,,,,,,,
1965-07-31,,,,,,,,,,,,,,,749.323,,,,,,,,,,,,,,
1965-08-31,,,,,,,,,,,,,,,749.323,,,,,,,,,,,,,,
1965-09-30,,,,,,,,,,,,,,,749.323,,,,,,,,,,,,,,
1965-10-31,,,,,,,,,,,,,,,771.857,,,,,,,,,,,,,,
1965-11-30,,,,,,,,,,,,,,,771.857,,,,,,,,,,,,,,
1965-12-31,,,,,,,,,,,,,,,771.857,,,,,,,,,,,,,,
1966-01-31,,,,,,,,,,,,,,,795.734,,,,,,,,,,,,,,
1966-02-28,,,,,,,,,,,,,,,795.734,,,,,,,,,,,,,,
1966-03-31,,,,,,,,,,,,,,,795.734,,,,,,,,,,,,,,
1966-04-30,,,,,,,,,,,,,,,804.981,,,,,,,,,,,,,,
1966-05-31,,,,,,,,,,,,,,,804.981,,,,,,,,,,,,,,
1966-06-30,,,,,,,,,,,,,,,804.981,,,,,,,,,,,,,,
1966-07-31,,,,,,,,,,,,,,,819.638,,,,,,,,,,,,,,
1966-08-31,,,,,,,,,,,,,,,819.638,,,,,,,,,,,,,,
1966-09-30,,,,,,,,,,,,,,,819.638,,,,,,,,,,,,,,
1966-10-31,,,,,,,,,,,,,,,833.302,,,,,,,,,,,,,,
1966-11-30,,,,,,,,,,,,,,,833.302,,,,,,,,,,,,,,
1966-12-31,,,,,,,,,,,,,,,833.302,,,,,,,,,,,,,,
1967-01-31,,,,,,,,,,,,,,,844.17,,,,,,,,,,,,,,
1967-02-28,,,,,,,,,,,,,,,844.17,,,,,,,,,,,,,,
1967-03-31,,,,,,,,,,,,,,,844.17,,,,,,,,,,,,,,
1967-04-30,,,,,,,,,,,,,,,848.983,,,,,,,,,,,,,,
1967-05-31,,,,,,,,,,,,,,,848.983,,,,,,,,,,,,,,
1967-06-30,,,,,,,,,,,,,,,848.983,,,,,,,,,,,,,,
1967-07-31,,,,,,,,,,,,,,,865.233,,,,,,,,,,,,,,
1967-08-31,,,,,,,,,,,,,,,865.233,,,,,,,,,,,,,,
1967-09-30,,,,,,,,,,,,,,,865.233,,,,,,,,,,,,,,
1967-10-31,,,,,,,,,,,,,,,881.439,,,,,,,,,,,,,,
1967-11-30,,,,,,,,,,,,,,,881.439,,,,,,,,,,,,,,
1967-12-31,,,,,,,,,,,,,,,881.439,,,,,,,,,,,,,,
1968-01-31,,,,,,,,,,,,,,,909.387,,,,,,,,,,,,,,
1968-02-29,,,,,,,,,,,,,,,909.387,,,,,,,,,,,,,,
1968-03-31,,,,,,,,,,,,,,,909.387,,,,,,,,,,,,,,
1968-04-30,,,,,,,,,,,,,,,934.344,,,,,,,,,,,,,,
1968-05-31,,,,,,,,,,,,,,,934.344,,,,,,,,,,,,,,
1968-06-30,,,,,,,,,,,,,,,934.344,,,,,,,,,,,,,,
1968-07-31,,,,,,,,,,,,,,,950.825,,,,,,,,,,,,,,
1968-08-31,,,,,,,,,,,,,,,950.825,,,,,,,,,,,,,,
1968-09-30,,,,,,,,,,,,,,,950.825,,,,,,,,,,,,,,
1968-10-31,,,,,,,,,,,,,,,968.03,,,,,,,,,,,,,,
1968-11-30,,,,,,,,,,,,,,,968.03,,,,,,,,,,,,,,
1968-12-31,,,,,,,,,,,,,,,968.03,,,,,,,,,,,,,,
1969-01-31,,,,,,,,,,,,,,,993.337,,,,,,,,,,,,,,
1969-02-28,,,,,,,,,,,,,,,993.337,,,,,,,,,,,,,,
1969-03-31,,,,,,,,,,,,,,,993.337,,,,,,,,,,,,,,
1969-04-30,,,,,,,,,,,,,,,1009.02,,,,,,,,,,,,,,
1969-05-31,,,,,,,,,,,,,,,1009.02,,,,,,,,,,,,,,
1969-06-30,,,,,,,,,,,,,,,1009.02,,,,,,,,,,,,,,
1969-07-31,,,,,,,,,,,,,,,1029.956,,,,,,,,,,,,,,
1969-08-31,,,,,,,,,,,,,,,1029.956,,,,,,,,,,,,,,
1969-09-30,,,,,,,,,,,,,,,1029.956,,,,,,,,,,,,,,
1969-10-31,,,,,,,,,,,,,,,1038.147,,,,,,,,,,,,,,
1969-11-30,,,,,,,,,,,,,,,1038.147,,,,,,,,,,,,,,
1969-12-31,,,,,,,,,,,,,,,1038.147,,,,,,,,,,,,,,
1970-01-31,,,,,,,,,,,,,,,1051.2,,,,,,,,,,,,,,
1970-02-28,,,,,,,,,,,,,,,1051.2,,,,,,,,,,,,,,
1970-03-31,,,,,,,,,,,,,,,1051.2,,,,,,,,,,,,,,
1970-04-30,,,,,,,,,,,,,,,1067.375,,,,,,,,,,,,,,
1970-05-31,,,,,,,,,,,,,,,1067.375,,,,,,,,,,,,,,
1970-06-30,,,,,,,,,,,,,,,1067.375,,,,,,,,,,,,,,
1970-07-31,,,,,,,,,,,,,,,1086.059,,,,,,,,,,,,,,
1970-08-31,,,,,,,,,,,,,,,1086.059,,,,,,,,,,,,,,
1970-09-30,,,,,,,,,,,,,,,1086.059,,,,,,,,,,,,,,
1970-10-31,,,,,,,,,,,,,,,1088.608,,,,,,,,,,,,,,
1970-11-30,,,,,,,,,,,,,,,1088.608,,,,,,,,,,,,,,
1970-12-31,,,,,,,,,,,,,,,1088.608,,,,,,,,,,,,,,
1971-01-31,,,,,,,,,,,,,,,1135.156,,,,0.711,,,,,,,,,,
1971-02-28,,,,,,,,,,,,,,,1135.156,,,,0.88,,,,,,,,,,
1971-03-31,,,,,,,,,,,,,,,1135.156,,,,1.077,,,,,,,,,,
1971-04-30,,,,,,,,,,,,,,,1156.271,,,,1.426,,,,,,,,,,
1971-05-31,,,,,,,,,,,,,,,1156.271,,,,1.404,,,,,,,,,,
1971-06-30,,,,,,,,,,,,,,,1156.271,,,,1.03,,,,,,,,,,
1971-07-31,,,,,,,,,,,,,,,1177.675,,,,1.255,,,,,,,,,,
1971-08-31,,,,,,,,,,,,,,,1177.675,,,,2.039,,,,,,,,,,
1971-09-30,,,,,,,,,,,,,,,1177.675,,,,2.201,,,,,,,,,,
1971-10-31,,,,,,,,,,,,,,,1190.297,,,,1.577,,,,,,,,,,
1971-11-30,,,,,,,,,,,,,,,1190.297,,,,1.363,,,,,,,,,,
1971-12-31,,,,,,,,,,,,,,,1190.297,,,,1.318,,,,,,,,,,
1972-01-31,,,,,,,,,,,,,,,1230.609,,,,0.989,,,,,,,,,,
1972-02-29,,,,,,,,,,,,,,,1230.609,,,,0.608,,,,,,,,,,
1972-03-31,,,,,,,,,,,,,,,1230.609,,,,0.34,,,,,,,,,,
1972-04-30,,,,,,,,,,,,,,,1266.369,,,,0.154,,,,,,,,,,
1972-05-31,,,,,,,,,,,,,,,1266.369,,,,0.033,,,,,,,,,,
1972-06-30,,,,,,,,,,,,,,,1266.369,,,,0.216,,,,,,,,,,
1972-07-31,,,,,,,,,,,,,,,1290.566,,,,0.338,,,,,,,,,,
1972-08-31,,,,,,,,,,,,,,,1290.566,,,,0.159,,,,,,,,,,
1972-09-30,,,,,,,,,,,,,,,1290.566,,,,-0.112,,,,,,,,,,
1972-10-31,,,,,,,,,,,,,,,1328.904,,,,-0.177,,,,,,,,,,
1972-11-30,,,,,,,,,,,,,,,1328.904,,,,-0.251,,,,,,,,,,
1972-12-31,,,,,,,,,,,,,,,1328.904,,,,-0.211,,,,,,,,,,
1973-01-31,,,,,,,,,,,,,,,1377.49,,,,0.246,,,,,,,,,,
1973-02-28,,,,,,,,,,,,,,,1377.49,,,,0.916,,,,,,,,,,
1973-03-31,,,,,,,,,,,,,,,1377.49,,,,1.282,,,,,,,,,,
1973-04-30,,,,,,,,,,,,,,,1413.887,,,,1.208,,,,,,,,,,
1973-05-31,,,,,,,,,,,,,,,1413.887,,,,1.126,,,,,,,,,,
1973-06-30,,,,,,,,,,,,,,,1413.887,,,,1.286,,,,,,,,,,
1973-07-31,,,,,,,,,,,,,,,1433.838,,,,1.732,,,,,,,,,,
1973-08-31,,,,,,,,,,,,,,,1433.838,,,,2.312,,,,,,,,,,
1973-09-30,,,,,,,,,,,,,,,1433.838,,,,2.416,,,,,,,,,,
1973-10-31,,,,,,,,,,,,,,,1476.289,,,,2.233,,,,,,,,,,
1973-11-30,,,,,,,,,,,,,,,1476.289,,,,2.094,,,,,,,,,,
1973-12-31,,,,,,,,,,,,,,,1476.289,,,,1.769,,,,,,,,,,
1974-01-31,,,,,,,,,,,,,,,1491.209,,,,1.032,,,,,,,,,,
1974-02-28,,,,,,,,,,,,,,,1491.209,,,,0.476,,,,,,,,,,
1974-03-31,,,,,,,,,,,,,,,1491.209,,,,0.816,,,,,,,,,,
1974-04-30,,,,,,,,,,,,,,,1530.056,,,,1.904,,,,,,,,,,
1974-05-31,,,,,,,,,,,,,,,1530.056,,,,3.702,,,,,,,,,,
1974-06-30,,,,,,,,,,,,,,,1530.056,,,,4.88,,,,,,,,,,
1974-07-31,,,,,,,,,,,,,,,1560.026,,,,5.217,,,,,,,,,,
1974-08-31,,,,,,,,,,,,,,,1560.026,,,,4.65,,,,,,,,,,
1974-09-30,,,,,,,,,,,,,,,1560.026,,,,4.007,,,,,,,,,,9.373
1974-10-31,,,,,,,,,,,,,,,1599.679,,,,3.296,,,,,,,,,,9.424
1974-11-30,,,,,,,,,,,,,,,1599.679,,,,2.74,,,,,,,,,,9.524
1974-12-31,,,,,,,,,,,,,,,1599.679,,,,2.453,,,,,,,,,,9.563
1975-01-31,,,,,,,,,,,,,,,1616.116,,,,1.739,,,,,,,,,,9.606
1975-02-28,,,,,,,,,,,,,,,1616.116,,,,1.133,,,,,,,,,,9.564
1975-03-31,,,,,,,,,,,,,,,1616.116,,,,0.682,,,,,,,,,,9.652
1975-04-30,,,,,,,,,,,,,,,1651.853,,,,0.298,,,,,,,,,,9.722
1975-05-31,,,,,,,,,,,,,,,1651.853,,,,-0.077,,,,,,,,,,9.468
1975-06-30,,,,,,,,,,,,,,,1651.853,,,,-0.174,,,,,,,,,,9.505
1975-07-31,,,,,,,,,,,,,,,1709.82,,,,-0.159,,,,,,,,,,9.479
1975-08-31,,,,,,,,,,,,,,,1709.82,,,,-0.073,,,,,,,,,,9.559
1975-09-30,,,,,,,,,,,,,,,1709.82,,,,0.059,,,,,,,,,,9.547
1975-10-31,,,,,,,,,,,,,,,1761.831,,,,0.155,,,,,,,,,,9.472
1975-11-30,,,,,,,,,,,,,,,1761.831,,,,0.064,,,,,,,,,,9.565
1975-12-31,,,,,,,,,,,,,,,1761.831,,,,-0.186,,,,,,,,,,9.313
1976-01-31,,,,,,,,,,,,,,,1820.487,,,,-0.534,,,,,,,,,,8.649
1976-02-29,,,,,,,,,,,,,,,1820.487,,,,-0.695,,,,,,,,,,8.571
1976-03-31,,,,,,,,,,,,,,,1820.487,,,,-0.744,,,,,,,,,,8.647
1976-04-30,,,,,,,,,,,,,,,1852.332,,,,-0.627,,,,,,,,,,8.585
1976-05-31,,,,,,,,,,,,,,,1852.332,,,,-0.483,,,,,,,,,,8.639
1976-06-30,,,,,,,,,,,,,,,1852.332,,,7.02,-0.477,,,,,,,,,,8.714
1976-07-31,,,,,,,,,,,,,,,1886.558,,,6.74,-0.624,,,,,,,,,,8.637
1976-08-31,,,,,,,,,,,,,,,1886.558,,,6.5,-0.708,,,,,,,,,,8.505
1976-09-30,,,,,,,,,,,,,,,1886.558,,,6.33,-0.725,,,,,,,,,,8.558
1976-10-31,,,,,,,,,,,,,,,1934.273,,,6.03,-0.689,,,,,,,,,,8.55
1976-11-30,,,,,,,,,,,,,,,1934.273,,,5.42,-0.667,,,,,,,,,,8.526
1976-12-31,,,,,,,,,,,,,,,1934.273,,,5.34,-0.762,,,,,,,,,,8.493
1977-01-31,,,,,,,,,,,,,,,1988.648,,,6.18,-0.901,,,,,,,,,,8.334
1977-02-28,,,,,,,,,,,,,,,1988.648,,,6.08,-0.946,,,,,,,,,,8.106
1977-03-31,,,,,,,,,,,,,,,1988.648,,,6.01,-0.853,,,,,,,,,,8.168
1977-04-30,,,,,,,,,,,,,,,2055.909,,,6.14,-0.65,,,,,,,,,,7.477
1977-05-31,,,,,,,,,,,,,,,2055.909,,,6.18,-0.521,,,,,,,,,,7.146
1977-06-30,,,,,,,,,,,,,,,2055.909,,,6.08,-0.487,,,,,,,,,,7.026
1977-07-31,,,,,,,,,,,,,,,2118.473,,,6.5,-0.511,,,,,,,,,,6.528
1977-08-31,,,,,,,,,,,,,,,2118.473,,,6.59,-0.484,,,,,,,,,,6.621
1977-09-30,,,,,,,,,,,,,,,2118.473,,,6.82,-0.373,,,,,,,,,,6.717
1977-10-31,,,,,,,,,,,,,,,2164.27,,,7.23,-0.265,,,,,,,,,,6.49
1977-11-30,,,,,,,,,,,,,,,2164.27,,,7.11,-0.211,,,,,,,,,,6.422
1977-12-31,,,,,,,,,,,,,,,2164.27,,,7.22,-0.257,,,,,,,,,,6.105
1978-01-31,,,,,,,,,,,,,,,2202.76,,,7.47,-0.296,,,,,,,,,,5.64
1978-02-28,,,,,,,,,,,,,,,2202.76,,,7.57,-0.217,,,,,,,,,,5.69
1978-03-31,,,,,,,,,,,,,,,2202.76,,,7.7,0.043,,,,,,,,,,5.559
1978-04-30,,,,,,,,,,,,,,,2331.633,,,7.97,0.296,,,,,,,,,,5.533
1978-05-31,,,,,,,,,,,,,,,2331.633,,,8.12,0.528,,,,,,,,,,5.391
1978-06-30,,,,,,,,,,,,,,,2331.633,,,8.48,0.656,,,,,,,,,,
1978-07-31,,,,,,,,,,,,,,,2395.053,,,8.47,0.572,,,,,,,,,,
1978-08-31,,,,,,,,,,,,,,,2395.053,,,8.46,0.482,,,,,,,,,,
1978-09-30,,,,,,,,,,,,,,,2395.053,,,8.7,0.892,,,,,,,,,,
1978-10-31,,,,,,,,,,,,,,,2476.949,,,9.49,1.609,,,,,,,,,,
1978-11-30,,,,,,,,,,,,,,,2476.949,,,9.55,2.038,,,,,,,,,,
1978-12-31,,,,,,,,,,,,,,,2476.949,,,9.98,1.733,,,,,,,,,,
1979-01-31,,,,,,,,,,,,,,,2526.61,,,9.64,1.137,,,,,,,,,,
1979-02-28,,,,,,,,,,,,,,,2526.61,,,9.89,0.607,,,,,,,,,,
1979-03-31,,,,,,,,,,,,,,,2526.61,,,9.72,0.264,,,,,,,,,,
1979-04-30,,,,,,,,,,,,,,,2591.247,,,9.91,0.262,,,,,,,,,,
1979-05-31,,,,,,,,,,,,,,,2591.247,,,9.56,0.451,,,,,,,,,,
1979-06-30,,,,,,,,,,,,,,,2591.247,,,8.97,0.838,,,,,,,,,,
1979-07-31,,,,,,,,,,,,,,,2667.565,,,9.31,1.172,,,,,,,,,,
1979-08-31,,,,,,,,,,,,,,,2667.565,,,9.84,1.704,,,,,,,,,,7.735
1979-09-30,,,,,,,,,,,,,,,2667.565,,,10.1,2.199,,,,,,,,,,7.736
1979-10-31,,,,,,,,,,,,,,,2723.883,,,12.06,2.511,,,,,,,,,,8.257
1979-11-30,,,,,,,,,,,,,,,2723.883,,,11.33,2.308,,,,,,,,,,8.515
1979-12-31,,,,,,,,,,,,,,,2723.883,,,11.23,1.889,,,,,,,,,,8.556
1980-01-31,,,,,,,,,,,,,,,2789.842,,,11.75,1.785,,,,,,,,,,8.421
1980-02-29,,,,,,,,,,,,,,,2789.842,,,14.73,2.693,,,,,,,,,,9.329
1980-03-31,,,,,,,,,,,,,,,2789.842,,,14.63,3.756,,,,,,,,,,10.937
1980-04-30,,,,,,,,,,,,,,,2797.352,,,10.81,3.942,,,,,,,,,,10.823
1980-05-31,,,,,,,,,,,,,,,2797.352,,,9.25,2.711,,,,,,,,,,9.027
1980-06-30,,,,,,,,,,,,,,,2797.352,,,8.97,1.506,,,,,,,,,,8.798
1980-07-31,,,,,,,,,,,,,,,2856.483,,,9.72,0.827,,,,,,,,,,9.191
1980-08-31,,,,,,,,,,,,,,,2856.483,,,11.36,0.882,,,,,,,,,,9.435
1980-09-30,,,,,,,,,,,,,,,2856.483,,,12.13,1.223,,,,,,,,,,9.548
1980-10-31,,,,,,,,,,,,,,,2985.557,,,13.08,1.989,,,,,,,,,,9.323
1980-11-30,,,,,,,,,,,,,,,2985.557,,,14.13,2.881,,,,,,,,,,9.67
1980-12-31,,,,,,,17313.0,,,,,,,,2985.557,,,13.06,3.327,,,,,,,,,,9.757
1981-01-31,,,,,,,16303.0,,,,,,,,3124.206,,,13.26,2.701,,,,,,,,,,8.653
1981-02-28,,,,,,,16324.0,,,,,,,,3124.206,,,14.08,1.966,,,,,,,,,,8.754
1981-03-31,,,,,,,16877.0,,,,,,,,3124.206,,,13.17,1.666,,,,,,,,,,8.008
1981-04-30,,,,,,,16868.0,,,,,,,,3162.532,,,14.84,1.928,,,,,,,,,,8.026
1981-05-31,,,,,,,17082.0,,,,,,,,3162.532,,,14.4,2.707,,,,,,,,,,8.702
1981-06-30,,,,,,,17421.0,,,,,,,,3162.532,,,14.66,3.32,,,,,,,,,,8.613
1981-07-31,,,,,,,17690.0,,,,,,,,3260.609,,,15.84,3.526,,,,,,,,,,8.474
1981-08-31,,,,,,,17722.0,,,,,,,,3260.609,,,16.73,3.27,,,,,,,,,,8.622
1981-09-30,,,,,,,17381.0,,,,,,,,3260.609,,,16.69,2.99,,,,,,,,,,8.474
1981-10-31,,,,,,,17086.0,,,,,,,,3280.818,,,14.59,2.711,,,,,,,,,,8.25
1981-11-30,,,,,,,17625.0,,,,,,,,3280.818,,,12.36,2.39,,,,,,,,,,7.917
1981-12-31,,,,,,,18394.0,,,,,,,,3280.818,,,13.63,2.075,,,,,,,,,,7.514
1982-01-31,,,,,,,17499.0,,,,,,,,3274.302,,,14.24,1.906,,,,,,,,,,7.435
1982-02-28,,,,,,,17168.0,,,,,,,,3274.302,,,14.44,2.007,,,,,,,,,,7.419
1982-03-31,,,,,,,18533.0,,,,,,,,3274.302,,,14.52,2.109,,,,,,,,,,7.128
1982-04-30,,,,,,,17322.0,,,,,,,,3331.972,,,13.99,2.264,,,,,,,,,,7.12
1982-05-31,,,,,,,17284.0,,,,,,,,3331.972,,,13.62,2.598,,,,,,,,,,7.597
1982-06-30,,,,,,,18336.0,,,,,,,,3331.972,,,14.66,2.924,,,,,,,,,,8.138
1982-07-31,,,,,,,17313.0,,,,,,,,3366.322,,,13.17,3.051,,,,,,,,,,7.999
1982-08-31,,,,,,,17467.0,,,,,,,,3366.322,,,11.99,3.353,,,,,,,,,,7.986
1982-09-30,,,,,,,17030.0,,,,,,,,3366.322,,,11.23,3.394,,,,,,,,,,8.028
1982-10-31,,,,,,,16869.0,,,,,,,,3402.561,,,9.85,2.162,,,,,,,,,,7.991
1982-11-30,,,,,,,17113.0,,,,,,,,3402.561,,,9.96,1.134,,,,,,,,,,7.75
1982-12-31,,,,,,,18412.0,,,,,,,,3402.561,,,9.48,0.537,,,,,,,,,,7.065
1983-01-31,,,,,,,17167.0,,,,,,,,3473.413,,,9.58,0.244,,,,,,,,,,7.143
1983-02-28,,,,,,,16982.0,,,,,,,,3473.413,,,9.31,0.068,,,,,,,,,,6.957
1983-03-31,,,,,,,17336.0,,,,,,,,3473.413,,,9.87,0.014,,,,,,,,,,7.002
1983-04-30,,,,,,,17925.0,,,,,,,,3578.848,,,9.35,-0.091,,,,,,,,,,6.843
1983-05-31,,,,,,,17661.0,,,,,,,,3578.848,,,10.02,-0.188,,,,,,,,,,6.989
1983-06-30,,,,,,,17991.0,,,,,,,,3578.848,,,10.23,-0.171,,,,,,,,,,6.851
1983-07-31,,,,,,,18142.0,,,,,,,,3689.179,,,11.03,-0.084,,,,,,,,,,6.985
1983-08-31,,,,,,,18149.0,,,,,,,,3689.179,,,11.18,-0.082,,,,,,,,,,6.972
1983-09-30,,,,,,,17626.0,,,,,,,,3689.179,,,10.53,-0.082,,,,,,,,,,6.769
1983-10-31,,,,,,,17481.0,,,,,,,,3794.706,,,10.61,0.01,,,,,,,,,,6.651
1983-11-30,,,,,,,18105.0,,,,,,,,3794.706,,,10.67,0.101,,,,,,,,,,6.566
1983-12-31,,,,,,,18478.0,,,,,,,,3794.706,,,10.85,0.06,,,,,,,,,,6.383
1984-01-31,,,,,,,18199.0,,,,,,,,3908.054,,,10.58,-0.095,,,,,,,,,,6.295
1984-02-29,,,,,,,18052.0,,,,,,,,3908.054,,,10.99,-0.194,,,,,,,,,,6.399
1984-03-31,,,,,,,18874.0,,,,,,,,3908.054,,,11.6,-0.029,,,,,,,,,,6.285
1984-04-30,,,,,,,18087.0,,,,,,,,4009.601,,,11.89,0.383,,,,,,,,,,6.308
1984-05-31,,,,,,,18430.0,,,,,,,,4009.601,,,13.0,0.893,,,,,,,,,,6.958
1984-06-30,,,,,,,18421.0,,,,,,,,4009.601,,,13.17,1.219,,,,,,,,,,6.783
1984-07-31,,,,,,,19267.0,,,,,,,,4084.25,,,12.57,1.016,,,,,,,,,,6.749
1984-08-31,,,,,,,17783.0,,,,,,,,4084.25,,,12.54,0.576,,,,,,,,,,6.46
1984-09-30,,,,,,,17628.0,,,,,,,,4084.25,,,12.07,0.324,,,,,,,,,,6.348
1984-10-31,,,,,,,18608.0,,,,,,,,4148.551,,,11.09,0.107,,,,,,,,,,6.218
1984-11-30,,,,,,,18447.0,,,,,,,,4148.551,,,10.5,-0.117,,,,,,,,,,6.158
1984-12-31,,,,,,,19237.0,,,,,,,,4148.551,,,10.02,-0.28,,,,,,,,,,5.989
1985-01-31,,,,,,,18601.0,,,,,,,,4230.168,,,9.9,-0.387,,,,,,,,,,5.893
1985-02-28,,,,,,,18692.0,,,,,,,,4230.168,,,10.66,-0.348,,,,,,,,,,6.583
1985-03-31,,,,,,,18749.0,,,,,,,,4230.168,,,10.43,-0.267,,,,,,,,,,6.506
1985-04-30,,,,,,,18395.0,,,,,,,,4294.887,,,9.91,-0.332,,,,,,,,,,6.498
1985-05-31,,,,,,,19272.0,,,,,,,,4294.887,,,8.92,-0.459,,,,,,,,,,6.411
1985-06-30,,,,,,,19037.0,,,,,,,,4294.887,,,8.67,-0.437,,,,,,,,,,6.317
1985-07-31,,,,,,,19495.0,,,,,,,,4386.773,,,9.01,-0.314,,,,,,,,,,6.293
1985-08-31,,,,,,,18907.0,,,,,,,,4386.773,,,8.96,-0.142,,,,,,,,,,6.127
1985-09-30,,,,,,,19059.0,,,,,,,,4386.773,,,8.88,-0.139,,,,,,,,,,6.064
1985-10-31,,,,,,,20085.0,,,,,,,,4444.094,,,8.7,-0.267,,,,,,,,,,6.831
1985-11-30,,,,,,,20758.0,,,,,,,,4444.094,,,8.46,-0.328,,,,,,,,,,6.739
1985-12-31,,,,,,,21588.0,,,,,,,,4444.094,,,7.98,-0.263,,,,,,,,,,5.912
1986-01-31,,,,,,,20596.0,,,,,,,,4507.894,,,7.99,-0.254,,,,,,,,,,5.866
1986-02-28,,,,,,,19221.0,,,,,,,,4507.894,,,7.71,-0.293,,,,,,,,,,5.329
1986-03-31,,,,,,,20087.0,,,,,,,,4507.894,,,6.92,-0.329,,,,,,,,,,4.834
1986-04-30,,,,,,,20333.0,,,,,,,,4545.34,,,6.83,-0.416,,,,,,,,,,4.634
1986-05-31,,,,,,,20479.0,,,,,,,,4545.34,,,7.36,-0.47,,,,,,,,,,5.015
1986-06-30,,,,,,,19913.0,,,,,,,,4545.34,,,6.81,-0.438,,,,,,,,,,4.95
1986-07-31,,,,,,,19872.0,,,,,,,,4607.669,,,6.57,-0.487,,,,,,,,,,4.884
1986-08-31,,,,,,,19329.0,,,,,,,,4607.669,,,5.94,-0.583,,,,,,,,,,4.642
1986-09-30,,,,,,,19708.0,,,,,,,,4607.669,,,6.38,-0.547,,,,,,,,,,4.846
1986-10-31,,,,,,,20087.0,,,,,,,,4657.627,,,6.26,-0.537,,,,,,,,,,4.657
1986-11-30,,,,,,,19774.0,,,,,,,,4657.627,,,6.21,-0.547,,,,,,,,,,4.64
1986-12-31,,,,,,,20945.0,,,,,,,,4657.627,,,6.35,-0.505,,,,,,,,,,4.435
1987-01-31,,,,,,,19189.0,,,,,,,,4722.156,,,6.33,-0.48,,,,,,,,,,3.981
1987-02-28,,,,,,,19312.0,,,,,,,,4722.156,,,6.35,-0.431,,,,,,,,,,3.925
1987-03-31,,,,,,,19294.0,,,,,,,,4722.156,,,6.54,-0.172,,,,,,,,,,3.506
1987-04-30,,,,,,,20299.0,,,,,,,,4806.16,,,7.38,0.307,,,,,,,,,,3.256
1987-05-31,,,,,,,20382.0,,,,,,,,4806.16,,,7.69,0.621,,,,,,,,,,3.307
1987-06-30,,,,,,,20775.0,,,,,,,,4806.16,,,7.48,0.425,,,,,,,,,,3.725
1987-07-31,,,,,,,21468.0,,,,,,,,4884.555,,,7.63,0.047,,,,,,,,,,4.038
1987-08-31,,,,,,,21091.0,,,,,,,,4884.555,,,7.97,0.035,,,,,,,,,,3.947
1987-09-30,,,,,,,20905.0,,,,,,,,4884.555,,,8.6,0.489,,,,,,,,,,4.85
1987-10-31,,,,,,,21003.0,,,,,,,,5007.994,,,7.58,1.104,,,,,,,,,,4.188
1987-11-30,,,,,,,21466.0,,,,,,,,5007.994,,,7.73,1.114,,,,,,,,,,4.001
1987-12-31,,,,,,,23478.0,,,,,,,,5007.994,,,7.77,0.837,,,,,,,,,,3.804
1988-01-31,,,,,,,19970.0,,,,,,,,5073.372,,,7.22,0.364,,,,,,,,,,3.731
1988-02-29,,,,,,,20646.0,,,,,,,,5073.372,,,7.13,0.135,,,,,,,,,,3.7
1988-03-31,,,,,,,21271.0,,,,,,,,5073.372,,,7.41,0.134,,,,,,,,,,3.496
1988-04-30,,,,,,,20569.0,,,,,,,,5190.036,,,7.73,0.249,,,,,,,,,,3.447
1988-05-31,,,,,,,21299.0,,,,,,,,5190.036,,,8.21,0.257,,,,,,,,,,3.871
1988-06-30,,,,,,,22357.0,,,,,,,,5190.036,,,8.02,0.304,,,,,,,,,,4.143
1988-07-31,,,,,,,22291.0,,,,,,,,5282.835,,,8.39,0.433,,,,,,,,,,4.148
1988-08-31,,,,,,,22457.0,,,,,,,,5282.835,,,8.71,0.4,,,,,,,,,,4.484
1988-09-30,,,,,,,22144.0,,,,,,,,5282.835,,,8.43,0.254,,,,,,,,,,4.308
1988-10-31,,,,,,,22089.0,,,,,,,,5399.509,,,8.25,0.187,,,,,,,,,,4.039
1988-11-30,,,,,,,21867.0,,,,,,,,5399.509,,,8.84,0.158,,,,,,,,,,3.94
1988-12-31,,,,,,,24523.0,,,,,,,,5399.509,,,9.14,0.144,,,,,,,,,,3.897
1989-01-31,,,,,,,21413.0,,,,,,,,5511.253,,,9.12,0.189,,,,,,,,,,4.016
1989-02-28,,,,,,,21504.0,,,,,,,,5511.253,,,9.55,0.409,,,,,,,,,,4.524
1989-03-31,,,,,,,21844.0,,,,,,,,5511.253,,,9.73,0.716,,,,,,,,,,4.702
1989-04-30,,,,,,,22220.0,,,,,,,,5612.463,,,9.22,0.621,,,,,,,,,,4.775
1989-05-31,,,,,,,23389.0,,,,,,,,5612.463,,,8.82,0.366,,,,,,,,,,5.097
1989-06-30,,,,,,,23428.0,,,,,,,,5612.463,,,8.08,0.26,,,,,,,,,,5.108
1989-07-31,,,,,,,23207.0,,,,,,,,5695.365,,,7.53,0.211,,,,,,,,,,5.011
1989-08-31,,,,,,,22546.0,,,,,,,,5695.365,,,8.42,0.241,,,,,,,,,,4.948
1989-09-30,,,,,,,22322.0,,,,,,,,5695.365,,,8.46,0.384,,,,,,,,,,5.214
1989-10-31,,,,,,,22493.0,,,,,,,,5747.237,,,7.85,0.305,,,,,,,,,,5.628
1989-11-30,,,,,,,22663.0,,,,,,,,5747.237,,,7.75,0.103,,,,,,,,,,5.906
1989-12-31,,,,,,,24520.0,,,,,,,,5747.237,,,7.87,0.026,,,,,,,,,,6.008
1990-01-31,,,,,,,23060.0,,,,,,,,5872.701,,,8.28,0.063,,,,,,,,,,6.595
1990-02-28,,,,,,,22891.0,,,,,,,,5872.701,,,8.43,0.05,,,,,,,,,,6.974
1990-03-31,,,,,,,22889.0,,,,,,,,5872.701,,,8.64,0.077,,,,,,,,,,7.356
1990-04-30,,,,,,,23006.0,,,,,,,,5960.028,,,8.96,0.111,,,,,,,,,,7.117
1990-05-31,,,,,,,23131.0,,,,,,,,5960.028,,,8.5,-0.005,,,,,,,,,,6.605
1990-06-30,,,,,,,23722.0,,,,,,,,5960.028,,,8.24,-0.155,,,,,,,,,,6.951
1990-07-31,,,,,,,23749.0,,,,,,,,6015.116,,,7.91,-0.072,,,,,,,,,,7.41
1990-08-31,,,,,,,23366.0,,,,,,,,6015.116,,,8.07,0.187,,,,,,,,,,7.9
1990-09-30,,,,,,,23197.0,,,,,,,,6015.116,,,8.02,0.383,,,,,,,,,,8.405
1990-10-31,,,,,,,23453.0,,,,,,,,6004.733,,,7.77,0.458,,,,,,,,,,7.405
1990-11-30,,,,,,,23686.0,,,,,,,,6004.733,,,7.53,0.475,,,,,,,,,,7.259
1990-12-31,,,,,,,25211.0,,,,,,,,6004.733,,,7.15,0.523,,,,,,,,,,7.054
1991-01-31,,,,,,,22611.0,,,,,,,,6035.178,,,7.05,0.393,,,,,,,,,,6.898
1991-02-28,,,,,,,22592.0,,,,,,,,6035.178,,,7.04,0.101,,,,,,,,,,6.645
1991-03-31,,,,,,,23682.0,,,,,,,,6035.178,,,7.02,-0.149,,,,,,,,,,6.804
1991-04-30,,,,,,,23304.0,,,,,,,,6126.862,,,6.8,-0.235,,,,,,,,,,6.941
1991-05-31,,,,,,,23977.0,,,,,,,,6126.862,,,6.68,-0.237,,,,,,,,,,6.757
1991-06-30,,,,,,,24725.0,,,,,,,,6126.862,,,6.9,-0.27,,,,,,,,,,7.019
1991-07-31,,,,,,,24817.0,,,,,,,,6205.937,,,6.81,-0.413,,,,,,,,,,6.702
1991-08-31,,,,,,,24323.0,,,,,,,,6205.937,,,6.36,-0.538,,,,,,,,,,6.376
1991-09-30,,,,,,,24837.0,,,,,,,,6205.937,,,5.99,-0.558,,,,,,,,,,5.785
1991-10-31,,,,,,,24621.0,,,,,,,,6264.54,,,5.7,-0.579,,,,,,,,,,5.576
1991-11-30,,,,,,,24760.0,,,,,,,,6264.54,,,5.38,-0.626,,,,,,,,,,5.543
1991-12-31,,,,,,,26454.0,,,,,,,,6264.54,,,4.77,-0.661,,,,,,,,,,5.103
1992-01-31,,,,,,,23566.0,,,,,,,,6363.102,,,5.11,-0.656,,,,,,,,,,4.606
1992-02-29,,,,,,,23492.0,,,,,,,,6363.102,,,5.27,-0.654,,,,,,,,,,4.663
1992-03-31,,,,,,,24262.0,,,,,,,,6363.102,,,5.6,-0.682,,,,,,,,,,4.644
1992-04-30,,,,,,,24697.0,,,,,,,,6470.763,,,5.46,-0.76,,,,,,,,,,4.52
1992-05-31,,,,,,,25167.0,,,,,,,,6470.763,,,5.19,-0.86,,,,,,,,,,4.738
1992-06-30,,,,,,,25672.0,,,,,,,,6470.763,,,4.83,-0.916,,,,,,,,,,4.453
1992-07-31,,,,,,,26057.0,,,,,,,,6566.641,,,4.42,-0.938,,,,,,,,,,3.871
1992-08-31,,,,,,,25305.0,,,,,,,,6566.641,,,4.15,-0.899,,,,,,,,,,3.776
1992-09-30,,,,,,,26810.0,,,,,,,,6566.641,,,3.8,-0.803,,,,,,,,,,3.637
1992-10-31,,,,,,,25723.0,,,,,,,,6680.803,,,4.4,-0.681,,,,,,,,,,3.508
1992-11-30,,,,,,,26336.0,,,,,,,,6680.803,,,4.79,-0.734,,,,,,,,,,3.616
1992-12-31,,,,,,,28212.0,,,,,,,,6680.803,,,4.56,-0.881,,,,,,,,,,3.612
1993-01-31,,,,,,,24910.0,,,,,,,,6729.459,,,4.2,-0.957,,,,,,,,,,3.372
1993-02-28,,,,,,,25364.0,,,,,,,,6729.459,,,3.92,-0.955,,,,,,,,,,3.077
1993-03-31,,,,,,,26006.0,,,,,,,,6729.459,,,3.96,-0.974,,,,,,,,,,3.446
1993-04-30,,,,,,,26480.0,,,,,,,,6808.939,,,3.83,-0.993,,,,,,,,,,3.314
1993-05-31,,,,,,,26764.0,,,,,,,,6808.939,,,4.24,-0.982,,,,,,,,,,3.457
1993-06-30,,,,,,,27422.0,,,,,,,,6808.939,,,4.03,-1.02,,,,,,,,,,3.094
1993-07-31,,,,,,,27583.0,,,,,,,,6882.098,,,4.13,-1.091,,,,,,,,,,2.977
1993-08-31,,,,,,,27250.0,,,,,,,,6882.098,,,3.88,-1.09,,,,,,,,,,2.836
1993-09-30,,,,,,,27181.0,,,,,,,,6882.098,,,3.89,-1.05,,,,,,,,,,2.608
1993-10-31,,,,,,,27494.0,,,,,,,,7013.738,,,3.99,-0.966,,,,,,,,,,2.137
1993-11-30,,,,,,,27127.0,,,,,,,,7013.738,,,4.22,-0.938,,,,,,,,,,1.754
1993-12-31,,,,,,,29726.0,,,,,,,,7013.738,,,4.25,-1.004,,,,,,,,,,1.64
1994-01-31,,,,,,,26282.0,,,,,,,,7115.652,,,4.12,-1.013,,,,,,,,,,2.272
1994-02-28,,,,,,,26850.0,,,,,,,,7115.652,,,4.67,-0.92,,,,,,,,,,2.52
1994-03-31,,,,,,,28226.0,,,,,,,,7115.652,,,5.21,-0.79,,,,,,,,,,2.526
1994-04-30,,,,,,,27481.0,,,,,,,,7246.931,,,5.73,-0.72,,,,,,,,,,2.574
1994-05-31,,,,,,,28778.0,,,,,,,,7246.931,,,6.01,-0.719,,,,,,,,,,2.391
1994-06-30,,,,,,,27940.0,,,,,,,,7246.931,,,6.19,-0.714,,,,,,,,,,2.586
1994-07-31,,,,,,,28011.0,,,,,,,,7331.075,,,5.99,-0.77,,,,,,,,,,2.659
1994-08-31,,,,,,,28334.0,,,,,,,,7331.075,,,6.17,-0.806,,,,,,,,,,3.102
1994-09-30,,,,,,,27555.0,,,,,,,,7331.075,,,6.62,-0.693,,,,,,,,,,2.908
1994-10-31,,,,,,,27450.0,,,,,,,,7455.288,,,6.84,-0.6,,,,,,,,,,3.218
1994-11-30,,,,,,,27649.0,,,,,,,,7455.288,,,7.4,-0.502,,,,,,,,,,3.084
1994-12-31,,,,,,,30180.0,,,,,,,,7455.288,,,7.69,-0.403,,,,,,,,,,2.922
1995-01-31,,,,,,,27141.0,,,,,,,,7522.289,,,7.26,-0.504,,,,,,,,,,2.818
1995-02-28,,,,,,,27442.0,,,,,,,,7522.289,,,6.79,-0.621,,,,,,,,,,2.657
1995-03-31,,,,,,,27581.0,,,,,,,,7522.289,,,6.8,-0.637,,,,,,,,,,1.969
1995-04-30,,,,,,,27879.0,,,,,,,,7580.997,,,6.6,-0.669,,,,,,,,,,1.755
1995-05-31,,,,,,,28461.0,,,,,,,,7580.997,,,5.89,-0.708,,,,,,,,,,1.026
1995-06-30,,,,,,,28875.0,,,,,,,,7580.997,,,5.79,-0.668,,,,,,,,,,1.126
1995-07-31,,,,,,,28906.0,,,,,,,,7683.125,,,5.88,-0.676,,,,,,,,,,0.932
1995-08-31,,,,,,,29042.0,,,,,,,,7683.125,,,5.85,-0.708,,,,,,,,,,1.028
1995-09-30,,,,,,,28362.0,,,,,,,,7683.125,,,5.83,-0.693,,,,,,,,,,0.574
1995-10-31,,,,,,,28003.0,,,,,,,,7772.586,,,5.61,-0.709,,,,,,,,,,0.51
1995-11-30,,,,,,,28251.0,,,,,,,,7772.586,,,5.36,-0.748,,,,,,,,,,0.377
1995-12-31,,,,,,,30046.0,,,,,,,,7772.586,,,5.18,-0.739,,,,,,,,,,0.739
1996-01-31,,,,,,,27538.0,,,,,,,,7868.468,,,4.93,-0.789,,,,,,,,,,0.942
1996-02-29,,,,,,,27535.0,,,,,,,,7868.468,,,5.44,-0.817,,,,,,,,,,1.313
1996-03-31,,,,,,,27273.0,,,,,,,,7868.468,,,5.79,-0.716,,,,,,,,,,1.021
1996-04-30,,,,,,,27050.0,,,,,,,,8032.84,,,6.03,-0.682,,,,,,,,,,1.361
1996-05-31,,,,,,,27936.0,,,,,,,,8032.84,,,6.27,-0.714,,,,,,,,,,1.106
1996-06-30,,,,,,,28468.0,,,,,,,,8032.84,,,6.11,-0.698,,,,,,,,,,1.147
1996-07-31,,,,,,,28867.0,,,,,,,,8131.408,,,6.22,-0.708,,,,,,,,,,1.297
1996-08-31,,,,,,,28681.0,,,,,,,,8131.408,,,6.34,-0.741,,,,,,,,,,0.779
1996-09-30,,,,,,,28047.0,,,,,,,,8131.408,,,6.1,-0.728,,,,,,,,,,0.854
1996-10-31,,,,,,,28226.0,,,,,,,,8259.771,,,5.77,-0.761,,,,,,,,,,0.621
1996-11-30,,,,,,,28030.0,,,,,,,,8259.771,,,5.59,-0.767,,,,,,,,,,0.609
1996-12-31,,,,,,,30442.0,,,,,,,,8259.771,,,5.88,-0.702,,,,,,,,,,0.669
1997-01-31,,,,,,,27624.0,,,,,,,,8362.655,,,5.94,-0.706,,,,,,,,,,0.556
1997-02-28,,,,,,,27611.0,,,,,,,,8362.655,,,6.09,-0.732,,,,,,,,,,0.563
1997-03-31,,,,,,,28792.0,,,,,,,,8362.655,,,6.45,-0.687,,,,,,,,,,0.696
1997-04-30,,,,,,,29280.0,,,,,,,,8518.825,,,6.29,-0.635,,,,,,,,,,0.939
1997-05-31,,,,,,,28805.0,,,,,,,,8518.825,,,6.22,-0.624,,,,,,,,,,1.141
1997-06-30,,,,,,,29147.0,,,,,,,,8518.825,,,6.08,-0.637,,,,,,,,,,0.939
1997-07-31,,,,,,,29860.0,,,,,,,,8662.823,,,5.74,-0.655,,,,,,,,,,0.728
1997-08-31,,,,,,,29767.0,,,,,,,,8662.823,,,5.97,-0.645,,,,,,,,,,0.588
1997-09-30,,,,,,,29468.0,,,,,,,,8662.823,,,5.8,-0.61,,,,,,,,,,0.612
1997-10-31,,,,,,,29487.0,,,,,,,,8765.907,,,5.63,-0.508,,,,,,,,,,0.545
1997-11-30,,,,,,,29958.0,,,,,,,,8765.907,,,5.76,-0.47,,,,,,,,,,0.503
1997-12-31,,,,,,,31749.0,,,,,,,,8765.907,,,5.66,-0.51,,,,,,,,,,0.652
1998-01-31,,,,,,,29653.0,,,,,,,,8866.48,,,5.32,-0.598,,,,,,,,,,0.796
1998-02-28,,,,,,,29753.0,,,,,,,,8866.48,,,5.55,-0.638,,,,,,,,,,0.643
1998-03-31,,,,,,,29635.0,,,,,,,,8866.48,,,5.6,-0.625,,,,,,,,,,0.628
1998-04-30,,,,,800652.0,,30139.0,,,,,,,,8969.699,,,5.59,-0.603,,,,,,,,,,0.527
1998-05-31,,,,,771888.0,,30653.0,,,,,,,,8969.699,,,5.53,-0.569,,,,,,,,,,0.438
1998-06-30,,,,,753964.0,,30820.0,,,,,,,,8969.699,,,5.49,-0.554,,,,,,,,,,0.588
1998-07-31,,,,,724375.0,,31426.0,,,,,,,,9121.097,,,5.49,-0.508,,,,,,,,,,0.541
1998-08-31,,,,,763742.0,,31325.0,,,,,,,,9121.097,,,4.91,-0.309,,,,,,,,,,0.432
1998-09-30,,,,,783667.0,,32105.0,,,,,,,,9121.097,,,4.3,-0.058,,,,,,,,,,0.379
1998-10-31,,,,,775368.0,,31985.0,,,,,,,,9293.991,,,4.12,0.005,,,,,,,,,,0.32
1998-11-30,,,,,883012.0,,31624.0,,,,,,,,9293.991,,,4.54,-0.106,,,,,,,,,,0.334
1998-12-31,,,,,912382.0,,34515.0,,,,,,,,9293.991,,,4.54,-0.185,,,,,,,,,,0.802
1999-01-31,,,,694638.0,797188.0,,31258.0,,5.0,6.0,0.25,4.75,3.0,,9411.682,,,4.58,-0.269,,1.670792,0.763359,0.114286,1.564723,0.660066,,,4.2674,0.682
1999-02-28,,,,692641.0,755897.0,,33012.0,,5.0,5.5,0.25,4.75,3.0,,9411.682,,,5.13,-0.351,,1.60593,0.735947,-0.114416,1.41844,0.659341,,,4.7117,0.4
1999-03-31,,,,699396.0,797450.0,,32799.0,,4.75,5.5,,4.75,3.0,,9411.682,,,4.99,-0.402,,1.726264,0.925456,-0.342075,1.697313,0.987925,,,4.6399,0.348
1999-04-30,,,,698296.0,791152.0,,32461.0,,4.75,5.25,,4.75,2.5,,9526.21,,,5.08,-0.423,,2.276923,1.062888,-0.113766,1.547117,1.648352,,,4.8777,0.204
1999-05-31,,,,705060.0,744742.0,,33033.0,,4.5,5.25,,4.75,2.5,,9526.21,,,5.42,-0.398,,2.088452,0.934343,-0.340522,1.40056,1.533406,,,5.1326,0.12
1999-06-30,,,,695644.0,734211.0,,34710.0,,4.5,5.0,,5.0,2.5,,9526.21,,,5.53,-0.326,,1.96319,0.870772,-0.341686,1.402525,1.641138,,,5.4629,0.476
1999-07-31,,,,739725.0,686329.0,,33803.0,,4.5,5.0,,5.0,2.5,,9686.626,,,5.63,-0.206,,2.144608,1.009209,-0.114548,1.267606,1.859956,,,5.8028,0.407
1999-08-31,,,,733966.0,680224.0,,33746.0,,4.5,5.0,,5.25,2.5,,9686.626,,,5.73,-0.144,,2.264382,1.097238,0.344037,1.264045,2.078775,,,5.7895,0.375
1999-09-30,,,,728600.0,688207.0,,34124.0,,4.5,5.25,,5.25,2.5,,9686.626,,,5.63,-0.093,,2.628362,1.224129,-0.227531,1.258741,2.631579,,,6.2387,0.293
1999-10-31,,,,742624.0,680064.0,,34615.0,,4.5,5.25,,5.25,2.5,,9900.169,,,5.79,-0.102,,2.560976,1.312966,-0.677966,1.118881,2.292576,,,6.1203,0.286
1999-11-30,,,,743495.0,841508.0,,35044.0,,4.75,5.5,,5.5,3.0,,9900.169,,,6.01,-0.16,,2.621951,1.451837,-1.131222,1.117318,2.183406,,,6.0767,0.411
1999-12-31,,,,803192.0,1113478.0,,42715.0,,4.75,5.5,,5.5,3.0,,9900.169,,,6.24,-0.165,,2.684564,1.728707,-1.135074,1.114206,2.628697,,,6.0892,0.36
2000-01-31,,,,772748.85,905251.0,,34537.0,,4.75,5.75,,5.5,3.0,,10002.179,,,6.61,-0.205,,2.738892,1.843434,-0.684932,0.70028,2.185792,,,6.4025,0.403
2000-02-29,,,,752207.4057,941085.0,,35170.0,,5.0,6.0,,5.75,3.25,,10002.179,,,6.53,-0.186,,3.221884,1.939791,-0.572738,0.979021,2.729258,,,6.1261,0.409
2000-03-31,,,,774420.8192,1062017.0,,34234.0,,5.25,6.0,,6.0,3.5,,10002.179,,,6.5,-0.087,,3.757576,1.959553,-0.572082,0.556328,3.043478,,,5.9774,0.493
2000-04-30,,,,782962.0,797289.0,,34864.0,,5.25,6.0,,6.0,3.75,,10247.72,,,6.68,-0.026,,3.068592,1.715287,-0.797267,0.554017,2.162162,,,5.8155,0.437
2000-05-31,,,,779222.0,838507.0,,35544.0,,5.75,6.0,,6.5,3.75,,10247.72,,,6.69,0.033,,3.188929,1.751313,-0.683371,0.552486,2.373247,,,5.8117,0.403
2000-06-30,,,,812468.0,837194.0,,35983.0,,5.75,6.0,,6.5,4.25,,10247.72,,,6.38,0.006,,3.730445,2.139372,-0.571429,0.829876,2.798708,,,5.7004,0.524
2000-07-31,,,,800725.2058,807840.0,,34926.0,,5.75,6.0,,6.5,4.25,,10318.165,,6.64,6.3,-0.111,,3.659268,2.098164,-0.458716,0.834492,2.900107,,,5.7442,0.448
2000-08-31,,,,796968.4467,885391.0,,35695.0,,5.75,6.0,0.25,6.5,4.25,,10318.165,,6.65,6.18,-0.196,,3.411131,2.070858,-0.571429,0.554785,2.572347,,,5.7856,0.645
2000-09-30,,,,826309.5705,853390.0,,35012.0,,5.75,6.0,0.25,6.5,4.5,,10318.165,,6.6,5.98,-0.193,,3.454437,2.406184,-0.912201,0.966851,2.67094,,,5.6255,0.646
2000-10-31,,,,822086.3493,920988.0,,35168.0,,5.75,6.0,0.25,6.5,4.75,,10435.744,,6.59,5.94,-0.164,,3.448276,2.392523,-1.137656,1.106501,2.774813,,,5.5672,0.571
2000-11-30,,,,833102.9503,1054097.0,,35654.0,,5.75,6.0,0.25,6.5,4.75,,10435.744,,6.62,5.61,-0.099,,3.446227,2.439024,-0.800915,1.104972,3.205128,,,5.238,0.545
2000-12-31,,,,835065.0,1067962.0,,38485.0,,5.75,6.0,0.25,6.5,4.75,,10435.744,,5.41,5.11,-0.081,,3.386809,2.505582,-0.344432,0.826446,3.201708,,,5.1556,0.515
2001-01-31,,,,853462.0,1078487.0,,35225.0,,5.5,6.0,0.25,5.5,4.75,,10470.231,,5.74,4.62,-0.217,,3.732227,2.00843,-0.229885,0.973574,2.994652,,4.88,5.0493,0.39
2001-02-28,,,,871589.0,1102160.0,,36475.0,,5.5,5.75,0.15,5.5,4.75,,10470.231,,5.59,4.41,-0.272,,3.533569,1.964661,-0.345622,0.692521,2.869288,,4.81,5.0502,0.242
2001-03-31,,,,847959.0,1150959.0,,36146.0,,5.0,5.75,0.15,5.0,4.75,,10470.231,,5.29,4.18,-0.247,,2.920561,2.205248,-0.690449,0.968188,2.42616,,4.76,4.9041,0.133
2001-04-30,,,,839272.0,1123259.0,,37155.0,,4.75,5.5,,4.5,4.75,,10599.0,,4.67,4.3,-0.328,,3.269119,2.732644,-0.688863,1.101928,3.492063,,4.88,5.1847,0.097
2001-05-31,,,,825427.0,1138146.0,,41623.0,,4.5,5.25,,4.0,4.5,,10599.0,,4.24,4.22,-0.419,,3.61516,3.098107,-0.688073,1.648352,3.898841,,4.93,5.343,0.052
2001-06-30,,,,862767.0,1169329.0,,38245.0,,4.5,5.25,,3.75,4.5,,10599.0,,3.95,4.25,-0.459,,3.24826,2.866242,-0.804598,1.646091,3.350785,,5.03,5.5139,0.073
2001-07-31,,,,862061.0,1163779.0,,38227.0,,4.25,5.25,,3.75,4.5,,10598.02,,3.82,3.79,-0.499,,2.719907,2.495413,-0.806452,1.517241,2.713987,,4.63,5.2351,0.091
2001-08-31,,,,833389.0,1133882.0,,40142.0,,4.0,5.0,,3.5,4.25,,10598.02,,3.66,3.64,-0.429,,2.719907,2.322171,-0.689655,1.931034,2.821317,,4.15,5.03,0.086
2001-09-30,,,,817364.0,1156156.0,,38655.0,,3.5,4.75,,3.0,3.75,,10598.02,,2.75,2.86,-0.334,,2.648244,2.191381,-0.690449,1.367989,2.601457,,3.66,4.9122,0.085
2001-10-31,,,,809996.0,1107271.0,,39315.0,,2.75,4.5,,2.5,3.75,,10660.465,,2.66,2.44,-0.379,,2.126437,2.23926,-0.690449,1.094391,1.869159,,2.92,4.5442,0.087
2001-11-30,,,,810690.0,1133942.0,,40213.0,,2.25,4.0,,2.0,3.25,,10660.465,,2.06,2.84,-0.369,,1.895462,1.980078,-1.038062,0.819672,0.621118,,3.18,4.6854,0.105
2001-12-31,,,,814662.0,1175079.0,,41855.0,,2.25,4.0,,1.75,3.25,,10660.465,,1.52,3.07,-0.365,,1.551724,2.045015,-1.267281,1.092896,0.723888,,3.15,5.1196,0.076
2002-01-31,,,,839687.0,1224388.0,,39778.0,,2.0,4.0,,1.75,3.25,,10783.5,,1.85,3.16,-0.46,,1.142204,2.625182,-1.382488,1.515152,1.349948,,3.32,4.9501,0.065
2002-02-28,,,,777402.0,1313520.0,,40135.0,,2.0,4.0,,1.75,3.25,,10783.5,,1.83,3.06,-0.49,,1.137656,2.472128,-1.618497,1.513067,1.446281,,3.29,4.9842,0.081
2002-03-31,,,,814901.0,1385648.0,,39472.0,,2.0,4.0,,1.75,3.25,,10783.5,,1.74,3.72,-0.5,,1.475596,2.507232,-1.158749,1.506849,1.853759,,4.49,5.3544,0.051
2002-04-30,,,,788835.0,1328094.0,,39793.0,,2.25,4.0,,1.75,3.25,,10887.46,,1.82,3.24,-0.579,,1.639344,2.360412,-1.040462,1.362398,1.738241,,4.18,5.1938,0.055
2002-05-31,,,,793333.0,1279453.0,,40892.0,,2.25,4.0,,1.75,3.25,,10887.46,,1.79,3.22,-0.624,,1.181767,2.051037,-0.923788,0.810811,1.115619,,4.14,5.2618,0.067
2002-06-30,,,,780845.0,1241193.0,,41146.0,,2.5,4.0,,1.75,3.25,,10887.46,,1.73,2.9,-0.536,,1.067416,1.857585,-0.695249,0.674764,1.215805,,3.92,5.0587,0.06
2002-07-31,,,,783540.0,1265421.0,,42579.0,,2.75,4.0,,1.75,3.25,,10984.04,,1.76,2.23,-0.437,,1.464789,1.993078,-0.813008,1.086957,2.134146,,3.32,4.7461,0.04
2002-08-31,,,,770838.0,1284793.0,,42990.0,,2.75,4.0,,1.75,3.25,,10984.04,,1.81,2.14,-0.377,,1.802817,2.138079,-0.925926,0.947226,2.54065,,3.48,4.5225,0.02
2002-09-30,,,,772822.0,1244691.0,,42305.0,,2.75,4.0,,1.75,3.25,,10984.04,,1.85,1.72,-0.325,,1.514302,2.120562,-0.811124,0.944669,2.332657,,3.34,4.2009,0.056
2002-10-31,,,,798028.0,1246432.0,,42255.0,,2.75,4.0,,1.75,3.25,,11061.433,,1.82,1.68,-0.354,,2.025886,2.285442,-0.926999,1.35318,3.160041,,3.27,4.3508,0.038
2002-11-30,,,,796464.0,1250866.0,,43281.0,,2.75,4.0,,1.25,3.25,,11061.433,,1.23,2.08,-0.424,,2.198422,2.275164,-0.34965,1.490515,4.423868,,3.43,4.5348,0.055
2002-12-31,732.059,4.678,,832558.0,1251263.0,,43784.0,727.381,2.75,4.0,,1.25,2.75,11.876,11061.433,,1.16,1.61,-0.442,,2.37691,2.312344,-0.233372,1.621622,3.798768,,3.09,4.1811,0.05
2003-01-31,712.809,7.162,,786730.0,1245386.0,,41196.0,705.6469999999999,2.75,4.0,,1.25,2.75,7.139,11174.129,,1.33,1.72,-0.496,,2.597403,2.108006,-0.46729,1.356852,4.508197,,3.53,4.0357,0.043
2003-02-28,721.98,5.249,2.5,790649.0,1325273.0,,41405.0,714.231,2.75,3.75,,1.25,2.75,8.084,11174.129,,1.33,1.53,-0.511,,2.980877,2.37701,-0.235018,1.626016,4.684318,,3.48,3.8114,0.05
2003-03-31,725.019,5.916,1.25,798674.0,1411674.0,,41255.0,717.853,3.0,3.75,,1.25,2.5,6.341,11174.129,,1.38,1.51,-0.562,,3.020134,2.375353,-0.117233,1.619433,4.246714,,3.76,3.9729,0.06
2003-04-30,746.294,8.763,2.25,800643.0,1283101.0,,41751.0,735.281,3.25,3.75,,1.25,2.5,15.422,11312.766,,1.31,1.51,-0.657,,2.224694,2.060166,-0.116822,1.478495,2.914573,,3.65,4.022,0.05
2003-05-31,744.896,5.543,,801435.0,1306815.0,,42339.0,739.353,3.25,3.75,,1.25,2.5,15.77,11312.766,,1.28,1.33,-0.687,,2.057842,1.811171,-0.2331,1.206434,2.808425,,3.18,3.7892,0.04
2003-06-30,744.018,7.199,3.5,813568.0,1252605.0,,42002.0,733.3190000000001,3.25,3.75,,1.0,2.0,13.382,11312.766,,1.45,1.32,-0.688,,2.112285,1.987374,-0.350058,1.072386,2.602603,,3.01,3.8549,0.075
2003-07-31,740.295,6.205,,828475.0,1263771.0,,42537.0,734.0899999999999,3.0,3.5,,1.0,2.0,10.751,11566.669,,1.04,1.8,-0.685,,2.109939,1.919026,-0.234192,1.209677,2.089552,,2.95,4.2446,0.07
2003-08-31,740.637,5.974,,814810.0,1283228.0,,43225.0,734.6629999999999,3.0,3.5,,1.0,2.0,12.019,11566.669,,1.01,1.95,-0.642,,2.158273,2.023155,-0.233645,1.340483,1.982161,,3.09,4.4841,0.187
2003-09-30,741.193,7.54,,829239.0,1339295.0,,42105.0,733.653,2.75,3.5,,1.0,2.0,9.141,11566.669,,1.17,1.5,-0.653,,2.320442,2.134858,-0.116822,1.470588,2.180377,,2.96,4.3663,0.176
2003-10-31,747.272,5.125,,818606.0,1322521.0,,42910.0,742.147,2.75,3.5,,1.0,2.0,16.292,11772.234,,0.97,1.85,-0.687,,2.040816,2.024904,0.0,1.468625,1.581028,,3.16,4.9637,0.137
2003-11-30,756.964,5.223,2.75,833339.0,1347558.0,,43052.0,748.9910000000001,2.75,3.75,,1.0,2.0,12.03,11772.234,,1.01,2.06,-0.686,,1.76503,2.15467,-0.584795,1.335113,1.576355,,3.19,4.9476,0.132
2003-12-31,771.551,5.85,1.75,835157.0,1313685.0,,44118.0,763.951,2.75,3.75,,1.0,2.0,10.686,11772.234,,0.94,1.84,-0.694,,1.879491,1.981919,-0.467836,1.329787,2.077151,,2.96,4.6459,0.11
2004-01-31,755.279,5.153,2.25,824392.0,1354300.0,,41576.0,747.876,2.5,3.75,,1.0,2.0,9.687,11923.447,,1.03,1.84,-0.76,,1.926252,1.797727,-0.352113,1.472557,1.27451,,2.6,4.7699,0.068
2004-02-29,750.666,5.147,,824024.0,1405509.0,,41801.0,745.519,2.5,4.0,,1.0,2.0,9.502,11923.447,,1.04,1.66,-0.79,,1.693064,1.62874,0.0,1.333333,0.680934,,2.37,4.6361,0.056
2004-03-31,760.725,5.246,,830349.0,1493819.0,,42369.0,755.479,2.25,4.0,,1.0,2.0,14.803,11923.447,,1.05,1.6,-0.778,,1.737242,1.699977,-0.117371,1.062417,0.775946,,2.43,4.6581,0.118
2004-04-30,772.927,7.444,,853538.0,1382514.0,,42424.0,765.4830000000001,2.0,4.0,,1.0,2.0,18.223,12112.815,,1.03,2.31,-0.714,,2.285092,2.052988,-0.467836,1.192053,1.660156,,2.7,4.8934,0.135
2004-05-31,771.108,5.212,,867250.0,1390667.0,,43197.0,765.896,2.0,4.25,,1.0,2.0,15.726,12112.815,,1.02,2.54,-0.668,,3.051771,2.444623,-0.46729,1.456954,2.439024,,3.09,5.1723,0.135
2004-06-30,779.578,5.961,,895838.0,1347362.0,,44845.0,773.617,2.0,4.5,,1.25,2.0,14.753,12112.815,,1.38,2.7,-0.659,,3.266195,2.384227,0.0,1.591512,2.536585,,3.22,5.0932,0.161
2004-07-31,773.916,4.956,,883749.0,1314783.0,,43990.0,768.96,2.0,4.5,,1.25,2.0,12.113,12305.307,,1.29,2.68,-0.669,,2.990756,2.319173,-0.117371,1.460823,2.339181,,3.17,5.154,0.205
2004-08-31,775.437,4.789,,881876.0,1382251.0,,44531.0,770.648,2.0,4.75,,1.5,2.0,10.916,12305.307,,1.55,2.41,-0.673,,2.654388,2.361302,-0.234192,1.322751,1.846453,,2.94,4.9102,0.15
2004-09-30,786.33,5.118,,885811.0,1394564.0,,43819.0,781.212,2.25,4.75,,1.75,2.0,14.99,12305.307,,1.94,2.63,-0.67,,2.537797,2.113078,0.0,1.054018,1.842871,2.590240480732285,3.29,4.7923,0.127
2004-10-31,791.336,4.948,,893778.0,1384015.0,,44496.0,786.388,2.5,4.75,,1.75,2.0,12.863,12527.214,,1.79,2.56,-0.677,,3.189189,2.361127,0.467836,1.184211,2.33463,2.451040943684774,3.24,4.6737,0.118
2004-11-30,809.956,4.419,,899065.0,1478802.0,,45375.0,805.537,2.5,4.75,,2.0,2.0,11.686,12527.214,,2.02,3.02,-0.686,,3.523035,2.257439,0.823529,1.449275,2.42483,2.370680092131093,3.01,4.5176,0.103
2004-12-31,810.944,4.631,,884233.0,1445467.0,,46395.0,806.313,2.5,4.75,,2.25,2.0,9.35,12527.214,,1.97,3.08,-0.666,,3.255562,2.32981,0.235018,1.574803,2.131783,2.4737637215250077,2.99,4.476,0.103
2005-01-31,807.262,5.252,,894782.0,1473561.0,,43687.0,802.01,2.5,4.75,,2.25,2.0,12.624,12767.286,,2.5,3.29,-0.673,,2.969762,1.914094,0.235571,1.583113,1.936108,2.3886389029077506,2.9,4.5257,0.087
2005-02-28,804.576,5.25,,913849.0,1514085.0,,43709.0,799.326,2.5,4.75,,2.5,2.0,11.391,12767.286,,2.52,3.59,-0.68,,3.007519,2.057286,0.0,1.578947,2.125604,2.488799221138912,2.94,4.733,0.123
2005-03-31,807.551,4.592,,926434.0,1505173.0,,44114.0,802.9590000000001,2.5,4.75,,2.75,2.0,12.615,12767.286,,2.96,3.8,-0.634,,3.148346,2.157217,0.0,1.839685,2.309913,2.471561627792572,3.27,4.6648,0.097
2005-04-30,809.797,5.586,,934479.0,1473513.0,,44133.0,804.211,2.5,4.75,,2.75,2.0,14.57,12922.656,,2.97,3.66,-0.578,,3.510638,2.090357,0.117509,1.832461,2.401537,2.2454726759806487,3.08,4.4955,0.076
2005-05-31,810.16,4.936,,927781.0,1477619.0,,45585.0,805.2239999999999,2.5,4.75,,3.0,2.0,13.263,12922.656,,3.09,3.6,-0.567,,2.80275,1.982971,0.117371,1.958225,1.619048,2.166920221387585,2.91,4.2508,0.077
2005-06-30,810.082,4.726,,967868.0,1442122.0,,45755.0,805.356,2.5,4.75,,3.25,2.0,10.799,12922.656,,3.35,3.66,-0.572,,2.530311,2.026422,-0.468384,1.958225,1.712655,2.0087405216264913,2.83,4.0792,0.07
2005-07-31,814.259,4.878,,996796.0,1476503.0,,46018.0,809.381,2.5,4.75,,3.25,2.0,10.617,13142.642,,3.31,4.02,-0.582,,3.167899,2.143178,-0.235018,2.356021,2.0,2.196330141012986,3.04,4.2569,0.104
2005-08-31,823.237,4.909,,992270.0,1513847.0,,47635.0,818.328,2.5,4.5,,3.5,2.0,15.024,13142.642,,3.63,3.84,-0.566,,3.641161,2.183651,-0.234742,2.349869,2.576336,2.182163966277984,2.97,4.1056,0.129
2005-09-30,823.771,5.366,,996044.0,1481357.0,,45666.0,818.405,2.75,4.5,,3.75,2.0,14.074,13142.642,,3.93,4.18,-0.532,,4.686677,2.595078,-0.350877,2.477184,3.238095,2.3295126534786603,3.35,4.2301,0.221
2005-10-31,819.105,5.149,,1003504.0,1477546.0,,45923.0,813.956,3.0,4.5,,3.75,2.0,10.202,13324.204,,4.02,4.4,-0.549,,4.347826,2.451527,-0.814901,2.340702,2.56654,2.590394882861841,3.64,4.3325,0.273
2005-11-30,835.059,5.09,,1017239.0,1519701.0,,46988.0,829.9689999999999,3.0,4.5,,4.0,2.0,10.027,13324.204,,4.03,4.42,-0.546,,3.455497,2.2968,-0.933489,2.207792,1.988636,2.7647747297680527,3.77,4.252,0.229
2005-12-31,847.7,4.853,,1038152.0,1556071.0,,48381.0,842.8470000000001,3.25,4.5,,4.25,2.25,9.052,13324.204,,4.09,4.41,-0.527,,3.415659,2.232341,-0.3517,1.937984,2.087287,2.805441849257548,3.85,4.1458,0.281
2006-01-31,828.901,5.314,,1055186.0,1528656.0,,45658.0,823.587,3.5,4.5,,4.5,2.25,9.765,13599.16,,4.47,4.54,-0.568,,3.985317,2.448295,-0.117509,1.948052,2.754036,2.933042134238885,3.86,4.2198,0.302
2006-02-28,840.555,5.005,,1062732.0,1523477.0,,45791.0,835.55,3.5,4.5,,4.5,2.25,7.66,13599.16,,4.52,4.69,-0.597,,3.597497,2.349928,-0.117786,2.072539,2.17597,3.0047903236142695,3.95,4.262,0.479
2006-03-31,833.675,5.4,,1067477.0,1448629.0,,45562.0,828.275,3.75,4.5,0.0,4.75,2.5,11.285,13599.16,,5.0,4.82,-0.588,,3.362649,2.189055,-0.117509,1.806452,2.163688,3.2744868828643794,3.99,4.444,0.667
2006-04-30,844.572,4.953,,1080389.0,1299799.0,,46662.0,839.619,4.0,4.5,0.0,4.75,2.5,9.965,13753.424,,4.86,4.87,-0.578,,3.545735,2.432849,-0.117371,2.056555,2.439024,3.3829918460957957,4.13,4.6607,0.649
2006-05-31,851.58,4.87,,1084094.0,1227935.0,62932.0,48199.0,846.71,4.25,4.5,0.0,5.0,2.5,9.59,13753.424,,5.05,5.04,-0.54,,4.166667,2.493683,0.117233,2.304738,2.811621,3.370629055097798,4.18,4.6857,0.813
2006-06-30,844.436,4.924,,1112770.0,1138328.0,58702.0,47737.0,839.5120000000001,4.25,4.5,0.0,5.25,2.75,8.678,13753.424,,5.05,5.16,-0.487,,4.318766,2.458027,0.470588,2.560819,2.43218,3.5527511483284613,4.4,4.7921,0.825
2006-07-31,841.552,5.017,,1128285.0,1159675.0,58341.0,47814.0,836.535,4.25,4.5,0.25,5.25,2.75,7.979,13870.188,,5.31,4.97,-0.517,,4.145343,2.449742,0.235571,2.30179,2.334267,3.4982348656727753,4.12,4.7202,0.817
2006-08-31,850.925,5.095,,1113025.0,1132672.0,58394.0,49165.0,845.8299999999999,4.25,4.75,0.25,5.25,3.0,12.426,13870.188,,5.31,4.79,-0.562,,3.818737,2.290411,0.823529,2.55102,2.139535,3.5014168878150245,3.97,4.698,0.625
2006-09-30,849.971,4.28,,1118315.0,1174523.0,56504.0,48316.0,845.691,4.25,4.75,0.25,5.25,3.0,9.399,13870.188,,5.34,4.71,-0.564,,2.062374,1.766245,0.586854,2.417303,0.738007,3.5173675982416484,3.91,4.7062,0.635
2006-10-31,852.648,5.178,,1118736.0,1151993.0,55888.0,48838.0,847.47,4.25,4.75,0.25,5.25,3.25,7.914,14039.56,,5.31,4.71,-0.586,,1.305221,1.598869,0.352113,2.414231,1.019462,3.634640196252816,3.97,4.7681,0.717
2006-11-30,856.671,5.03,,1133314.0,1185414.0,57977.0,49454.0,851.6410000000001,4.25,5.0,0.25,5.25,3.25,8.931,14039.56,,5.31,4.62,-0.585,,1.973684,1.852861,0.235571,2.668361,1.392758,3.5968945533485,3.87,4.7625,0.802
2006-12-31,869.988,5.24,,1150980.0,1155436.0,62335.0,50646.0,864.748,4.25,5.0,0.25,5.25,3.5,6.867,14039.56,,5.17,4.82,-0.591,,2.54065,1.912004,0.235294,3.041825,1.672862,3.822321507444794,4.02,4.9866,0.78
2007-01-31,865.73,5.055,,1148148.0,1146223.0,55414.0,48249.0,860.6750000000001,4.25,5.25,0.25,5.25,3.5,13.124,14215.651,,5.33,4.94,-0.639,,2.075643,1.844173,0.0,2.675159,1.109057,3.915583176732055,4.1,5.2306,0.708
2007-02-28,877.409,4.674,,1150396.0,1176947.0,56118.0,48070.0,872.735,4.25,5.25,0.5,5.25,3.5,9.378,14215.651,,5.41,4.65,-0.624,,2.415199,1.849837,-0.235849,2.791878,2.037037,3.79879515562598,3.97,5.0537,0.818
2007-03-31,869.803,4.99,,1162604.0,1127409.0,57115.0,48342.0,864.813,4.25,5.25,0.5,5.25,3.75,9.255,14215.651,,5.3,4.58,-0.569,,2.778779,1.936601,-0.117647,3.168568,2.302026,3.9478875203977566,3.98,5.2155,0.807
2007-04-30,879.686,6.534,6.5,1176308.0,1060053.0,56696.0,49100.0,866.652,4.25,5.25,0.5,5.25,3.75,7.428,14402.082,,5.29,4.6,-0.548,,2.573697,1.902203,0.0,2.770781,2.197802,4.0642746586566405,4.13,5.2789,0.847
2007-05-31,876.986,5.183,1.5,1187052.0,1075105.0,58082.0,51391.0,870.303,4.25,5.5,0.5,5.25,3.75,7.223,14402.082,,5.28,4.92,-0.511,,2.690864,1.864952,0.0,2.377972,2.187785,4.310800441492837,4.57,5.5393,0.972
2007-06-30,865.105,4.923,,1208453.0,1000712.0,57142.0,50270.0,860.182,4.25,5.5,0.5,5.25,4.0,7.197,14402.082,,5.31,4.87,-0.481,,2.687038,1.895684,-0.234192,2.372035,2.191781,4.3842483693282635,4.58,5.7241,1.01
2007-07-31,863.89,5.052,,1212584.0,1077171.0,57342.0,50128.0,858.838,4.5,5.75,0.5,5.25,4.0,6.215,14564.117,,5.28,4.56,-0.251,,2.358231,1.758525,0.0,1.875,2.189781,4.2772861449381185,4.61,5.4394,0.996
2007-08-31,872.873,5.089,,1157534.0,1107917.0,60242.0,52075.0,867.784,4.5,5.75,0.5,5.25,4.0,7.841,14564.117,,4.96,4.15,0.245,,1.970083,1.746304,-0.233372,1.741294,1.730419,4.030244517151535,4.35,5.1996,0.87
2007-09-30,889.9,4.761,,1250396.0,1110324.0,69651.0,50323.0,885.139,4.5,5.75,0.5,4.75,4.0,13.425,14564.117,,4.58,3.97,0.111,,2.755052,2.121277,-0.233372,1.73913,2.472527,4.031737696353095,4.07,5.0449,0.856
2007-10-31,883.385,4.95,,1263504.0,1073472.0,60879.0,51480.0,878.435,4.5,5.75,0.5,4.5,4.0,8.839,14715.058,,4.6,3.94,0.029,,3.536174,2.547907,0.350877,2.109181,2.385321,4.05807275552149,4.17,5.0103,0.775
2007-11-30,879.417,5.176,,1297266.0,1114939.0,65185.0,51183.0,874.241,4.5,5.75,0.5,4.5,4.0,8.8,14715.058,,4.66,3.04,0.514,,4.306203,3.049759,0.587544,2.10396,2.472527,3.8208513344591175,3.65,4.625,0.757
2007-12-31,890.662,4.91,,1511244.0,1112844.0,70790.0,54520.0,885.7520000000001,4.25,5.5,0.5,4.25,4.0,5.674,14715.058,,3.06,3.05,0.557,,4.081269,3.059375,0.704225,2.091021,2.3766,4.0142926206861205,3.74,4.4607,0.705
2008-01-31,900.264,4.65,,1337542.0,1130604.0,62842.0,49967.0,895.614,4.0,5.5,0.5,3.0,4.0,12.402,14706.538,,3.22,2.17,0.444,,4.280294,3.192971,0.705882,2.233251,2.193784,3.423041482779869,3.17,4.3405,0.549
2008-02-29,893.825,4.74,,1336758.0,1142477.0,63185.0,49929.0,889.085,4.0,5.25,0.5,3.0,4.0,8.006,14706.538,,3.01,1.65,0.814,,4.026555,3.269231,1.06383,2.469136,1.814882,3.202318596602991,2.77,4.2353,0.553
2008-03-31,893.965,5.729,5.0,1390804.0,1134262.0,66634.0,51629.0,883.236,3.5,5.25,0.5,2.25,4.0,6.014,14706.538,,2.51,1.62,0.97,,3.981456,3.587349,1.177856,2.457002,1.350135,3.5955453032314653,2.62,3.9892,0.564
2008-04-30,888.131,5.721,3.75,1405859.0,1072225.0,64712.0,53071.0,878.66,3.0,5.0,0.5,2.0,4.0,9.128,14865.701,,2.37,2.29,0.675,,3.93689,3.258806,0.822562,2.941176,1.702509,3.856624053714866,2.73,4.4875,0.775
2008-05-31,904.054,4.94,,1423245.0,1101273.0,68322.0,56019.0,899.1139999999999,3.0,5.0,0.5,2.0,4.0,12.478,14865.701,,1.98,2.66,0.528,,4.175543,3.661616,1.288056,3.422983,2.230152,4.281174106483883,3.01,5.0051,0.9
2008-06-30,892.713,5.07,,1462710.0,1014199.0,70829.0,51633.0,887.6429999999999,3.0,5.0,0.5,2.0,4.0,7.114,14865.701,,2.47,2.63,0.736,,5.02179,3.952071,1.995305,3.902439,3.127793,4.619391970344079,3.24,5.2329,0.781
2008-07-31,918.625,5.094,,1450899.0,1083652.0,70616.0,53714.0,913.531,3.0,5.0,0.5,2.0,4.25,16.125,14898.999,,2.09,2.52,0.737,,5.600123,4.067439,2.350176,4.417178,3.392857,4.313970614539645,2.94,4.8279,0.771
2008-08-31,909.982,4.828,,1449139.0,1098870.0,71702.0,54449.0,905.154,3.0,5.0,0.5,2.0,4.25,9.75,14898.999,,1.94,2.36,0.858,,5.371855,3.832789,2.105263,4.767726,3.491495,4.133201985617549,2.71,4.4655,0.709
2008-09-30,1211.825,5.088,26.0,1518548.0,1125287.0,77218.0,54521.0,1180.737,3.0,5.0,0.5,2.0,4.25,104.499,14898.999,,2.03,2.0,1.81,,4.936927,3.65086,2.105263,5.128205,3.395889,3.5866077675233203,2.78,4.2414,0.748
2008-10-31,1969.086,100.736,25.0,2031447.0,1168028.0,86294.0,66392.0,1843.35,2.25,4.5,0.3,1.0,3.75,260.924,14608.209,0.65,0.22,1.56,2.828,,3.655186,3.15273,1.631702,4.374241,2.598566,2.675773159235401,2.01,3.9623,0.539
2008-11-30,2106.117,64.531,25.0,1979051.0,1215262.0,88321.0,77561.0,2016.5860000000002,2.25,3.0,0.3,1.0,3.25,577.731,14608.209,1.0,0.52,1.0,3.105,,1.069575,2.11838,1.051402,4.0,1.966041,2.3758833385913034,1.7,3.3517,0.586
2008-12-31,2239.457,114.229,25.0,2043465.0,1227708.0,95514.0,78584.0,2100.228,1.5,2.0,0.1,0.125,2.5,847.821,14608.209,0.25,0.14,0.76,2.74,1.54,0.091413,1.592884,0.34965,3.012048,1.160714,2.137652319032287,1.09,2.6836,0.37
2009-01-31,1927.082,55.539,,1906979.0,1195135.0,68692.0,74918.0,1871.5430000000001,1.0,1.5,0.1,0.125,2.0,795.229,14430.902,0.25,0.23,0.94,2.148,0.59,0.029847,1.121379,0.0,3.033981,1.073345,1.7872565045746085,1.41,2.8489,0.403
2009-02-28,1916.115,35.583,,1820268.0,1221730.0,91010.0,79761.0,1880.532,1.0,1.0,0.1,0.125,2.0,692.397,14430.902,0.25,0.22,1.0,2.137,0.59,0.236191,1.169046,-0.116959,3.13253,1.426025,1.5568905412475926,1.15,2.595,0.392
2009-03-31,2071.556,78.083,,1803083.0,1238886.0,90115.0,80369.0,1993.473,0.5,0.5,0.1,0.125,1.5,795.806,14430.902,0.25,0.16,0.81,1.915,0.43,-0.383556,0.57377,-0.349243,2.877698,1.243339,1.461562374259633,1.07,2.4257,0.408
2009-04-30,2066.712,84.774,,1823963.0,1147983.0,126819.0,75770.0,1981.938,0.25,0.5,0.1,0.125,1.25,827.227,14381.236,0.25,0.2,0.91,1.369,0.22,-0.736886,0.612808,-0.11655,2.380952,0.352423,1.526532644007114,0.98,2.5686,0.375
2009-05-31,2080.115,26.692,,1799610.0,1187973.0,156197.0,71153.0,2053.423,0.25,0.5,0.1,0.125,1.0,867.413,14381.236,0.25,0.19,0.92,0.873,-0.74,-1.281436,0.040601,-1.156069,2.12766,0.08726,1.528623404723418,1.23,2.6875,0.344
2009-06-30,2025.571,118.671,,1997319.0,1098429.0,181443.0,76447.0,1906.8999999999999,0.25,0.5,0.1,0.125,1.0,692.454,14381.236,0.25,0.22,1.11,0.721,-0.06,-1.426776,-0.141557,-1.726122,1.760563,-0.259965,1.501303952617291,1.2,2.9478,0.307
2009-07-31,2000.547,61.406,,1854093.0,1147349.0,208042.0,78599.0,1939.141,0.25,0.5,0.1,0.125,1.0,764.658,14448.882,0.25,0.18,1.13,0.418,-0.29,-2.097161,-0.658161,-2.296211,1.880141,-0.949914,1.433445621490206,1.41,3.053,0.275
2009-08-31,2074.902,26.273,,1821371.0,1171842.0,183097.0,75557.0,2048.629,0.25,0.5,0.1,0.125,1.0,842.21,14448.882,0.25,0.15,0.97,0.233,-0.22,-1.484349,-0.172396,-2.176403,1.516919,-0.778547,1.4593973277661634,1.28,2.661,0.24
2009-09-30,2141.02,37.91,,1790242.0,1163248.0,185631.0,75817.0,2103.11,0.25,0.5,0.1,0.125,1.0,924.381,14448.882,0.25,0.07,0.95,0.105,-0.3,-1.286206,-0.334008,-2.176403,1.16144,-0.864304,1.3271789362654804,1.26,2.6532,0.239
2009-10-31,2161.537,43.241,,1779000.0,1114000.0,197833.0,75163.0,2118.296,0.25,0.5,0.1,0.125,1.0,1085.378,14651.249,0.25,0.11,0.9,0.026,-0.48,-0.182848,-0.111325,-2.522936,1.513388,0.087336,1.4290947232588862,1.38,2.7372,0.25
2009-11-30,2206.359,25.904,,1759186.0,1172964.0,194861.0,74775.0,2180.455,0.25,0.5,0.1,0.125,1.0,1156.24,14651.249,0.25,0.13,0.67,-0.029,-0.83,1.838296,0.477934,-1.849711,1.981352,0.964067,1.3374993162706257,1.1,2.6301,0.225
2009-12-31,2234.067,118.523,0.225,1852463.0,1225336.0,196892.0,71349.0,2115.319,0.25,0.5,0.1,0.125,1.0,1066.737,14651.249,0.25,0.05,1.14,-0.15,-0.9,2.721331,0.926492,-1.626016,2.923977,1.323919,1.3788289608893545,1.47,2.944,0.136
2010-01-31,2246.886,135.038,,1877655.0,1224342.0,208922.0,70924.0,2111.848,0.25,0.5,0.1,0.125,1.0,1104.555,14764.61,0.25,0.12,0.82,-0.202,-1.02,2.625709,0.954924,-0.934579,3.415783,1.858407,1.247835725828413,1.32,2.9308,0.155
2010-02-28,2286.127,32.891,,1889017.0,1267675.0,205274.0,71162.0,2253.236,0.25,0.5,0.1,0.125,1.0,1227.597,14764.61,0.25,0.13,0.81,-0.249,-1.0,2.143332,0.848758,-0.819672,3.037383,1.581722,1.0247537961082038,1.28,2.764,0.155
2010-03-31,2307.15,35.896,,1894898.0,1218241.0,204194.0,71359.0,2271.254,0.25,0.5,0.1,0.125,1.0,1124.679,14764.61,0.25,0.09,1.02,-0.427,-0.89,2.313959,1.579055,-0.700935,3.379953,1.403509,1.052205346378655,1.73,2.76,0.167
2010-04-30,2330.472,57.162,,1956819.0,1142013.0,202238.0,71670.0,2273.3100000000004,0.25,0.5,0.1,0.125,1.0,1053.074,14980.193,0.25,0.2,0.97,-0.374,-0.8,2.236447,1.644503,-0.816803,3.72093,1.843723,1.0114874126529525,1.9,2.7311,0.16
2010-05-31,2334.041,26.077,,2088450.0,1209586.0,202082.0,67270.0,2307.964,0.25,0.5,0.1,0.125,1.0,1084.219,14980.193,0.25,0.19,0.76,-0.096,-0.6,2.020986,1.704545,-0.584795,3.472222,1.394943,0.5660740246458493,1.84,2.3791,0.16
2010-06-30,2330.851,40.112,,2154245.0,1132336.0,200946.0,59439.0,2290.739,0.5,0.5,0.1,0.125,1.0,1043.38,14980.193,0.25,0.09,0.61,-0.096,-0.76,1.053349,1.498582,-0.702576,3.229527,0.955691,0.6931339475492422,1.39,2.1847,0.145
2010-07-31,2325.298,41.603,,2001660.0,1173742.0,202401.0,59265.0,2283.6949999999997,0.75,0.5,0.1,0.125,1.0,1045.219,15141.607,0.25,0.18,0.55,-0.269,-0.83,1.235193,1.732749,-0.940071,2.998847,1.830863,0.8718460158303822,1.46,2.2009,0.145
2010-08-31,2301.015,18.823,0.18,1957926.0,1230414.0,198948.0,58278.0,2282.012,0.75,0.5,0.1,0.125,1.0,1049.221,15141.607,0.25,0.21,0.47,-0.292,-0.34,1.148105,1.584722,-1.17096,3.218391,1.743679,0.6238669481373098,1.21,1.726,0.119
2010-09-30,2298.691,57.576,,1971356.0,1203317.0,195208.0,57914.0,2241.115,1.0,0.5,0.1,0.125,1.0,995.183,15141.607,0.25,0.15,0.42,-0.356,-0.56,1.143683,1.868589,-0.936768,3.099885,1.918047,0.8993213420614998,1.36,1.7946,0.132
2010-10-31,2295.392,37.919,,1895679.0,1214171.0,194849.0,58156.0,2257.473,1.0,0.5,0.05,0.125,1.0,1003.206,15309.474,0.25,0.2,0.34,-0.46,-0.97,1.172188,1.935157,-0.117647,3.211009,2.443281,1.0622926331387073,1.41,1.8537,0.137
2010-11-30,2346.001,29.391,,1915961.0,1270457.0,196083.0,59057.0,2316.61,1.0,0.5,0.05,0.125,1.0,1011.124,15309.474,0.25,0.2,0.45,-0.479,-0.97,1.143161,1.922882,-0.353357,3.2,1.996528,0.9853636444557368,1.62,2.0015,0.188
2010-12-31,2420.57,87.472,,2004432.0,1287104.0,193156.0,60848.0,2333.098,1.0,0.5,0.05,0.125,1.0,1027.089,15309.474,0.25,0.13,0.61,-0.553,-1.1,1.495724,2.20922,-0.354191,3.636364,2.351916,0.9286900958709948,1.67,2.2894,0.167
2011-01-31,2443.527,91.704,,1965568.0,1279996.0,190844.0,58019.0,2351.823,1.0,0.5,0.05,0.125,1.0,1078.051,15351.448,0.25,0.17,0.58,-0.624,-1.39,1.631847,2.298617,-0.589623,3.986333,2.345786,1.4815746164577306,1.67,2.5507,0.195
2011-02-28,2533.221,40.558,,1952278.0,1301181.0,189527.0,57988.0,2492.663,1.0,0.5,0.05,0.125,1.0,1265.869,15351.448,0.25,0.16,0.69,-0.601,-1.07,2.107585,2.423444,-0.472255,4.30839,2.16263,1.5279470555864516,1.84,2.6304,0.237
2011-03-31,2622.523,58.515,0.77,1928055.0,1423631.0,186306.0,58168.0,2563.2380000000003,1.0,0.5,0.05,0.125,1.0,1450.291,15351.448,0.25,0.1,0.8,-0.575,-1.1,2.681603,2.677766,-0.588235,3.945885,3.287197,1.7909984054775985,1.82,2.639,0.208
2011-04-30,2690.985,104.152,,1894101.0,1346213.0,185955.0,58620.0,2586.833,1.0,0.5,0.05,0.125,1.25,1471.501,15557.539,0.25,0.09,0.61,-0.626,-1.23,3.163631,2.816339,-0.470588,4.484305,3.275862,1.8588673879858315,1.7,2.4362,0.189
2011-05-31,2774.996,84.259,,1900610.0,1351200.0,184348.0,60272.0,2690.737,1.0,0.5,0.05,0.125,1.25,1571.447,15557.539,0.25,0.1,0.45,-0.591,-1.14,3.568646,2.713488,-0.470588,4.474273,3.697334,1.6715277336245942,1.54,2.2315,0.175
2011-06-30,2865.251,107.983,0.749,1972174.0,1295844.0,181303.0,60356.0,2756.5190000000002,1.0,0.5,0.05,0.125,1.25,1617.276,15557.539,0.25,0.07,0.45,-0.551,-1.29,3.558828,2.703512,-0.353774,4.24581,3.098107,1.6536397986912832,1.59,2.1775,0.167
2011-07-31,2863.576,77.019,,2000471.0,1344737.0,182042.0,60616.0,2786.557,1.0,0.5,0.05,0.125,1.5,1652.667,15647.68,0.25,0.11,0.36,-0.428,-1.18,3.628716,2.544835,0.237248,4.479283,2.739726,1.3197972515383596,1.39,1.7281,0.155
2011-08-31,2853.888,20.32,0.624,2071633.0,1414829.0,181501.0,63201.0,2832.944,1.0,0.5,0.05,0.125,1.5,1611.435,15647.68,0.25,0.08,0.2,-0.184,-0.51,3.771208,2.55,0.236967,4.454343,3.084833,0.8594407727240168,1.08,1.5792,0.136
2011-09-30,2850.921,55.718,,2288571.0,1376890.0,180630.0,60909.0,2795.203,1.0,0.5,0.05,0.125,1.5,1576.801,15647.68,0.25,0.06,0.25,-0.093,-0.19,3.868357,2.990729,0.0,5.122494,3.165098,0.7458998687388385,0.88,1.3845,0.137
2011-10-31,2845.685,64.369,,2333373.0,1329858.0,193737.0,62593.0,2781.316,1.0,0.5,0.05,0.125,1.5,1568.317,15842.259,0.25,0.09,0.25,-0.158,-0.54,3.5252,3.041447,-0.235571,5.0,2.896082,0.8090178255587928,1.0,1.3508,0.143
2011-11-30,2814.235,43.77,,2419548.0,1432056.0,215633.0,63770.0,2770.465,1.0,0.5,0.05,0.125,1.25,1520.197,15842.259,0.25,0.1,0.25,-0.133,-0.16,3.394378,3.018568,-0.472813,4.761905,2.893617,0.7427330006655184,1.01,1.2675,0.14
2011-12-31,2926.095,98.652,,2735628.0,1430219.0,221872.0,64235.0,2827.4429999999998,1.0,0.5,0.05,0.125,1.0,1534.135,15842.259,0.25,0.04,0.25,-0.206,-0.13,2.962419,2.753652,-0.236967,4.276316,2.297872,0.4062171579213949,0.95,0.9846,0.131
2012-01-31,2919.545,111.236,,2682576.0,1369064.0,233560.0,62899.0,2808.309,1.0,0.5,0.05,0.125,1.0,1529.646,16068.805,0.25,0.11,0.22,-0.373,-0.28,2.925217,2.654603,0.118624,3.614458,2.4618,0.4498906654590446,0.96,0.9463,0.127
2012-02-29,2925.722,39.475,,2692598.0,1442443.0,250508.0,65332.0,2886.2470000000003,1.0,0.5,0.05,0.125,1.0,1607.919,16068.805,0.25,0.1,0.3,-0.455,-0.18,2.871099,2.742303,0.355872,3.369565,2.624894,0.3727058498823243,1.1,1.0081,0.109
2012-03-31,2878.137,84.043,0.99,2964427.0,1394569.0,262265.0,65751.0,2793.1040000000003,1.0,0.5,0.05,0.125,1.0,1526.338,16068.805,0.25,0.09,0.33,-0.482,-0.47,2.651398,2.676304,0.591716,3.470716,1.926298,0.3925908927875978,1.2,1.0572,0.115
2012-04-30,2866.561,78.498,,2962103.0,1412065.0,281509.0,68042.0,2788.063,1.0,0.5,0.05,0.125,1.0,1539.135,16207.115,0.25,0.16,0.27,-0.428,-0.33,2.30274,2.574065,0.472813,3.004292,2.003339,0.3185770747288687,1.34,1.0883,0.109
2012-05-31,2842.654,67.804,,2980310.0,1428007.0,285552.0,70989.0,2774.85,1.0,0.5,0.05,0.125,1.0,1522.91,16207.115,0.25,0.16,0.27,-0.314,0.01,1.704254,2.428127,0.236407,2.67666,1.243781,0.1688157885086862,1.06,0.6595,0.1
2012-06-30,2863.547,129.149,,3102227.0,1436265.0,286839.0,70959.0,2734.398,1.0,0.5,0.05,0.125,1.0,1461.231,16207.115,0.25,0.09,0.33,-0.324,0.12,1.663994,2.360369,-0.236686,2.357985,1.502504,0.2686377686610068,1.03,0.8134,0.1
2012-07-31,2846.757,45.537,,3094144.0,1454954.0,299639.0,71156.0,2801.2200000000003,1.0,0.5,0.05,0.125,0.75,1551.501,16319.541,0.25,0.13,0.23,-0.414,0.19,1.408451,2.423058,-0.473373,2.465166,1.25,-0.022894358090622,1.08,0.5523,0.097
2012-08-31,2812.806,25.194,,3084769.0,1499672.0,314225.0,72764.0,2787.612,1.0,0.5,0.05,0.125,0.75,1502.317,16319.541,0.25,0.13,0.22,-0.503,0.04,1.692379,2.613359,-0.472813,2.452026,1.246883,0.0148515904850805,1.15,0.5753,0.097
2012-09-30,2804.457,73.239,0.06,3082432.0,1499208.0,323524.0,72413.0,2731.158,1.0,0.5,0.05,0.125,0.75,1424.89,16319.541,0.25,0.09,0.23,-0.565,-0.21,1.991282,2.594134,-0.35461,2.224576,1.160862,0.0713007962426099,1.07,0.6563,0.1
2012-10-31,2823.137,53.905,,3046543.0,1537316.0,338385.0,74804.0,2769.232,1.0,0.5,0.05,0.125,0.75,1494.414,16420.419,0.25,0.18,0.3,-0.584,-0.37,2.162344,2.488666,-0.472255,2.645503,1.15894,0.085641221772831,1.07,0.8094,0.097
2012-11-30,2851.362,27.904,1.18,3033294.0,1563579.0,338198.0,75354.0,2822.2780000000002,1.0,0.5,0.05,0.125,0.75,1485.795,16420.419,0.25,0.16,0.25,-0.585,-0.19,1.764134,2.19759,-0.23753,2.748414,0.82713,0.0364797140971484,1.07,0.8082,0.097
2012-12-31,2907.3,55.563,,3018198.0,1583627.0,331770.0,77722.0,2851.737,1.0,0.5,0.05,0.125,0.75,1503.482,16420.419,0.25,0.09,0.25,-0.626,-0.42,1.741022,2.218807,-0.118765,2.628812,0.831947,-0.0130237684373786,1.14,0.8638,0.098
2013-01-31,3008.704,71.127,,2928781.0,1597903.0,329417.0,77421.0,2937.577,1.0,0.5,0.05,0.125,0.75,1632.732,16648.189,0.25,0.15,0.27,-0.669,-0.58,1.594865,1.995157,-0.35545,2.642706,0.4971,0.3152915375658032,1.16,1.0487,0.067
2013-02-28,3090.6,43.012,,2748823.0,1635325.0,337060.0,79087.0,3047.5879999999997,1.0,0.5,0.05,0.125,0.75,1683.532,16648.189,0.25,0.14,0.25,-0.676,-0.63,1.977924,1.850067,-0.70922,2.839117,1.237624,0.1023372457842355,0.96,0.8921,0.045
2013-03-31,3202.256,68.019,,2648126.0,1648127.0,337913.0,79669.0,3134.237,1.0,0.5,0.05,0.125,0.75,1776.369,16648.189,0.25,0.09,0.25,-0.693,-0.56,1.473896,1.731355,-0.941176,2.830189,0.986031,0.0665872863952619,1.0,0.7267,0.057
2013-04-30,3318.649,128.7,1.19,2611252.0,1746913.0,344917.0,82096.0,3188.759,1.0,0.5,0.05,0.125,0.75,1818.122,16728.687,0.25,0.14,0.22,-0.733,-0.46,1.063085,1.183712,-0.705882,2.395833,0.409165,0.0428256217003126,0.92,0.7128,0.122
2013-05-31,3385.128,13.502,,2549449.0,1842861.0,348251.0,88512.0,3371.626,1.0,0.5,,0.125,0.5,1979.2,16728.687,0.25,0.09,0.3,-0.715,-0.6,1.361965,1.42234,-0.353774,2.711157,0.737101,0.1278335009536828,1.08,1.0024,0.139
2013-06-30,3478.672,97.212,,2430423.0,1870684.0,349782.0,88100.0,3381.46,1.0,0.5,,0.125,0.5,1981.754,16728.687,0.25,0.07,0.36,-0.656,-0.6,1.754417,1.613209,0.237248,2.931937,1.151316,0.2995856986837757,1.22,1.367,0.137
2013-07-31,3571.797,60.063,,2396181.0,1967581.0,354456.0,89360.0,3511.734,1.0,0.5,,0.125,0.5,2154.522,16953.838,0.25,0.09,0.31,-0.686,-0.93,1.960682,1.593055,0.713436,2.824268,1.316872,0.1845091969484911,1.15,1.2193,0.119
2013-08-31,3644.456,37.298,5.0,2360639.0,2056918.0,357168.0,88607.0,3602.1580000000004,1.0,0.5,,0.125,0.5,2222.481,16953.838,0.25,0.07,0.39,-0.687,-0.95,1.518368,1.339922,0.831354,2.705515,1.067323,0.2727822960707846,1.19,1.5296,0.115
2013-09-30,3734.018,44.991,58.157,2338044.0,2088625.0,354072.0,88068.0,3630.87,1.0,0.5,,0.125,0.5,2278.603,16953.838,0.25,0.06,0.33,-0.7,-0.99,1.184925,1.094443,1.067616,2.694301,1.065574,0.219325764165057,1.19,1.5172,0.107
2013-10-31,3843.396,31.806,13.89,2318744.0,2155142.0,362686.0,90239.0,3797.7000000000003,1.0,0.5,,0.125,0.5,2424.917,17192.019,0.25,0.07,0.31,-0.749,-1.06,0.963613,0.724706,1.18624,2.164948,0.654664,0.148712521112095,1.1,1.4805,0.097
2013-11-30,3925.876,53.744,22.018,2290956.0,2240888.0,361120.0,90249.0,3850.114,1.0,0.5,,0.125,0.25,2466.785,17192.019,0.25,0.07,0.28,-0.79,-1.28,1.237072,0.858248,1.547619,2.057613,0.902379,0.1425077566575052,1.1,1.5969,0.083
2013-12-31,4032.575,99.122,197.755,2285399.0,2241897.0,360608.0,91247.0,3735.698,1.0,0.5,,0.125,0.25,2474.155,17192.019,0.25,0.07,0.38,-0.797,-1.27,1.501736,0.845706,1.545779,2.04918,1.237624,0.2482694912188021,1.13,1.9661,0.098
2014-01-31,4102.138,89.337,102.139,2217061.0,2321780.0,361788.0,89546.0,3910.662,1.0,0.5,,0.125,0.25,2519.198,17197.738,0.25,0.07,0.34,-0.782,-1.06,1.578947,0.759662,1.426873,1.956746,1.483924,0.1075917425352668,0.95,1.7349,0.085
2014-02-28,4159.972,46.704,114.479,2181079.0,2404502.0,365353.0,89202.0,3998.789,1.0,0.5,,0.125,0.25,2599.898,17197.738,0.25,0.06,0.33,-0.794,-0.96,1.126349,0.700095,1.547619,1.738241,1.140994,0.1554750532464797,1.0,1.7717,0.073
2014-03-31,4226.971,102.04,242.069,2152103.0,2415798.0,360204.0,88287.0,3882.8619999999996,1.0,0.5,,0.125,0.25,2612.237,17197.738,0.25,0.06,0.44,-0.793,-0.75,1.512203,0.467552,1.543943,1.630989,1.545972,0.1717926110965528,1.07,1.8535,0.087
2014-04-30,4296.049,84.126,208.222,2169061.0,2461764.0,365063.0,91045.0,4003.7009999999996,1.0,0.5,,0.125,0.25,2609.418,17518.508,0.25,0.09,0.42,-0.784,-0.82,1.952858,0.711277,3.436019,1.831129,2.03749,0.1575993413145648,1.06,1.8501,0.088
2014-05-31,4322.654,33.573,164.726,2197095.0,2539730.0,366984.0,93131.0,4124.3550000000005,1.0,0.5,,0.125,0.25,2629.199,17518.508,0.25,0.08,0.37,-0.804,-0.74,2.127112,0.495512,3.668639,1.522843,2.276423,0.0638350763972521,1.05,1.7929,0.088
2014-06-30,4368.348,107.244,339.481,2088099.0,2577613.0,365009.0,91105.0,3921.6230000000005,1.0,0.5,,0.125,0.15,2640.303,17518.508,0.25,0.09,0.47,-0.796,-0.71,2.072341,0.494957,3.668639,1.932859,2.357724,0.016415252528116,1.1,1.9443,0.073
2014-07-31,4406.637,62.335,156.374,2044312.0,2689676.0,365346.0,93851.0,4187.928,1.0,0.5,,0.125,0.15,2809.004,17804.228,0.25,0.08,0.53,-0.753,-0.52,1.992329,0.375587,3.423849,1.62767,2.112104,0.0056386898885172,1.1,1.9415,0.067
2014-08-31,4413.736,40.217,172.59,2038716.0,2758955.0,365290.0,91781.0,4200.929,1.0,0.5,,0.125,0.15,2778.794,17804.228,0.25,0.07,0.48,-0.735,-0.32,1.699611,0.356339,3.415783,1.519757,2.112104,-0.0473967107675532,1.1,1.6623,0.073
2014-09-30,4459.05,114.828,300.0,2038235.0,2770994.0,352386.0,92204.0,4044.2219999999998,1.0,0.5,,0.125,0.05,2732.58,17804.228,0.25,0.07,0.58,-0.685,-0.37,1.657919,0.317312,3.286385,1.210898,2.027575,-0.0965022800761432,1.13,1.7401,0.078
2014-10-31,4486.754,118.424,186.282,2052070.0,2868380.0,365165.0,93062.0,4182.048,1.0,0.5,,0.125,0.05,2629.809,17912.079,0.25,0.07,0.5,-0.655,-0.37,1.66434,0.39245,2.930832,1.311806,2.357724,-0.0826690687449698,1.02,1.5318,0.03
2014-11-30,4485.931,79.769,173.91,2053892.0,2973747.0,367181.0,92366.0,4232.2519999999995,1.0,0.5,,0.125,0.05,2486.574,17912.079,0.25,0.08,0.47,-0.659,-0.18,1.322355,0.289882,2.461899,0.907258,1.95122,-0.0667006797005105,0.95,1.2754,0.01
2014-12-31,4497.66,192.063,171.12,2150247.0,3002117.0,364582.0,94112.0,4134.477,1.0,0.5,,0.125,0.05,2574.784,17912.079,0.25,0.06,0.67,-0.581,0.17,0.756493,-0.167723,2.459016,0.502008,1.466993,-0.1162599667172621,1.01,1.1641,-0.028
2015-01-31,4500.064,201.192,190.842,2181954.0,3111731.0,367924.0,93932.0,4108.030000000001,0.75,0.5,,0.125,0.05,2665.153,18063.529,0.25,0.06,0.47,-0.514,0.42,-0.089348,-0.593723,2.461899,0.30303,0.974817,-0.1420980107298464,0.39,0.8834,0.01
2015-02-28,4486.725,68.114,155.001,2155836.0,3204418.0,370326.0,93072.0,4263.610000000001,0.75,0.5,,0.125,0.05,2328.963,18063.529,0.25,0.06,0.63,-0.532,0.31,-0.02513,-0.281849,2.227433,0.0,1.047542,-0.2010120048677314,0.47,1.2447,0.015
2015-03-31,4480.603,85.907,202.235,2250801.0,3235937.0,369760.0,92443.0,4192.461,0.75,0.5,,0.125,0.05,2706.627,18063.529,0.25,0.06,0.56,-0.546,0.28,-0.073637,-0.065153,2.339181,0.0,1.201923,-0.2243697700188303,0.51,1.0701,0.037
2015-04-30,4471.499,219.702,130.464,2360790.0,3328186.0,377516.0,95238.0,4121.333,0.75,0.5,,0.125,0.05,2593.777,18279.784,0.25,0.08,0.58,-0.553,0.17,-0.199517,0.204442,0.687285,-0.1998,0.798722,-0.2066047888869402,0.68,1.2792,0.0
2015-05-31,4463.981,175.577,160.201,2416666.0,3431402.0,382471.0,95846.0,4128.2029999999995,0.75,0.5,,0.125,0.05,2510.791,18279.784,0.25,0.08,0.61,-0.554,0.14,-0.039933,0.595404,0.570776,0.1,0.874404,-0.2268033169818473,0.57,1.2528,-0.008
2015-06-30,4495.055,239.498,192.602,2539544.0,3454395.0,380853.0,95780.0,4062.955000000001,0.75,0.5,,0.125,0.05,2530.324,18279.784,0.25,0.08,0.64,-0.547,-0.07,0.123771,0.492519,0.342466,0.0,1.032566,-0.2282906410996241,0.49,1.4461,-0.003
2015-07-31,4485.48,196.825,131.978,2536592.0,3542941.0,384027.0,98528.0,4156.677,0.5,0.5,,0.125,0.05,2624.646,18401.626,0.25,0.08,0.67,-0.506,0.17,0.16957,0.551918,0.228311,0.1001,1.272872,-0.2559746368224578,0.41,1.3418,0.005
2015-08-31,4475.105,128.581,149.694,2558780.0,3614591.0,384169.0,97045.0,4196.829999999999,0.5,0.5,,0.125,0.05,2682.256,18401.626,0.25,0.08,0.74,-0.423,0.16,0.195079,0.43917,0.113895,0.0998,1.272872,-0.218853389635659,0.44,1.2903,0.007
2015-09-30,4484.111,145.165,199.614,2620631.0,3661278.0,378190.0,97720.0,4139.332,0.5,0.5,,0.125,0.05,2514.321,18401.626,0.25,0.07,0.64,-0.411,0.23,-0.03613,0.213973,0.0,-0.099701,1.033386,-0.2369035150266789,0.53,1.1354,0.015
2015-10-31,4489.339,47.1,225.326,2664996.0,3735537.0,382729.0,99236.0,4216.913,0.5,0.5,,0.125,0.05,2657.762,18435.137,0.25,0.07,0.75,-0.471,0.26,0.170574,0.381608,0.22779,-0.099602,1.032566,-0.3134306329592951,0.57,1.2597,0.002
2015-11-30,4477.088,163.491,139.594,2706740.0,3812542.0,381723.0,98033.0,4174.003,0.5,0.5,,0.125,0.05,2553.608,18435.137,0.25,0.08,0.94,-0.446,0.63,0.501798,0.121212,0.228833,0.1998,1.355662,-0.4029375934540686,0.63,1.2108,-0.008
2015-12-31,4486.587,290.467,474.591,2767815.0,3831076.0,379866.0,102679.0,3721.529000000001,0.5,0.5,,0.375,0.05,2306.241,18435.137,0.5,0.2,1.06,-0.363,0.78,0.72952,0.242673,0.114286,0.1998,1.606426,-0.3462793725268485,0.48,1.3385,-0.033
2016-01-31,4482.349,341.996,114.573,2808331.0,3964498.0,378342.0,100946.0,4025.78,0.5,0.5,,0.375,0.05,2395.752,18525.933,0.5,0.29,0.76,-0.304,0.69,1.373087,0.322336,-0.114416,0.20141,2.011263,-0.4661021702851506,0.42,0.9225,-0.083
2016-02-29,4489.796,237.95,94.123,2850299.0,4037909.0,381650.0,99210.0,4157.723000000001,0.5,0.5,,0.375,0.05,2421.445,18525.933,0.5,0.29,0.78,-0.326,0.81,1.0178,-0.131901,0.229358,0.301508,1.355662,-0.5356489751050475,0.51,0.6628,-0.245
2016-03-31,4482.84,284.66,303.849,2897696.0,4056481.0,383454.0,98938.0,3894.331,0.5,0.5,,0.375,0.0,2408.417,18525.933,0.5,0.25,0.73,-0.379,0.86,0.852536,-0.037254,0.0,0.501505,1.266825,-0.4904551380587385,0.54,0.7755,-0.206
2016-04-30,4474.665,346.166,65.558,3000759.0,4144163.0,386466.0,101312.0,4062.941,0.5,0.5,,0.375,0.0,2374.158,18711.702,0.5,0.3,0.77,-0.392,0.75,1.12511,-0.259668,-0.227531,0.3003,1.664025,-0.5024367071229285,0.68,0.9423,-0.244
2016-05-31,4461.111,268.619,102.627,3067481.0,4256697.0,387487.0,102545.0,4089.8650000000002,0.5,0.5,,0.375,0.0,2332.537,18711.702,0.5,0.29,0.87,-0.381,0.92,1.019323,-0.110978,-0.45403,0.2997,1.497242,-0.5254433705933028,0.61,0.8682,-0.239
2016-06-30,4466.482,337.093,278.809,3131095.0,4327586.0,387635.0,102463.0,3850.58,0.5,0.5,,0.375,0.0,2256.344,18711.702,0.5,0.3,0.58,-0.357,0.87,0.997326,0.055484,-0.341297,0.399202,1.493711,-0.6609447949233811,0.52,0.3749,-0.299
2016-07-31,4464.498,325.499,110.518,3284309.0,4430848.0,390791.0,106990.0,4028.4809999999998,0.5,0.5,,0.375,0.0,2322.008,18892.639,0.5,0.3,0.67,-0.367,1.04,0.827139,0.167457,-0.455581,0.6,1.256874,-0.6532821141232463,0.54,0.2656,-0.251
2016-08-31,4457.907,274.195,171.368,3330487.0,4529802.0,401777.0,104327.0,4012.3440000000005,0.5,0.25,,0.375,0.0,2337.96,18892.639,0.5,0.3,0.8,-0.36,1.05,1.062875,0.223277,-0.568828,0.598205,1.099764,-0.6527914235767716,0.58,0.2244,-0.197
2016-09-30,4452.002,351.7,412.523,3438145.0,4568058.0,398719.0,103473.0,3687.7790000000005,0.5,0.25,-0.1,0.375,0.0,2131.792,18892.639,0.5,0.29,0.77,-0.346,0.9,1.463784,0.3899,-0.454545,0.898204,1.33753,-0.7197846188872381,0.52,0.2701,-0.289
2016-10-31,4454.326,429.027,214.798,3507401.0,4633922.0,417421.0,104690.0,3810.501,0.5,0.25,-0.1,0.375,0.0,2061.583,19089.379,0.5,0.31,0.86,-0.387,0.73,1.635988,0.500695,0.113636,0.897308,1.493711,-0.6629803169261805,0.55,0.6232,-0.247
2016-11-30,4446.307,409.36,208.524,3566230.0,4711310.0,432690.0,103769.0,3828.423,0.5,0.25,-0.1,0.375,0.0,2096.684,19089.379,0.5,0.31,1.11,-0.436,0.74,1.692537,0.586701,0.570776,1.09671,1.180173,-0.7791404456553979,0.7,0.6576,-0.167
2016-12-31,4451.451,380.679,468.355,3662901.0,4764980.0,446877.0,106006.0,3602.417,0.5,0.25,-0.1,0.625,0.0,1952.555,19089.379,0.75,0.55,1.2,-0.473,0.98,2.074622,1.108007,0.342466,1.595214,1.501976,-0.8000982626405939,0.74,0.5349,-0.187
2017-01-31,4452.838,390.842,180.162,3740766.0,4819817.0,457926.0,106487.0,3881.834,0.5,0.25,-0.1,0.625,0.0,2116.497,19280.084,0.75,0.56,1.19,-0.492,0.84,2.500042,1.729352,0.45819,1.909548,2.129338,-0.6920974197856666,0.77,0.7051,-0.209
2017-02-28,4468.702,258.292,204.651,3808242.0,4879011.0,479460.0,105541.0,4005.759,0.5,0.25,-0.1,0.625,0.0,2239.022,19280.084,0.75,0.57,1.22,-0.493,0.9,2.737958,1.962264,0.228833,2.304609,2.045633,-0.8952173566631316,0.74,0.4161,-0.262
2017-03-31,4469.618,65.187,346.853,4100730.0,4900893.0,497629.0,103591.0,4057.5780000000004,0.5,0.25,-0.1,0.875,0.0,2308.932,19280.084,1.0,0.82,1.27,-0.486,1.04,2.380612,1.527998,0.114286,2.295409,1.563722,-0.7283535794793483,0.75,0.4392,-0.204
2017-04-30,4470.142,234.219,181.976,4148032.0,4977463.0,508307.0,106239.0,4053.9469999999997,0.5,0.25,-0.1,0.875,0.0,2239.041,19438.643,1.0,0.83,1.28,-0.512,1.06,2.19969,1.90609,0.342075,2.694611,1.636789,-0.7320803590402449,0.72,0.3971,-0.207
2017-05-31,4459.914,170.984,256.176,4195685.0,5008008.0,512536.0,107127.0,4032.7539999999995,0.5,0.25,-0.1,0.875,0.0,2221.628,19438.643,1.0,0.83,1.28,-0.549,1.13,1.874878,1.379502,0.4561,2.888446,1.319876,-0.7359024097670401,0.69,0.3815,-0.162
2017-06-30,4463.347,208.365,398.875,4209510.0,5021084.0,516407.0,108618.0,3856.107,0.5,0.25,-0.1,1.125,0.0,2162.742,19438.643,1.25,1.06,1.38,-0.571,1.28,1.633488,1.2939,0.456621,2.683897,1.006971,-0.5860358511646915,1.09,0.6268,-0.115
2017-07-31,4465.284,191.404,204.622,4248280.0,5055602.0,523685.0,112275.0,4069.2579999999994,0.75,0.25,-0.1,1.125,0.0,2280.565,19692.595,1.25,1.07,1.34,-0.579,1.21,1.727978,1.33742,0.457666,2.584493,1.163693,-0.6677879301542609,1.31,0.5456,-0.117
2017-08-31,4452.36,61.057,213.486,4278881.0,5115845.0,521192.0,110154.0,4177.817,0.75,0.25,-0.1,1.125,0.0,2364.546,19692.595,1.25,1.07,1.33,-0.562,1.25,1.938974,1.540889,0.686499,2.874133,1.398601,-0.7341663992199683,1.27,0.4129,-0.162
2017-09-30,4455.661,164.652,316.09,4318624.0,5134438.0,524096.0,109794.0,3974.919,1.0,0.25,-0.1,1.125,0.0,2212.709,19692.595,1.25,1.06,1.47,-0.572,1.3,2.232964,1.562789,0.684932,2.967359,1.552795,-0.6999581196698683,1.52,0.7836,-0.12
2017-10-31,4461.117,196.332,173.605,4371222.0,5180461.0,532868.0,111101.0,4091.18,1.0,0.25,-0.1,1.125,0.0,2243.832,20037.088,1.25,1.07,1.6,-0.597,1.43,2.041129,1.383892,0.227015,2.964427,1.394268,-0.744982685394139,1.39,0.7894,-0.16
2017-11-30,4438.592,172.282,102.719,4427474.0,5218600.0,534116.0,110130.0,4163.590999999999,1.0,0.5,-0.1,1.125,0.0,2294.895,20037.088,1.25,1.07,1.78,-0.604,1.82,2.202583,1.536895,0.567537,3.155819,2.099533,-0.7021452827025936,1.43,0.8238,-0.16
2017-12-31,4448.68,190.283,319.595,4471563.0,5214161.0,537810.0,111404.0,3938.8019999999997,1.0,0.5,-0.1,1.375,0.0,2201.425,20037.088,1.5,1.33,1.89,-0.615,2.03,2.109082,1.335298,1.023891,2.944063,1.869159,-0.6352172241188692,1.68,0.734,-0.14
2018-01-31,4419.225,270.244,65.797,4493058.0,5267036.0,545457.0,111495.0,4083.1840000000007,1.25,0.5,-0.1,1.375,0.0,2203.63,20328.553,1.5,1.34,2.14,-0.606,2.13,2.070508,1.291222,1.368301,2.95858,1.698842,-0.5247320548608307,1.84,1.0449,-0.137
2018-02-28,4393.401,202.62,44.51,4511540.0,5331792.0,565476.0,110557.0,4146.271,1.25,0.5,-0.1,1.375,0.0,2232.947,20328.553,1.5,1.35,2.25,-0.544,2.16,2.211795,1.110289,1.484018,2.742409,2.158828,-0.572716156433839,1.78,1.0857,-0.16
2018-03-31,4392.198,318.858,17.898,4529579.0,5282856.0,555808.0,109120.0,4055.442,1.25,0.5,-0.1,1.625,0.0,2113.321,20328.553,1.75,1.67,2.27,-0.497,2.45,2.359711,1.394879,1.141553,2.439024,2.309469,-0.609956169598294,1.77,1.0352,-0.137
2018-04-30,4372.886,359.599,13.83,4554344.0,5350510.0,569636.0,111367.0,3999.4570000000003,1.25,0.5,-0.1,1.625,0.0,2052.59,20580.912,1.75,1.69,2.49,-0.539,2.6,2.462744,1.222628,0.568182,2.429543,2.223926,-0.5709839086652089,1.89,1.0427,-0.137
2018-05-31,4327.519,325.351,21.475,4562651.0,5408036.0,567846.0,112352.0,3980.693,1.25,0.5,-0.1,1.625,0.0,2019.681,20580.912,1.75,1.7,2.4,-0.567,2.73,2.801012,1.954338,0.681044,2.420136,2.222222,-0.6913572167228086,1.9,0.8716,-0.144
2018-06-30,4305.491,373.94,96.97,4592518.0,5370168.0,562760.0,111902.0,3834.581,1.25,0.5,-0.1,1.875,0.0,1940.847,20580.912,1.95,1.91,2.52,-0.543,2.87,2.871548,1.979927,0.681818,2.420136,2.453988,-0.682019234848231,1.91,0.9642,-0.129
2018-07-31,4277.681,348.886,9.045,4612006.0,5463108.0,561824.0,115295.0,3919.7499999999995,1.5,0.5,-0.1,1.875,0.0,1947.119,20798.73,1.95,1.91,2.67,-0.566,2.92,2.949515,2.19045,0.911162,2.51938,2.990798,-0.5930745643892292,2.07,1.0186,-0.119
2018-08-31,4218.914,342.543,0.39,4621355.0,5509363.0,566511.0,115518.0,3875.9809999999998,1.5,0.75,-0.1,1.875,0.0,1883.924,20798.73,1.95,1.91,2.62,-0.6,3.0,2.69918,2.084286,1.25,2.601156,2.835249,-0.6269550761316642,2.06,1.0023,-0.119
2018-09-30,4192.909,370.031,48.43,4619792.0,5456615.0,563882.0,115061.0,3774.448,1.5,0.75,-0.1,2.125,0.0,1832.5,20798.73,2.2,2.18,2.81,-0.596,3.14,2.276972,2.075936,1.133787,2.401537,2.217125,-0.5451433434200164,2.21,1.1377,-0.114
2018-10-31,4139.731,373.368,4.815,4624792.0,5518054.0,566022.0,115823.0,3761.548,1.75,0.75,-0.1,2.125,0.0,1802.252,20917.867,2.2,2.2,2.87,-0.555,3.17,2.52247,2.275002,1.359003,2.399232,2.444614,-0.6299003250758028,2.33,0.9974,-0.125
2018-11-30,4097.17,340.596,2.49,4660299.0,5555010.0,564113.0,113939.0,3754.0840000000003,1.75,0.75,-0.1,2.125,0.0,1738.659,20917.867,2.2,2.2,2.8,-0.466,3.21,2.176601,1.914835,0.790068,2.294455,1.675552,-0.6361893579852991,2.16,0.93,-0.135
2018-12-31,4075.636,374.085,41.848,4669003.0,5520843.0,562450.0,118316.0,3659.703,1.75,0.75,-0.1,2.375,0.0,1661.223,20917.867,2.4,2.4,2.48,-0.433,3.02,1.910159,1.526718,0.225225,2.097235,1.987768,-0.6582477614142714,1.86,0.9011,-0.139
2019-01-31,4039.678,403.276,1.051,4708899.0,5569180.0,562970.0,115685.0,3635.351,1.75,0.75,-0.1,2.375,0.0,1617.539,21111.6,2.4,2.4,2.45,-0.513,2.98,1.551235,1.393984,0.224972,1.819923,1.442673,-0.5821824089825123,1.77,0.8841,-0.169
2019-02-28,3974.59,310.574,3.415,4692062.0,5619262.0,565239.0,114607.0,3660.601,1.75,0.75,-0.1,2.375,0.0,1640.75,21111.6,2.4,2.4,2.52,-0.586,2.88,1.520135,1.491581,0.224972,1.811249,1.509434,-0.5375636107662469,1.78,0.9616,-0.154
2019-03-31,3955.617,310.868,0.731,4695785.0,5570243.0,552981.0,114166.0,3644.018,1.75,0.75,-0.1,2.375,0.0,1622.282,21111.6,2.4,2.43,2.27,-0.61,2.63,1.862523,1.402842,0.564334,1.904762,1.881114,-0.6201085047184351,1.55,0.7346,-0.183
2019-04-30,3928.273,378.602,0.015,4697616.0,5620357.0,568260.0,115875.0,3549.6560000000004,1.75,0.75,-0.1,2.375,0.0,1505.43,21397.938,2.4,2.45,2.27,-0.618,2.69,1.99644,1.712637,0.903955,2.087287,2.025506,-0.5937872516143656,1.56,0.8625,-0.153
2019-05-31,3851.444,247.777,0.855,4685961.0,5671565.0,567153.0,116229.0,3602.812,1.75,0.75,-0.1,2.375,0.0,1544.711,21397.938,2.35,2.4,1.95,-0.583,2.6,1.790228,1.218201,0.676437,1.984877,2.398801,-0.6869487790477953,1.43,0.6522,-0.179
2019-06-30,3826.817,248.302,44.307,4692614.0,5648665.0,565471.0,116398.0,3534.208,1.75,0.75,-0.1,2.375,0.0,1504.737,21397.938,2.35,2.4,1.75,-0.578,2.15,1.648485,1.261519,0.677201,1.984877,2.020958,-0.7454175604950399,1.47,0.6097,-0.222
2019-07-31,3779.102,163.763,7.367,4685716.0,5683142.0,563104.0,118362.0,3607.9719999999998,1.75,0.75,-0.1,2.375,0.0,1534.523,21717.171,2.35,2.4,1.89,-0.581,2.27,1.811465,1.03139,0.564334,1.984877,2.010424,-0.793812569790453,1.55,0.3829,-0.209
2019-08-31,3759.946,145.957,12.089,4683714.0,5727192.0,554163.0,118751.0,3601.9,1.75,0.75,-0.1,2.125,0.0,1498.68,21717.171,2.1,2.13,1.5,-0.529,2.54,1.74978,1.01191,0.3367,1.784038,1.937407,-0.929722253152978,1.35,0.2976,-0.307
2019-09-30,3857.715,314.189,7.057,4638104.0,5698026.0,552782.0,116096.0,3536.4690000000005,1.75,0.75,-0.1,1.875,0.0,1400.171,21717.171,1.8,1.9,1.63,-0.513,2.56,1.711305,0.838462,0.224215,1.782364,1.869858,-0.8056211899408283,1.58,0.2593,-0.323
2019-10-31,4019.823,389.872,2.851,4680875.0,5756702.0,561823.0,118667.0,3627.1,1.75,0.75,-0.1,1.625,0.0,1483.702,21933.217,1.55,1.58,1.52,-0.554,2.44,1.764043,0.720705,0.223464,1.499531,1.86428,-0.6935057375135303,1.52,0.4053,-0.239
2019-11-30,4052.875,360.941,0.75,4698291.0,5785322.0,559127.0,118017.0,3691.184,1.75,0.75,-0.1,1.625,0.0,1526.697,21933.217,1.55,1.56,1.61,-0.574,2.43,2.051278,0.957323,0.55991,1.401869,2.172285,-0.6469481468626892,1.58,0.4961,-0.179
2019-12-31,4165.591,367.82,64.087,4691998.0,5730531.0,553563.0,119425.0,3733.684,1.75,0.75,-0.1,1.625,0.0,1651.927,21933.217,1.55,1.55,1.58,-0.559,2.29,2.28513,1.32474,0.786517,1.30719,2.248876,-0.6183938631328096,1.69,0.5496,-0.134
2020-01-31,4151.63,432.061,4.5,4671365.0,5783352.0,550039.0,119163.0,3715.069,1.75,0.75,-0.1,1.625,0.0,1616.342,21751.238,1.6,1.59,1.33,-0.626,2.25,2.486572,1.365774,0.785634,1.787394,2.39521,-0.6798593217539244,1.43,0.401,-0.159
2020-02-29,4158.637,439.365,2.187,4691852.0,5849208.0,549012.0,121543.0,3717.085,1.75,0.75,-0.1,1.625,0.0,1626.469,21751.238,1.6,1.58,0.86,-0.293,2.19,2.334874,1.217203,0.561167,1.685393,2.156134,-0.7861478169195122,1.14,0.2822,-0.258
2020-03-31,5254.278,390.252,284.908,5062687.0,6044846.0,556125.0,154094.0,4579.1179999999995,0.25,0.1,-0.1,0.125,0.0,2186.971,21751.238,0.1,0.08,0.23,0.276,1.61,1.539327,0.740807,0.561167,1.495327,0.886263,-0.7059234486470767,0.42,0.1548,-0.13
2020-04-30,6655.929,997.507,1.775,5347042.0,6190306.0,669230.0,384412.0,5656.647000000001,0.25,0.1,-0.1,0.125,0.0,3159.142,19958.291,0.1,0.05,0.2,0.162,1.66,0.329097,0.319036,0.223964,0.836431,-0.220588,-0.7058396567979206,0.3,0.1059,-0.184
2020-05-31,7097.316,1310.491,1.325,5596070.0,6385922.0,734772.0,464054.0,5785.5,0.25,0.1,-0.1,0.125,0.0,3268.144,19958.291,0.1,0.05,0.16,-0.27,1.33,0.117926,0.079646,0.223964,0.55607,-0.366032,-0.6337230426563956,0.28,-0.02,-0.164
2020-06-30,7082.302,1623.942,0.95,6236143.0,6489462.0,773696.0,521387.0,5457.41,0.25,0.1,-0.1,0.125,0.0,2918.756,19958.291,0.1,0.08,0.16,-0.386,1.27,0.645733,0.265065,0.112108,0.648749,0.660308,-0.6942297983987724,0.28,-0.0702,-0.14
2020-07-31,6949.032,1816.687,0.15,6360822.0,6658852.0,791855.0,546949.0,5132.195000000001,0.25,0.1,-0.1,0.125,0.0,2615.272,21704.437,0.1,0.1,0.11,-0.477,1.28,0.986082,0.381713,0.224467,1.112141,0.145985,-0.7097444067189911,0.26,-0.1426,-0.144
2020-08-31,6990.418,1622.69,0.011,6440237.0,6828990.0,816838.0,542319.0,5367.716999999999,0.25,0.1,-0.1,0.125,0.0,2815.794,21704.437,0.1,0.09,0.14,-0.511,0.99,1.309645,-0.16844,0.0,0.184502,0.146199,-0.6632123237944327,0.28,-0.0211,-0.115
2020-09-30,7056.129,1679.152,0.85,6534815.0,6900269.0,813601.0,533041.0,5376.1269999999995,0.25,0.1,-0.1,0.125,0.0,2839.316,21704.437,0.1,0.09,0.13,-0.495,1.01,1.371325,-0.318443,-0.223714,0.552995,0.51395,-0.6921246168744761,0.25,-0.0503,-0.14
2020-10-31,7146.306,1680.933,0.001,6775763.0,6982309.0,836393.0,531054.0,5465.371999999999,0.25,0.1,-0.1,0.125,0.0,2880.781,22087.16,0.1,0.09,0.14,-0.51,0.72,1.182066,-0.265018,-0.557414,0.738689,0.658858,-0.8008034978971357,0.26,-0.0467,-0.125
2020-11-30,7216.48,1517.215,0.006,6883402.0,7053047.0,852712.0,535424.0,5699.258999999999,0.25,0.1,-0.1,0.125,0.0,3083.636,22087.16,0.1,0.09,0.16,-0.572,0.61,1.174536,-0.274725,-1.002227,0.368664,0.953079,-0.7521799828321072,0.25,0.0368,-0.13
2020-12-31,7363.351,1591.055,9.651,7014661.0,7025822.0,853114.0,548367.0,5762.6449999999995,0.25,0.1,-0.1,0.125,0.0,3122.156,22087.16,0.1,0.09,0.13,-0.608,0.37,1.362005,-0.265018,-1.114827,0.645161,0.733138,-0.7668552891848657,0.2,-0.0503,-0.125
2021-01-31,7404.926,1633.54,7.1,7033256.0,7094935.0,862518.0,561671.0,5764.286,0.25,0.1,-0.1,0.125,0.0,3163.008,22680.693,0.1,0.07,0.11,-0.623,0.21,1.39977,0.901222,-0.668151,0.739372,1.023392,-0.7531842013786023,0.15,0.0187,-0.129
2021-02-28,7590.111,1529.977,11.2,7110487.0,7126021.0,880984.0,573095.0,6048.934,0.25,0.1,-0.1,0.125,0.0,3369.02,22680.693,0.1,0.07,0.14,-0.631,-0.19,1.676215,0.935329,-0.558036,0.460405,1.091703,-0.6666728489905649,0.3,0.393,-0.114
2021-03-31,7688.988,1025.727,134.307,7505021.0,7145566.0,875953.0,552386.0,6528.954000000001,0.25,0.1,-0.1,0.125,0.0,3876.162,22680.693,0.1,0.06,0.16,-0.652,-0.33,2.619763,1.337822,-0.446429,0.736648,2.196193,-0.7218383025045352,0.22,0.3888,-0.13
2021-04-30,7780.962,967.689,183.234,7567945.0,7202316.0,903072.0,482916.0,6630.039,0.25,0.1,-0.1,0.125,0.0,3829.269,23425.91,0.1,0.05,0.16,-0.686,-0.39,4.159695,1.616608,-1.117318,1.474654,3.389831,-0.7046917694532093,0.3,0.3963,-0.13
2021-05-31,7903.541,812.473,479.498,7657629.0,7246409.0,918795.0,478884.0,6611.570000000001,0.25,0.1,-0.1,0.125,0.0,3805.178,23425.91,0.1,0.05,0.14,-0.698,-0.4,4.992707,1.980723,-0.782123,2.119816,3.600294,-0.6935810688240931,0.32,0.358,-0.125
2021-06-30,8078.544,745.962,991.939,7877127.0,7169006.0,915142.0,481247.0,6340.643,0.25,0.1,-0.1,0.125,0.0,3780.791,23425.91,0.15,0.08,0.25,-0.691,0.04,5.391451,1.903419,-0.447928,2.486188,3.061224,-0.6975142228883702,0.45,0.3658,-0.115
2021-07-31,8221.473,578.204,1039.394,7987364.0,7229429.0,933653.0,490821.0,6603.875,0.25,0.1,-0.1,0.125,0.0,3984.371,23982.379,0.15,0.07,0.19,-0.66,0.14,5.365475,2.175451,-0.223964,2.016499,3.717201,-0.803462493440618,0.45,0.2835,-0.125
2021-08-31,8332.743,301.43,1189.616,8191312.0,7267102.0,942309.0,491964.0,6841.697,0.25,0.1,-0.1,0.125,0.0,4167.748,23982.379,0.15,0.06,0.2,-0.652,0.17,5.251272,2.957109,-0.33557,3.222836,4.087591,-0.7652988842901691,0.43,0.3487,-0.13
2021-09-30,8447.981,197.744,1604.881,8273207.0,7240579.0,947528.0,496649.0,6645.355999999999,0.25,0.1,-0.1,0.125,0.0,4125.348,23982.379,0.15,0.06,0.28,-0.658,0.14,5.390349,3.363209,0.224215,3.024748,4.382761,-0.7205593344489154,0.53,0.6282,-0.115
2021-10-31,8556.181,213.291,1502.296,8366071.0,7251886.0,1024226.0,506342.0,6840.594000000001,0.25,0.1,-0.1,0.125,0.0,4077.17,24813.6,0.15,0.07,0.48,-0.626,0.41,6.221869,4.056687,0.112108,4.124656,4.654545,-0.6204530610444323,1.08,0.8074,-0.105
2021-11-30,8681.771,164.087,1517.956,8456991.0,7282186.0,1055139.0,498641.0,6999.728000000001,0.25,0.1,-0.1,0.125,0.0,4162.81,24813.6,0.15,0.07,0.52,-0.554,0.56,6.809003,4.860926,0.56243,5.142332,4.720407,-0.815302296062935,0.98,0.5894,-0.12
2021-12-31,8757.46,211.849,1904.582,8566372.0,7237659.0,1053851.0,499333.0,6641.028999999999,0.25,0.25,-0.1,0.125,0.0,4116.196,24813.6,0.15,0.07,0.73,-0.559,0.97,7.036403,4.960142,0.789177,5.40293,4.803493,-0.6791412595704998,0.95,0.7725,-0.095
2022-01-31,8860.485,614.877,1654.85,8622576.0,7251444.0,1064224.0,502368.0,6590.758,0.25,0.25,-0.1,0.125,0.0,3796.174,25250.347,0.15,0.08,1.18,-0.543,1.46,7.479872,5.111426,0.44843,5.412844,5.137482,-0.5723570248265979,1.28,1.1161,-0.055
2022-02-28,8928.129,697.838,1596.052,8671293.0,7305553.0,1057578.0,494499.0,6634.239000000001,0.25,0.5,-0.1,0.125,0.0,3769.869,25250.347,0.15,0.08,1.44,-0.437,2.24,7.871064,5.886506,1.010101,6.141155,5.687545,-0.5354174156368479,1.45,1.1505,-0.035
2022-03-31,8937.142,575.065,1871.97,8710615.0,7362535.0,1038586.0,486476.0,6490.106999999999,0.5,0.75,-0.1,0.375,0.0,3829.68,25250.347,0.4,0.33,2.28,-0.37,3.15,8.542456,7.440112,1.233184,7.038391,6.661891,-0.0860211316812611,2.27,1.422,-0.03
2022-04-30,8939.199,944.328,1906.802,8783589.0,7386915.0,1038760.0,483262.0,6088.069000000001,1.0,0.75,-0.1,0.375,0.0,3331.982,25861.292,0.4,0.33,2.7,-0.332,3.67,8.258629,7.45023,2.485876,8.991826,6.771205,0.2135319527189509,2.63,1.7111,-0.06
2022-05-31,8914.281,821.535,1978.538,8813834.0,7364911.0,1040845.0,467285.0,6114.2080000000005,1.0,1.0,-0.1,0.875,0.0,3306.18,25861.292,0.9,0.83,2.53,-0.253,3.59,8.581512,8.055146,2.477477,9.025271,7.730496,0.3577958329266786,2.67,1.7627,-0.07
2022-06-30,8913.553,756.627,2329.743,8835987.0,7327306.0,1039578.0,456478.0,5827.182999999999,1.5,1.25,-0.1,1.625,0.0,3130.087,25861.292,1.65,1.58,2.92,-0.163,4.51,9.059758,8.638879,2.362205,9.433962,8.132956,0.6429685731460477,3.1,1.9543,-0.065
2022-07-31,8890.004,602.945,2300.2,8764480.0,7253573.0,1033105.0,455774.0,5986.859000000001,2.5,1.25,-0.1,2.375,0.5,3256.875,26336.304,2.4,2.32,2.89,-0.212,4.51,8.524815,8.854077,2.581369,10.062893,7.589599,0.2543910607748882,2.96,1.645,-0.09
2022-08-31,8826.093,612.536,2251.025,8750036.0,7092488.0,1034750.0,439138.0,5962.532000000001,2.5,1.75,-0.1,2.375,0.5,3248.654,26336.304,2.4,2.33,3.45,-0.219,4.88,8.262693,9.134035,2.91807,9.812667,7.012623,1.0755895221438925,3.64,2.8261,-0.085
2022-09-30,8795.567,689.569,2425.91,8810111.0,6857902.0,1025035.0,431840.0,5680.088,3.25,2.25,-0.1,3.125,1.25,2960.598,26336.304,3.15,3.08,4.22,-0.096,6.08,8.20167,9.933036,3.020134,10.142349,6.857943,1.6662186292632288,3.79,4.2678,-0.05
2022-10-31,8723.09,634.548,2275.459,8770670.0,6959532.0,1039129.0,432056.0,5813.0830000000005,3.75,2.25,-0.1,3.125,1.25,3042.838,26770.514,3.15,3.08,4.51,-0.117,6.33,7.745427,10.606061,3.695409,11.091549,6.879778,1.9202924618193091,3.92,3.5365,-0.045
2022-11-30,8584.576,511.474,2115.913,8471442.0,6998931.0,1036958.0,414633.0,5957.1889999999985,3.75,3.0,-0.1,3.875,2.0,3168.995,26770.514,3.9,3.83,4.38,-0.175,6.57,7.110323,10.050847,3.803132,10.655022,6.796117,2.0378229449647427,3.89,3.2038,-0.03
2022-12-31,8551.169,427.926,2553.716,7955797.0,7039414.0,1017396.0,410756.0,5569.527,4.25,3.5,-0.1,4.375,2.5,3017.889,26770.514,4.4,4.33,4.41,-0.218,6.08,6.454401,9.206751,4.026846,10.512598,6.319444,2.565336451215762,4.06,3.6208,0.03
2023-01-31,8470.557,491.848,2061.572,7893991.0,7337761.0,997153.0,410764.0,5917.137000000001,4.5,3.5,-0.1,4.375,2.5,3031.889,27216.445,4.4,4.33,4.21,-0.304,6.11,6.410147,8.640417,4.352679,10.008703,5.918789,2.5071773696943893,3.76,3.2127,-0.01
2023-02-28,8382.19,477.333,2188.035,7839385.0,7395800.0,994100.0,393601.0,5716.822000000001,4.5,4.0,-0.1,4.625,3.0,3016.577,27216.445,4.65,4.57,4.81,-0.267,6.6,6.035613,8.501417,3.222222,10.44905,5.245232,3.0819028976254854,4.21,3.718,-0.026
2023-03-31,8705.942,183.577,2375.171,7729612.0,7351165.0,994496.0,382420.0,6147.1939999999995,4.5,4.25,-0.1,4.875,3.5,3437.592,27216.445,4.9,4.83,4.06,-0.146,6.0,4.984974,6.884205,3.322259,10.076857,4.298187,2.6178698624258403,3.74,3.4538,-0.061
2023-04-30,8562.768,291.702,2325.479,7719816.0,7400726.0,966776.0,382501.0,5945.587000000001,4.5,4.25,-0.1,4.875,3.5,3135.655,27530.055,4.9,4.83,4.04,-0.187,6.12,4.93032,6.941748,3.417861,8.666667,4.405875,2.6848043965691053,3.65,3.6678,-0.045
2023-05-31,8385.854,48.954,2254.859,7713658.0,7455518.0,971864.0,365950.0,6082.040999999999,4.5,4.5,-0.1,5.125,3.75,3309.447,27530.055,5.15,5.08,4.4,-0.211,6.37,4.047609,6.106564,3.186813,8.692053,3.357472,2.6441031237,4.22,4.1915,-0.06
2023-06-30,8340.914,390.571,2034.319,7219695.0,7328285.0,963883.0,357507.0,5916.024000000001,4.75,5.0,-0.1,5.125,4.0,3171.567,27530.055,5.15,5.08,4.87,-0.227,7.18,2.969178,5.524158,3.296703,7.963875,2.812296,3.1194082381,4.58,4.7289,-0.075
2023-07-31,8243.344,543.597,1821.124,7189296.0,7416142.0,927383.0,357781.0,5878.623,5.0,5.0,-0.1,5.375,4.0,3172.244,28074.846,5.4,5.33,4.88,-0.28,7.18,3.17778,5.311283,3.282276,6.857143,3.265839,3.0155475324,4.67,4.4359,0.0
2023-08-31,8121.316,470.8,1651.602,7154855.0,7485376.0,922253.0,349021.0,5998.914,5.0,5.25,-0.1,5.375,4.25,3238.345,28074.846,5.4,5.33,4.85,-0.333,7.2,3.665112,5.247767,3.162486,6.661251,3.997379,2.9548772685,4.64,4.4534,0.025
2023-09-30,8002.064,681.143,1557.569,7066454.0,7414910.0,910859.0,323498.0,5763.352000000001,5.0,5.25,-0.1,5.375,4.5,3170.324,28074.846,5.4,5.33,5.03,-0.31,6.84,3.699698,4.326435,3.040174,6.623586,3.798297,3.1572218833,4.87,4.327,0.044
2023-10-31,7907.83,834.418,1137.697,7019671.0,7506502.0,893561.0,323823.0,5935.715,5.0,5.25,-0.1,5.375,4.5,3261.886,28424.722,5.4,5.33,5.07,-0.283,6.74,3.241145,2.909035,3.347732,4.59588,3.120936,2.9879266452,4.63,4.3555,0.149
2023-11-30,7796.145,739.209,887.822,6995799.0,7557805.0,893904.0,319571.0,6169.1140000000005,5.0,5.25,-0.1,5.375,4.5,3441.581,28424.722,5.4,5.33,4.73,-0.32,6.83,3.137271,2.394887,2.909483,3.94633,3.116883,2.8061242815,4.2,4.0655,0.049
2023-12-31,7712.781,731.405,1018.483,6935489.0,7499632.0,890537.0,316924.0,5962.893,5.0,5.25,-0.1,5.375,4.5,3446.459,28424.722,5.4,5.33,4.23,-0.367,6.11,3.352123,2.920949,2.580645,3.930818,3.396473,2.4363455063,3.88,3.3583,0.048
2024-01-31,7630.124,841.55,615.379,6887588.0,7564336.0,868411.0,322081.0,6173.195,5.0,5.25,-0.1,5.375,4.5,3526.23,28708.161,5.4,5.33,4.27,-0.396,5.83,3.090885,2.7724,2.139037,4.03481,2.858999,2.4737329487,4.0,3.6427,0.094
2024-02-29,7567.807,785.821,502.074,6830940.0,7604307.0,872593.0,313557.0,6279.912,5.0,5.25,-0.1,5.375,4.5,3567.552,28708.161,5.4,5.33,4.64,-0.427,6.29,3.153171,2.581042,2.798708,3.440188,2.783172,2.9012443273,4.18,4.0167,0.19
2024-03-31,7484.739,802.233,594.428,6619689.0,7564231.0,879640.0,306791.0,6088.0779999999995,5.0,5.25,0.05,5.375,4.5,3496.121,28708.161,5.4,5.33,4.59,-0.433,6.16,3.477385,2.436239,2.679528,3.18076,2.897618,2.7981962094,4.17,3.802,0.189
2024-04-30,7402.434,941.43,534.234,6598860.0,7583199.0,857994.0,283791.0,5926.7699999999995,5.0,5.25,0.05,5.375,4.5,3324.363,29147.044,5.4,5.33,5.04,-0.414,6.37,3.357364,2.375548,2.558635,2.377301,2.685422,2.9967567161,4.34,4.2681,0.275
2024-05-31,7284.319,704.335,439.806,6560665.0,7610851.0,859402.0,283122.0,6140.178000000001,5.0,5.25,0.05,5.375,4.5,3409.342,29147.044,5.4,5.33,4.89,-0.409,6.38,3.269029,2.556152,2.768903,1.980198,2.866242,3.0193484923,4.17,4.2045,0.399
2024-06-30,7231.163,765.417,664.57,6522003.0,7536709.0,857899.0,272975.0,5801.1759999999995,4.75,5.25,0.05,5.375,4.25,3302.647,29147.044,5.4,5.33,4.71,-0.38,6.27,2.971397,2.511881,2.765957,1.977186,2.671756,2.7993707466,3.99,4.0484,0.353
2024-07-31,7178.391,786.486,413.2,6475497.0,7617141.0,840455.0,289301.0,5978.705,4.5,5.25,0.05,5.375,4.25,3293.519,29511.664,5.4,5.33,4.29,-0.36,5.76,2.894753,2.589656,2.754237,2.215432,2.530044,2.5822152139,3.46,3.7857,0.45
2024-08-31,7123.238,745.851,433.13,6473096.0,7648115.0,848694.0,289447.0,5944.2570000000005,4.5,5.0,0.25,5.375,4.25,3313.566,29511.664,5.4,5.33,3.91,-0.391,5.11,2.53073,2.170158,3.065539,2.284844,1.953371,2.3591456102,3.33,3.792,0.363
2024-09-30,7080.059,806.771,465.638,6398397.0,7532992.0,831709.0,278711.0,5807.650000000001,4.25,5.0,0.25,4.875,3.5,3169.149,29511.664,4.9,4.83,3.66,-0.427,4.49,2.440633,1.751628,2.528978,1.666667,1.640379,2.0342844512,2.91,3.7386,0.394
2024-10-31,7013.49,835.237,201.278,6414443.0,7568635.0,814170.0,280704.0,5976.974999999999,3.75,5.0,0.25,4.875,3.25,3236.958,29825.182,4.9,4.83,4.16,-0.445,4.98,2.597905,2.004188,2.298851,2.272727,2.017654,2.2433129773,3.07,4.169,0.434
2024-11-30,6905.14,775.25,197.627,6372760.0,7599596.0,820284.0,271397.0,5932.263,3.75,4.75,0.25,4.625,3.25,3227.674,29825.182,4.65,4.58,4.13,-0.477,5.42,2.74938,2.248628,2.931937,2.581625,1.889169,1.9120084184,3.02,3.9977,0.599
2024-12-31,6885.963,764.77,473.46,6357247.0,7479920.0,801995.0,280744.0,5647.732999999999,3.25,4.75,0.25,4.375,3.0,3247.382,29825.182,4.4,4.33,4.25,-0.485,5.09,2.888057,2.432615,3.668763,2.571861,1.831965,2.0111511629,2.93,4.19,0.599
2025-01-31,6818.186,784.206,187.913,6393680.0,7443455.0,789793.0,286363.0,5846.066999999999,3.0,4.75,0.5,4.375,3.0,3224.785,30042.113,4.4,4.33,4.22,-0.509,5.05,3.000483,2.524301,3.979058,2.965779,1.895136,2.0552152666,2.66,4.1068,0.729
2025-02-28,6766.101,681.161,234.422,6319531.0,7470520.0,797095.0,258107.0,5850.518,3.0,4.5,0.5,4.375,2.75,3327.249,30042.113,4.4,4.33,3.99,-0.48,5.04,2.821549,2.321402,3.560209,2.796674,2.644836,1.974536006,2.57,4.0651,0.806
2025-03-31,6740.253,360.177,399.167,6246998.0,7297669.0,789330.0,250021.0,5980.909,2.75,4.5,0.5,4.375,2.5,3450.933,30042.113,4.4,4.33,3.89,-0.408,4.68,2.390725,2.177629,3.549061,2.631579,2.315394,1.9946853961,2.46,4.1527,0.854
2025-04-30,6709.277,595.741,250.601,6329947.0,7312029.0,774911.0,251057.0,5862.935,2.75,4.5,0.5,4.375,2.25,3219.214,30485.729,4.4,4.33,3.6,-0.389,4.27,2.311289,2.165238,3.638254,3.520599,1.743462,1.6995058817,2.47,3.8105,0.676
2025-05-31,6673.244,467.204,315.657,6274536.0,7336035.0,785772.0,252530.0,5890.383,2.75,4.25,0.5,4.375,2.25,3270.661,30485.729,4.4,4.33,3.89,-0.466,4.48,2.354897,1.89514,3.626943,3.360717,1.733746,1.780577865,2.59,4.0547,0.75
2025-06-30,6662.2,364.375,460.731,6232169.0,7174942.0,771180.0,245352.0,5837.094,2.75,4.25,0.5,4.375,2.0,3369.328,30485.729,4.4,4.33,3.72,-0.496,4.3,2.669213,1.986755,3.416149,3.579418,1.858736,1.8448999837,2.59,3.8231,0.746
2025-07-31,6642.578,370.507,214.445,6121778.0,7214098.0,760978.0,245867.0,6057.626000000001,2.75,4.25,0.5,4.375,2.0,3347.414,31098.027,4.4,4.33,3.94,-0.519,4.34,2.704902,2.031204,3.195876,3.886398,1.727329,1.9362248244,2.76,3.8883,0.826
2025-08-31,6603.384,589.998,77.898,6089393.0,7240302.0,761565.0,246424.0,5935.488,2.75,4.0,0.5,4.375,2.0,3224.967,31098.027,4.4,4.33,3.59,-0.528,3.97,2.916174,2.035867,2.871795,3.723008,1.854141,1.9213686405,2.64,4.0047,0.871
2025-09-30,6608.395,804.856,49.071,6070838.0,6957819.0,753849.0,224936.0,5754.468000000001,2.5,4.0,0.5,4.125,2.0,3002.218,31098.027,4.15,4.09,3.6,-0.527,3.91,3.012677,2.229089,2.877698,3.800298,2.358783,1.9908238068,2.47,4.0363,0.958
2025-10-31,6587.034,957.99,51.802,6170944.0,6963487.0,725243.0,235152.0,5577.242,2.25,4.0,0.5,3.875,2.0,2848.021,31422.526,3.9,3.86,3.6,-0.515,3.9,,2.096774,2.860061,3.555556,2.163164,1.9496455975,2.4,3.8234,0.928
2025-11-30,6552.419,903.394,7.561,6143717.0,6979490.0,755484.0,240479.0,5641.464,2.25,4.0,0.5,3.875,2.0,2896.586,31422.526,3.9,3.89,3.47,-0.51,3.82,2.735084,2.13298,2.746694,3.256847,2.224969,2.0086159249,2.41,3.8557,0.992
2025-12-31,6640.618,837.306,105.993,6163751.0,6777762.0,757989.0,240522.0,5697.3189999999995,2.25,3.75,0.75,3.625,2.0,2957.41,31422.526,3.65,3.64,3.47,-0.54,3.57,2.677081,1.964377,2.022245,3.318584,2.35732,2.108454926,2.58,3.9281,1.167
2026-01-31,6587.568,923.042,9.629,6289997.0,6828680.0,741630.0,232105.0,5654.897,2.25,3.75,0.75,3.625,2.0,2901.6,31865.721,3.65,3.64,3.52,-0.567,3.52,2.386431,1.675731,1.510574,3.028065,2.293862,2.0495671759,2.56,3.9604,1.251
2026-02-28,6613.797,887.612,16.318,6226783.0,6837705.0,739360.0,234019.0,5709.866999999999,2.25,3.75,0.75,3.625,2.0,2965.765,31865.721,3.65,3.64,3.38,-0.509,3.55,2.414113,1.888173,1.314459,3.014706,1.779141,1.9805043076,2.39,3.6972,1.25
2026-03-31,6657.161,874.077,15.782,6162122.0,6630250.0,744254.0,231363.0,5767.302,2.25,3.75,0.75,3.625,2.0,2993.955,31865.721,3.65,3.64,3.79,-0.46,4.09,3.25642,2.553099,1.41129,3.296703,2.385321,2.5889838861,2.82,4.439,1.375
2026-04-30,6699.95,981.929,8.261,6215651.0,6632533.0,731194.0,228767.0,5709.759999999999,2.25,3.75,0.75,3.625,2.0,2918.599,32486.066,3.65,3.64,3.88,-0.497,3.97,3.810845,3.030741,1.303912,2.821997,2.815177,2.6058943243,2.96,4.4936,1.402
2026-05-31,6704.383,830.296,11.677,6162017.0,6643630.0,741251.0,226568.0,5862.41,2.25,3.75,0.75,3.625,2.0,3066.56,32486.066,3.65,3.62,3.98,-0.509,4.33,4.248674,3.177015,1.5,2.890173,3.225806,2.5006714674,2.77,4.3083,1.393
2026-06-30,6735.645,918.696,26.9,6117260.0,6395509.0,762381.0,217729.0,5790.049000000001,2.25,3.75,1.0,3.625,2.25,2951.416,32486.066,3.65,3.63,4.14,-0.514,4.57,3.531425,2.748918,1.701702,2.591793,2.798054,2.4760833371,2.74,4.278,1.382
2026-07-31,6738.19,910.776,2.151,5941248.0,6442957.0,740318.0,224624.0,5825.263,2.25,3.75,1.0,3.625,2.25,2984.57,32486.066,3.65,3.63,4.28,-0.541,4.55,3.364825,2.942874,1.898102,2.805755,3.032141,2.7607858384,2.91,4.5569,1.507
2026-08-31,6730.912,950.736,6.726,5915343.0,6446620.0,739540.0,231890.0,5773.450000000001,2.25,3.75,1.0,3.625,2.25,2924.936,32486.066,3.65,3.63,4.34,-0.56,4.49,,,,,,2.8560179314,3.01,4.5935,1.743
2026-09-30,6740.619,883.335,4.736,5912178.0,,742663.0,223217.0,5852.548,,,,,,2991.31,32486.066,3.65,3.63,4.43,-0.564,4.59,,,,,,3.100596328,3.31,4.735,
