date,country,quantity_score,stance_score,cb_score,fiscal_score,composite,cb_regime,fiscal_regime,regime,effr_iorb_bp,reserves_flag,nfci
2003-12-31,USA,,0.2408802574648115,0.2408802574648115,,,,,,,,-0.694
2004-01-31,USA,,0.24690862995708418,0.24690862995708418,,,,,,,,-0.76
2004-02-29,USA,,0.3062974646598826,0.3062974646598826,,,,,,,,-0.79
2004-03-31,USA,,0.357743100980805,0.357743100980805,,,,,,,,-0.778
2004-04-30,USA,,-0.022329549312105956,-0.022329549312105956,,,,,,,,-0.714
2004-05-31,USA,,0.028146768094094443,0.028146768094094443,,,,,,,,-0.668
2004-06-30,USA,,0.07962671570210167,0.07962671570210167,,,Peak,,,,,-0.659
2004-07-31,USA,,0.014238474631691922,0.014238474631691922,,,Peak,,,,,-0.669
2004-08-31,USA,,0.22358341220438843,0.22358341220438843,,,Peak,,,,,-0.673
2004-09-30,USA,,0.13844073512199567,0.13844073512199567,,,Peak,,,,,-0.67
2004-10-31,USA,,0.3666623751813936,0.3666623751813936,,,Loosening,,,,,-0.677
2004-11-30,USA,,0.2264952695297307,0.2264952695297307,,,Loosening,,,,,-0.686
2004-12-31,USA,,-0.2483357430512622,-0.2483357430512622,,,Tightening,,,,,-0.666
2005-01-31,USA,,-0.3994922557181426,-0.3994922557181426,,,Tightening,,,,,-0.673
2005-02-28,USA,,-0.5033297155987632,-0.5033297155987632,,,Tightening,,,,,-0.68
2005-03-31,USA,,-0.540598034015873,-0.540598034015873,,,Tightening,,,,,-0.634
2005-04-30,USA,,-0.3916260637064912,-0.3916260637064912,,,Tightening,,,,,-0.578
2005-05-31,USA,,-0.4540716574393324,-0.4540716574393324,,,Tightening,,,,,-0.567
2005-06-30,USA,,-0.4463554484232834,-0.4463554484232834,,,Tightening,,,,,-0.572
2005-07-31,USA,,-0.496503792885477,-0.496503792885477,,,Tightening,,,,,-0.582
2005-08-31,USA,,-0.2232242304433197,-0.2232242304433197,,,Trough,,,,,-0.566
2005-09-30,USA,,-0.1086138270186513,-0.1086138270186513,,,Trough,,,,,-0.532
2005-10-31,USA,,-0.2823837227614047,-0.2823837227614047,,,Trough,,,,,-0.549
2005-11-30,USA,,-0.37791493333596354,-0.37791493333596354,,,Trough,,,,,-0.546
2005-12-31,USA,,-0.2911584457385252,-0.2911584457385252,,,Trough,,,,,-0.527
2006-01-31,USA,,-0.20288978073068561,-0.20288978073068561,-0.662902216947153,-0.3562272594695081,Trough,,,,,-0.568
2006-02-28,USA,,-0.3081542831873832,-0.3081542831873832,-0.662902216947153,-0.4264035944406398,Tightening,,,,,-0.597
2006-03-31,USA,,-0.33560521041989694,-0.33560521041989694,-0.662902216947153,-0.44470421259564896,Tightening,,,,,-0.588
2006-04-30,USA,,-0.3197642573547483,-0.3197642573547483,-0.662902216947153,-0.4341435772188832,Tightening,,,,,-0.578
2006-05-31,USA,,-0.1971643236553956,-0.1971643236553956,-0.662902216947153,-0.3524102880859814,Trough,,,,,-0.54
2006-06-30,USA,,-0.14399685310270374,-0.14399685310270374,-0.662902216947153,-0.3169653077175202,Trough,,,,,-0.487
2006-07-31,USA,,-0.0763807326617516,-0.0763807326617516,-0.662902216947153,-0.2718878940902188,Trough,Trough,Trough,,,-0.517
2006-08-31,USA,,-0.005247541838204602,-0.005247541838204602,-0.662902216947153,-0.22446576687452077,Trough,Trough,Trough,,,-0.562
2006-09-30,USA,,-0.27825716117499844,-0.27825716117499844,-0.662902216947153,-0.40647217976571665,Trough,Trough,Trough,,,-0.564
2006-10-31,USA,,-0.42240353227363764,-0.42240353227363764,-0.662902216947153,-0.5025697604981427,Tightening,Trough,Tightening,,,-0.586
2006-11-30,USA,,-0.1943892743733516,-0.1943892743733516,-0.662902216947153,-0.3505602552312854,Trough,Trough,Trough,,,-0.585
2006-12-31,USA,,-0.1395752928819313,-0.1395752928819313,-0.662902216947153,-0.3140176009036719,Trough,Trough,Trough,,,-0.591
2007-01-31,USA,,-0.24512068367194692,-0.24512068367194692,0.42278208275305446,-0.022486428196946434,Tightening,Loosening,Trough,,,-0.639
2007-02-28,USA,,-0.029942914711534135,-0.029942914711534135,0.42278208275305446,0.12096541777666209,Tightening,Loosening,Loosening,,,-0.624
2007-03-31,USA,,0.11801970278271057,0.11801970278271057,0.42278208275305446,0.21960716277282522,Loosening,Loosening,Loosening,,,-0.569
2007-04-30,USA,,0.06265063040064238,0.06265063040064238,0.42278208275305446,0.18269444785144642,Loosening,Loosening,Loosening,,,-0.548
2007-05-31,USA,,-0.029926921484790592,-0.029926921484790592,0.42278208275305446,0.12097607992782446,Trough,Loosening,Loosening,,,-0.511
2007-06-30,USA,,0.040521161731926325,0.040521161731926325,0.42278208275305446,0.16794146873896906,Loosening,Loosening,Loosening,,,-0.481
2007-07-31,USA,,0.12798895741345753,0.12798895741345753,0.42278208275305446,0.22625333252665653,Loosening,Loosening,Loosening,,,-0.251
2007-08-31,USA,,0.24436945909122984,0.24436945909122984,0.42278208275305446,0.3038403336451714,Loosening,Loosening,Loosening,,,0.245
2007-09-30,USA,,0.42551499073082066,0.42551499073082066,0.42278208275305446,0.4246040214048986,Loosening,Loosening,Loosening,,,0.111
2007-10-31,USA,,0.5626944781251019,0.5626944781251019,0.42278208275305446,0.5160570130010861,Loosening,Loosening,Loosening,,,0.029
2007-11-30,USA,-0.9972514479571052,1.1225696490340025,0.06265910053844864,0.42278208275305446,0.18270009460998393,Loosening,Loosening,Loosening,,,0.514
2007-12-31,USA,-1.7445408586476485,1.03202821735516,-0.35625632064624424,0.42278208275305446,-0.09657685284647796,Tightening,Loosening,Tightening,,,0.557
2008-01-31,USA,-0.03306582968641972,1.3705171679809187,0.6687256691472495,1.4395316699166947,0.9256610027370646,Loosening,Loosening,Loosening,,,0.444
2008-02-29,USA,-1.138488255159795,1.5314575901873742,0.19648466751378957,1.4395316699166947,0.6108336683147579,Peak,Loosening,Loosening,,,0.814
2008-03-31,USA,-1.600898996147983,1.463902820977676,-0.06849808758515341,1.4395316699166947,0.434178498248796,Tightening,Loosening,Loosening,,,0.97
2008-04-30,USA,-0.8288652805676782,1.1117139850585291,0.1414243522454255,1.4395316699166947,0.5741267914691819,Peak,Loosening,Loosening,,,0.675
2008-05-31,USA,0.009322639801232895,0.9680775314587254,0.4887000856299792,1.4395316699166947,0.8056439470588843,Loosening,Loosening,Loosening,,,0.528
2008-06-30,USA,-1.3155588451381002,1.1173240296288867,-0.09911740775460676,1.4395316699166947,0.41376561813582713,Trough,Loosening,Loosening,,,0.736
2008-07-31,USA,0.9216909067405958,1.243185462904013,1.0824381848223044,1.4395316699166947,1.2014693465204345,Loosening,Loosening,Loosening,,,0.737
2008-08-31,USA,-0.6675548976885249,1.2445660100552967,0.28850555618338586,1.4395316699166947,0.6721809274278221,Loosening,Loosening,Loosening,,,0.858
2008-09-30,USA,7.762759336080518,1.2205772115596158,4.491668273820067,1.4395316699166947,3.474289405852276,Loosening,Loosening,Loosening,,,1.81
2008-10-31,USA,7.745964953097264,1.0229715183467116,4.384468235721988,1.4395316699166947,3.40282271378689,Loosening,Loosening,Loosening,-43.00000000000001,ample,2.828
2008-11-30,USA,6.636860147346633,0.8084877612621741,3.722673954304404,1.4395316699166947,2.9616265261751673,Loosening,Loosening,Loosening,-48.0,ample,3.105
2008-12-31,USA,5.720132720848371,0.5875552271232501,3.1538439739858104,1.4395316699166947,2.5824065392961053,Loosening,Loosening,Loosening,-10.999999999999998,ample,2.74
2009-01-31,USA,4.181977132002203,0.2683094228966652,2.225143277449434,1.5105545226366106,1.9869470258451596,Loosening,Loosening,Loosening,-1.9999999999999991,ample,2.148
2009-02-28,USA,3.4772423851001264,0.271203523961751,1.8742229545309388,1.5105545226366106,1.753000143899496,Loosening,Loosening,Loosening,-3.0,ample,2.137
2009-03-31,USA,3.583611432537688,0.1120690357953471,1.8478402341665177,1.5105545226366106,1.7354116636565484,Peak,Loosening,Peak,-9.0,ample,1.915
2009-04-30,USA,3.3352221029463296,-0.0458811728852346,1.6446704650305475,1.5105545226366106,1.599965150899235,Peak,Loosening,Peak,-4.999999999999999,ample,1.369
2009-05-31,USA,3.183837272964672,-0.1557248760015381,1.5140561984815668,1.5105545226366106,1.5128889731999147,Peak,Loosening,Peak,-6.0,ample,0.873
2009-06-30,USA,2.4793832433013736,-0.2740820353754899,1.1026506039629418,1.5105545226366106,1.2386185768541647,Peak,Loosening,Peak,-3.0,ample,0.721
2009-07-31,USA,2.466450473515124,-0.410953850390106,1.027748311562509,1.5105545226366106,1.1886837152538763,Peak,Loosening,Peak,-7.000000000000001,ample,0.418
2009-08-31,USA,2.6403968089645327,-0.2242253071857322,1.2080857508894003,1.5105545226366106,1.308908674805137,Peak,Loosening,Peak,-10.0,ample,0.233
2009-09-30,USA,2.129789139671618,-0.1794539474172562,0.9751675961271808,1.5105545226366106,1.1536299049636574,Peak,Loosening,Peak,-18.0,ample,0.105
2009-10-31,USA,1.542154690943002,-0.1236161155946622,0.7092692876741699,1.5105545226366106,0.9763643659949834,Peak,Loosening,Peak,-14.000000000000002,ample,0.026
2009-11-30,USA,1.4575302790480678,0.36498401997328966,0.9112571495106787,1.5105545226366106,1.111022940552656,Peak,Loosening,Peak,-12.0,ample,-0.029
2009-12-31,USA,1.1463112090406635,0.15502045298119468,0.6506658310109291,1.5105545226366106,0.9372953948861563,Peak,Loosening,Peak,-20.0,ample,-0.15
2010-01-31,USA,1.2590417695054854,0.2699984937822875,0.7645201316438864,-0.804776718101055,0.24142118172890586,Peak,Tightening,Peak,-13.0,ample,-0.202
2010-02-28,USA,1.4329226951161946,0.17247563426588228,0.8026991646910384,-0.804776718101055,0.2668738704270072,Peak,Tightening,Peak,-12.0,ample,-0.249
2010-03-31,USA,1.1608743903149334,0.09974345284617277,0.6303089215805531,-0.804776718101055,0.15194704168668366,Peak,Tightening,Peak,-16.0,ample,-0.427
2010-04-30,USA,1.013129688793161,0.09981113781342925,0.556470413303295,-0.804776718101055,0.10272136950184502,Peak,Tightening,Peak,-4.999999999999999,ample,-0.374
2010-05-31,USA,0.9878199959917633,0.14849437622846598,0.5681571861101147,-0.804776718101055,0.1105125513730581,Peak,Tightening,Peak,-6.0,ample,-0.096
2010-06-30,USA,0.9981474396122401,0.02609070232891623,0.5121190709705782,-0.804776718101055,0.0731538079467004,Peak,Tightening,Peak,-16.0,ample,-0.096
2010-07-31,USA,0.9301865395797998,0.08417738971782311,0.5071819646488115,-0.804776718101055,0.06986240373218927,Peak,Trough,Peak,-7.000000000000001,ample,-0.269
2010-08-31,USA,0.8317181865616987,0.09996936094037523,0.46584377375103697,-0.804776718101055,0.04230360980033959,Peak,Trough,Peak,-4.000000000000001,ample,-0.292
2010-09-30,USA,0.6882510108125153,0.11889389608566403,0.40357245344908965,-0.804776718101055,0.0007893962657080644,Peak,Trough,Peak,-10.0,ample,-0.356
2010-10-31,USA,0.6674256545477474,0.15864490833001452,0.41303528143888096,-0.804776718101055,0.0070979482589022536,Peak,Trough,Peak,-4.999999999999999,ample,-0.46
2010-11-30,USA,0.6558688804490298,0.10001755027516424,0.377943215362097,-0.804776718101055,-0.016296762458953673,Peak,Trough,Tightening,-4.999999999999999,ample,-0.479
2010-12-31,USA,0.7080644957844555,0.09658669644359134,0.4023255961140234,-0.804776718101055,-4.184195766943066e-05,Peak,Trough,Tightening,-12.0,ample,-0.553
2011-01-31,USA,0.7573960469168438,0.13944120009713934,0.4484186235069916,-1.422376134569488,-0.17517962918516838,Peak,Tightening,Tightening,-7.999999999999999,ample,-0.624
2011-02-28,USA,0.9281625034246779,0.18370278440305943,0.5559326439138687,-1.422376134569488,-0.10350361558058369,Loosening,Tightening,Tightening,-9.0,ample,-0.601
2011-03-31,USA,1.114636908464326,0.24567402811425754,0.6801554682892917,-1.422376134569488,-0.020688399330301588,Loosening,Tightening,Tightening,-15.0,ample,-0.575
2011-04-30,USA,1.0877586879919652,0.43523584015804134,0.7614972640750033,-1.422376134569488,0.03353946452683937,Loosening,Tightening,Loosening,-16.0,ample,-0.626
2011-05-31,USA,1.1807674575698999,0.5878623689500999,0.8843149132599999,-1.422376134569488,0.1154178973168371,Loosening,Tightening,Loosening,-15.0,ample,-0.591
2011-06-30,USA,1.2293955493684297,0.572654085914998,0.9010248176417138,-1.422376134569488,0.12655783357131306,Loosening,Tightening,Loosening,-18.0,ample,-0.551
2011-07-31,USA,1.2329087787110211,0.6216264382728826,0.9272676084919518,-1.422376134569488,0.1440530274714717,Loosening,Trough,Loosening,-14.000000000000002,ample,-0.428
2011-08-31,USA,1.1851262442285764,0.7189916451976472,0.9520589447131118,-1.422376134569488,0.1605805849522451,Loosening,Trough,Loosening,-17.0,ample,-0.184
2011-09-30,USA,1.1296213793168581,0.7014174970277338,0.915519438172296,-1.422376134569488,0.1362209139250345,Loosening,Trough,Loosening,-19.0,ample,-0.093
2011-10-31,USA,1.057409592249596,0.6285906566968391,0.8430001244732176,-1.422376134569488,0.08787470479231557,Loosening,Trough,Loosening,-16.0,ample,-0.158
2011-11-30,USA,0.9445519909820245,0.5952045783483834,0.7698782846652039,-1.422376134569488,0.03912681158697312,Peak,Trough,Peak,-15.0,ample,-0.133
2011-12-31,USA,0.9566712027608514,0.5077732579732931,0.7322222303670722,-1.422376134569488,0.014022775388218722,Peak,Trough,Peak,-21.0,ample,-0.206
2012-01-31,USA,0.8914424400759354,0.509684300560696,0.7005633703183157,-1.169429769257419,0.07723232379307077,Peak,Trough,Peak,-14.000000000000002,ample,-0.373
2012-02-29,USA,0.8875005395577207,0.45168722922953836,0.6695938843936295,-1.169429769257419,0.05658599984328,Peak,Trough,Peak,-15.0,ample,-0.455
2012-03-31,USA,0.7113260000384423,0.3887092489563564,0.5500176244973993,-1.169429769257419,-0.023131506754206832,Peak,Trough,Tightening,-16.0,ample,-0.482
2012-04-30,USA,0.6801569510445244,0.35270283524258944,0.5164298931435569,-1.169429769257419,-0.04552332765676842,Peak,Trough,Tightening,-9.0,ample,-0.428
2012-05-31,USA,0.5904024926882698,0.23880881857608274,0.4146056556321763,-1.169429769257419,-0.11340615266435555,Peak,Trough,Tightening,-9.0,ample,-0.314
2012-06-30,USA,0.4770792750806436,0.1941243727512287,0.3356018239159361,-1.169429769257419,-0.16607537380851561,Peak,Trough,Tightening,-16.0,ample,-0.324
2012-07-31,USA,0.5469976367770928,0.20292300387704018,0.3749603203270665,-1.169429769257419,-0.13983637620109537,Peak,Trough,Tightening,-12.0,ample,-0.414
2012-08-31,USA,0.4693811609931803,0.25997320582953903,0.3646771834113597,-1.169429769257419,-0.14669180081156658,Peak,Trough,Tightening,-12.0,ample,-0.503
2012-09-30,USA,0.39229699257421197,0.30884916888376995,0.35057308072899096,-1.169429769257419,-0.15609453593314573,Peak,Trough,Tightening,-16.0,ample,-0.565
2012-10-31,USA,0.4566342343241956,0.30014844819153225,0.3783913412578639,-1.169429769257419,-0.13754902891389714,Peak,Trough,Tightening,-7.000000000000001,ample,-0.584
2012-11-30,USA,0.47410682111413527,0.2525963155858277,0.3633515683499815,-1.169429769257419,-0.1475755441858187,Peak,Trough,Tightening,-9.0,ample,-0.585
2012-12-31,USA,0.46095303157281786,0.2472536452770986,0.3541033384249582,-1.169429769257419,-0.1537410308025009,Loosening,Trough,Trough,-16.0,ample,-0.626
2013-01-31,USA,0.5796842666919118,0.2083782088295659,0.39403123776073884,-0.957021106933512,-0.05631954380401144,Loosening,Trough,Trough,-10.0,ample,-0.669
2013-02-28,USA,0.6152959490971242,0.2896295601274048,0.4524627546122645,-0.957021106933512,-0.017365199236327677,Loosening,Trough,Trough,-10.999999999999998,ample,-0.676
2013-03-31,USA,0.759023072179914,0.19856140675850775,0.4787922394692109,-0.957021106933512,0.00018779066830326707,Loosening,Trough,Loosening,-16.0,ample,-0.693
2013-04-30,USA,0.7948092170421062,0.1405743519085504,0.4676917844753283,-0.957021106933512,-0.007212512660951853,Loosening,Trough,Trough,-10.999999999999998,ample,-0.733
2013-05-31,USA,0.9888217445214981,0.15068569078822838,0.5697537176548633,-0.957021106933512,0.060828776125404826,Loosening,Trough,Loosening,-16.0,ample,-0.715
2013-06-30,USA,0.9986345613873291,0.1885101653561917,0.5935723633717604,-0.957021106933512,0.07670787327000295,Loosening,Trough,Loosening,-18.0,ample,-0.656
2013-07-31,USA,1.0972473782435483,0.2517718960304929,0.6745096371370206,-0.957021106933512,0.13066605578017637,Loosening,Trough,Loosening,-16.0,ample,-0.686
2013-08-31,USA,1.171038345695267,0.12354388229593831,0.6472911139956027,-0.957021106933512,0.11252037368589779,Loosening,Trough,Loosening,-18.0,ample,-0.687
2013-09-30,USA,1.233646373451927,0.09743360825873848,0.6655399908553328,-0.957021106933512,0.12468629159238448,Loosening,Trough,Loosening,-19.0,ample,-0.7
2013-10-31,USA,1.3371117857560715,0.0672683596423631,0.7021900726992173,-0.957021106933512,0.1491196794883075,Loosening,Trough,Loosening,-18.0,ample,-0.749
2013-11-30,USA,1.321334652131392,0.4285667284346409,0.8749506902830164,-0.957021106933512,0.26429342454417354,Loosening,Trough,Loosening,-18.0,ample,-0.79
2013-12-31,USA,1.2139491170156889,0.4073427582406862,0.8106459376281876,-0.957021106933512,0.22142358944095436,Loosening,Trough,Loosening,-18.0,ample,-0.797
2014-01-31,USA,1.2404299437815351,0.3319428464283106,0.7861863951049228,-0.3546920738514155,0.40589357211947674,Loosening,Trough,Loosening,-18.0,ample,-0.782
2014-02-28,USA,1.2283301482038445,0.21970427647329643,0.7240172123385704,-0.3546920738514155,0.3644474502752417,Loosening,Trough,Loosening,-19.0,ample,-0.794
2014-03-31,USA,1.0968528285768322,0.12393161668437519,0.6103922226306037,-0.3546920738514155,0.2886974571365972,Peak,Trough,Loosening,-19.0,ample,-0.793
2014-04-30,USA,1.0632978832375595,0.2346104076219311,0.6489541454297453,-0.3546920738514155,0.3144054056693584,Peak,Trough,Loosening,-16.0,ample,-0.784
2014-05-31,USA,1.000102436375981,0.23297210059914736,0.6165372684875642,-0.3546920738514155,0.2927941543745709,Peak,Trough,Loosening,-17.0,ample,-0.804
2014-06-30,USA,0.8876645038107062,0.1646559000840953,0.5261602019474008,-0.3546920738514155,0.23254277668112863,Peak,Trough,Loosening,-16.0,ample,-0.796
2014-07-31,USA,0.9778824280292266,0.023694670974744557,0.5007885495019856,-0.3546920738514155,0.21562834171751852,Peak,Trough,Peak,-17.0,ample,-0.753
2014-08-31,USA,0.8972165282336135,-0.09702509598047862,0.40009571612656747,-0.3546920738514155,0.14849978613390644,Peak,Trough,Peak,-18.0,ample,-0.735
2014-09-30,USA,0.7727198311819539,-0.12935153918896186,0.321684145996496,-0.3546920738514155,0.09622540604719212,Peak,Trough,Peak,-18.0,ample,-0.685
2014-10-31,USA,0.6722880728871617,-0.09255434379098863,0.2898668645480866,-0.3546920738514155,0.07501388508158588,Peak,Trough,Peak,-18.0,ample,-0.655
2014-11-30,USA,0.5790939489689751,-0.21560649179105715,0.18174372858895899,-0.3546920738514155,0.0029317944421674846,Peak,Trough,Peak,-17.0,ample,-0.659
2014-12-31,USA,0.6205503453573189,-0.5677012282497572,0.02642455855378084,-0.3546920738514155,-0.10061431891461795,Peak,Trough,Tightening,-19.0,ample,-0.581
2015-01-31,USA,0.5570758843809701,-0.6960581870038824,-0.06949115131145617,-0.13849520430903642,-0.0924925023106496,Tightening,Trough,Tightening,-19.0,ample,-0.514
2015-02-28,USA,0.3965881470937014,-0.7081602596689882,-0.15578605628764342,-0.13849520430903642,-0.15002243896144107,Tightening,Trough,Tightening,-19.0,ample,-0.532
2015-03-31,USA,0.5952714781551784,-0.6621783639468896,-0.033453442895855556,-0.13849520430903642,-0.06846736336691585,Tightening,Trough,Tightening,-19.0,ample,-0.546
2015-04-30,USA,0.43458637879264983,-0.6267787626718392,-0.09609619193959468,-0.13849520430903642,-0.11022919606274192,Tightening,Trough,Tightening,-17.0,ample,-0.553
2015-05-31,USA,0.3400094213182984,-0.6053976751620875,-0.13269412692189456,-0.13849520430903642,-0.13462781938427518,Tightening,Trough,Tightening,-17.0,ample,-0.554
2015-06-30,USA,0.39064887139284454,-0.5021144520327354,-0.055732790319945436,-0.13849520430903642,-0.08332026164964243,Tightening,Trough,Trough,-17.0,ample,-0.547
2015-07-31,USA,0.3541508390741223,-0.623422282682375,-0.13463572180412633,-0.13849520430903642,-0.1359222159724297,Tightening,Trough,Tightening,-17.0,ample,-0.506
2015-08-31,USA,0.38130124649851466,-0.6480440956666438,-0.13337142458406456,-0.13849520430903642,-0.13507935115905517,Trough,Trough,Trough,-17.0,ample,-0.423
2015-09-30,USA,0.3240919889946895,-0.6615909749463934,-0.16874949297585196,-0.13849520430903642,-0.15866473008691345,Tightening,Trough,Tightening,-18.0,ample,-0.411
2015-10-31,USA,0.36009681564566026,-0.7005768178661356,-0.17024000111023765,-0.13849520430903642,-0.1596584021765039,Tightening,Trough,Tightening,-18.0,ample,-0.471
2015-11-30,USA,0.2665270803229763,-0.9041266574435481,-0.3187997885602859,-0.13849520430903642,-0.25869826047653605,Tightening,Trough,Tightening,-17.0,ample,-0.446
2015-12-31,USA,0.011275012911440285,-0.8905087134148704,-0.43961685025171504,-0.13849520430903642,-0.3392429682708221,Tightening,Trough,Tightening,-30.0,ample,-0.363
2016-01-31,USA,0.16052899947050697,-0.5681912363747659,-0.20383111845212945,0.23851208552523934,-0.0563833837930065,Tightening,Loosening,Trough,-21.000000000000004,ample,-0.304
2016-02-29,USA,0.15942554445638263,-0.6736712561636469,-0.25712285585363215,0.23851208552523934,-0.09191120872734163,Tightening,Loosening,Trough,-21.000000000000004,ample,-0.326
2016-03-31,USA,0.0789689686221568,-0.7031332196516986,-0.3120821255147709,0.23851208552523934,-0.12855072183476746,Tightening,Loosening,Trough,-25.0,ample,-0.379
2016-04-30,USA,0.12691692651786673,-0.615392515329156,-0.2442377944056446,0.23851208552523934,-0.08332116776201662,Tightening,Loosening,Trough,-20.0,ample,-0.392
2016-05-31,USA,0.107069093437475,-0.7496281105910209,-0.3212795085767729,0.23851208552523934,-0.1346823105427688,Tightening,Loosening,Trough,-21.000000000000004,ample,-0.381
2016-06-30,USA,0.0005743139816132281,-0.5781552912259375,-0.2887904886221621,0.23851208552523934,-0.1130229639063616,Trough,Loosening,Trough,-20.0,ample,-0.357
2016-07-31,USA,0.04829276693777468,-0.7096906509592628,-0.330698942010744,0.23851208552523934,-0.1409619328320829,Tightening,Loosening,Tightening,-20.0,ample,-0.367
2016-08-31,USA,0.031782561969920686,-0.738653909895242,-0.3534356739626607,0.23851208552523934,-0.15611975413336066,Tightening,Loosening,Tightening,-20.0,ample,-0.36
2016-09-30,USA,-0.1722059182913962,-0.6075226170105866,-0.3898642676509914,0.23851208552523934,-0.18040548325891445,Tightening,Loosening,Tightening,-21.000000000000004,ample,-0.346
2016-10-31,USA,-0.20460205375785023,-0.5541939558007741,-0.3793980047793122,0.23851208552523934,-0.173427974677795,Tightening,Loosening,Tightening,-19.0,ample,-0.387
2016-11-30,USA,-0.17107443589178975,-0.6788910819912082,-0.42498275894149895,0.23851208552523934,-0.2038178107859195,Tightening,Loosening,Tightening,-19.0,ample,-0.436
2016-12-31,USA,-0.17819474521683276,-0.5728055712524893,-0.37550015823466104,0.23851208552523934,-0.1708294103146942,Tightening,Loosening,Tightening,-19.999999999999996,ample,-0.473
2017-01-31,USA,-0.11320795350792898,-0.44053296209934556,-0.2768704578036373,0.20138046829657527,-0.11745348243689975,Trough,Peak,Trough,-18.999999999999993,ample,-0.492
2017-02-28,USA,-0.054565322624304635,-0.43540796750863253,-0.24498664506646858,0.20138046829657527,-0.09619760727878728,Trough,Peak,Trough,-18.000000000000004,ample,-0.493
2017-03-31,USA,0.08998669593605538,-0.43966235723363073,-0.17483783064878766,0.20138046829657527,-0.04943173100033334,Trough,Peak,Trough,-18.000000000000004,ample,-0.486
2017-04-30,USA,-0.02745056279002578,-0.47810687769895455,-0.25277872024449016,0.20138046829657527,-0.101392324064135,Trough,Peak,Trough,-17.000000000000004,ample,-0.512
2017-05-31,USA,-0.059703231860981365,-0.5610485796811086,-0.31037590577104496,0.20138046829657527,-0.13979044774850485,Trough,Peak,Trough,-17.000000000000004,ample,-0.549
2017-06-30,USA,-0.07632597373527819,-0.5899056129295067,-0.33311579333239244,0.20138046829657527,-0.15495037278940316,Trough,Peak,Trough,-18.999999999999993,ample,-0.571
2017-07-31,USA,-0.02032428704855499,-0.5182966556222965,-0.26931047133542574,0.20138046829657527,-0.11241349145809205,Trough,Loosening,Trough,-17.999999999999993,ample,-0.579
2017-08-31,USA,0.06549030027685901,-0.48448752423571684,-0.20949861197942893,0.20138046829657527,-0.07253891855409418,Trough,Loosening,Trough,-17.999999999999993,ample,-0.562
2017-09-30,USA,0.024131415954957575,-0.5293447465624748,-0.2526066653037586,0.20138046829657527,-0.10127762077031395,Tightening,Loosening,Tightening,-18.999999999999993,ample,-0.572
2017-10-31,USA,0.006221971129643289,-0.691727932529141,-0.34275298069974885,0.20138046829657527,-0.16137516436764077,Tightening,Loosening,Tightening,-17.999999999999993,ample,-0.597
2017-11-30,USA,0.048552633235921655,-0.9260059061279858,-0.4387266364460321,0.20138046829657527,-0.2253576015318296,Tightening,Loosening,Tightening,-17.999999999999993,ample,-0.604
2017-12-31,USA,-0.007341207850223325,-0.8701134537421626,-0.43872733079619297,0.20138046829657527,-0.22535806443193684,Tightening,Loosening,Tightening,-16.999999999999993,ample,-0.615
2018-01-31,USA,-0.0935328189003058,-1.1018512049405247,-0.5976920119204152,0.3176192844975024,-0.292588246447776,Tightening,Loosening,Tightening,-15.999999999999993,ample,-0.606
2018-02-28,USA,-0.10800012309470342,-1.2054050484146033,-0.6567025857546533,0.3176192844975024,-0.33192862900393477,Tightening,Loosening,Tightening,-14.999999999999991,ample,-0.544
2018-03-31,USA,-0.2446651250796844,-0.9901004177490658,-0.6173827714143751,0.3176192844975024,-0.3057154194437493,Tightening,Loosening,Tightening,-8.000000000000007,ample,-0.497
2018-04-30,USA,-0.33036399875343836,-1.2211787693614813,-0.7757713840574598,0.3176192844975024,-0.4113078278724724,Tightening,Loosening,Tightening,-6.000000000000005,ample,-0.539
2018-05-31,USA,-0.3634989140874543,-1.0884545158995609,-0.7259767149935076,0.3176192844975024,-0.37811138182983756,Tightening,Loosening,Tightening,-5.000000000000004,ample,-0.567
2018-06-30,USA,-0.4217064412367801,-0.9579957480972601,-0.6898510946670201,0.3176192844975024,-0.3540276349455126,Tightening,Loosening,Tightening,-4.0000000000000036,ample,-0.543
2018-07-31,USA,-0.49206191977441316,-1.0931040807793808,-0.792583000276897,0.3176192844975024,-0.42251557201876383,Tightening,Loosening,Tightening,-4.0000000000000036,ample,-0.566
2018-08-31,USA,-0.6077897532957325,-1.10973486802744,-0.8587623106615863,0.3176192844975024,-0.4666351122752233,Tightening,Loosening,Tightening,-4.0000000000000036,ample,-0.6
2018-09-30,USA,-0.6322414554711766,-1.2064855681438358,-0.9193635118075062,0.3176192844975024,-0.50703591303917,Tightening,Loosening,Tightening,-2.0000000000000018,ample,-0.596
2018-10-31,USA,-0.7246123726390086,-1.209873896960938,-0.9672431347999733,0.3176192844975024,-0.5389556617008147,Tightening,Loosening,Tightening,0.0,scarce,-0.555
2018-11-30,USA,-0.8181556356698085,-1.231774086498639,-1.0249648610842237,0.3176192844975024,-0.5774368125569815,Tightening,Loosening,Tightening,0.0,scarce,-0.466
2018-12-31,USA,-0.8504332054124929,-0.6762877719834344,-0.7633604886979637,0.3176192844975024,-0.40303389763280834,Tightening,Loosening,Tightening,0.0,scarce,-0.433
2019-01-31,USA,-0.9711442899426919,-0.7248657664382827,-0.8480050281904873,1.1853331243662302,-0.1702256440049147,Tightening,Loosening,Trough,0.0,scarce,-0.513
2019-02-28,USA,-0.9783145520349172,-0.7820796524872327,-0.880197102261075,1.1853331243662302,-0.1916870267186398,Tightening,Loosening,Trough,0.0,scarce,-0.586
2019-03-31,USA,-0.9836231786234699,-0.27171387576390793,-0.6276685271936889,1.1853331243662302,-0.023334643340382488,Trough,Loosening,Trough,3.000000000000025,scarce,-0.61
2019-04-30,USA,-1.1437667886096738,-0.2745285780482783,-0.709147683328976,1.1853331243662302,-0.07765408076390723,Trough,Loosening,Trough,5.000000000000027,scarce,-0.618
2019-05-31,USA,-1.1021487941115007,-0.03718188632313518,-0.569665340217318,1.1853331243662302,0.01533414797719812,Trough,Loosening,Loosening,4.999999999999982,scarce,-0.583
2019-06-30,USA,-1.1307852674606351,0.34217829407975586,-0.39430348669043963,1.1853331243662302,0.13224205032845038,Trough,Loosening,Loosening,4.999999999999982,scarce,-0.578
2019-07-31,USA,-1.1691884035291211,0.1634789571703572,-0.502854723179382,1.1853331243662302,0.05987455933582214,Trough,Loosening,Loosening,4.999999999999982,scarce,-0.581
2019-08-31,USA,-1.2661207796327005,0.23566467729360846,-0.5152280511695461,1.1853331243662302,0.05162567400904605,Trough,Loosening,Loosening,2.9999999999999805,scarce,-0.529
2019-09-30,USA,-1.3632118588763265,0.20983345878889076,-0.5766892000437178,1.1853331243662302,0.010651574759598215,Trough,Loosening,Loosening,9.999999999999986,scarce,-0.513
2019-10-31,USA,-1.178577010757818,0.2795353535482448,-0.4495208286047866,1.1853331243662302,0.09543048905221907,Trough,Loosening,Loosening,3.0000000000000027,scarce,-0.554
2019-11-30,USA,-1.053920340046751,0.2873376813091328,-0.38329132936880905,1.1853331243662302,0.13958348854287073,Trough,Loosening,Loosening,1.0000000000000009,scarce,-0.574
2019-12-31,USA,-0.7937037102389749,0.5781972773642001,-0.10775321643738739,1.1853331243662302,0.32327556383048517,Trough,Loosening,Loosening,0.0,scarce,-0.559
2020-01-31,USA,-0.8015880402668191,0.8403271828518932,0.01936957129253708,2.4080448422593554,0.81559466161481,Loosening,Loosening,Loosening,-1.0000000000000009,ample,-0.626
2020-02-29,USA,-0.8116283474418681,1.1511716819690978,0.16977166726361487,2.4080448422593554,0.9158627255955285,Loosening,Loosening,Loosening,-2.0000000000000018,ample,-0.293
2020-03-31,USA,0.6692905548950351,1.079305460284909,0.874298007589972,2.4080448422593554,1.3855469524797666,Loosening,Loosening,Loosening,-2.0000000000000004,ample,0.276
2020-04-30,USA,2.969621860867891,0.6319856759435286,1.8008037684057097,2.4080448422593554,2.0032174596902586,Loosening,Loosening,Loosening,-5.0,ample,0.162
2020-05-31,USA,2.9456250648200664,0.6180838361610659,1.7818544504905662,2.4080448422593554,1.9905845810801626,Loosening,Loosening,Loosening,-5.0,ample,-0.27
2020-06-30,USA,2.3052938350226486,0.6936617293251546,1.4994777821739016,2.4080448422593554,1.8023334688690529,Loosening,Loosening,Loosening,-2.0000000000000004,ample,-0.386
2020-07-31,USA,1.3674442453951927,0.7534953842091517,1.0604698148021723,2.4080448422593554,1.5096614906212333,Loosening,Loosening,Loosening,0.0,scarce,-0.477
2020-08-31,USA,1.709872155959021,0.7568873423744145,1.2333797491667178,2.4080448422593554,1.624934780197597,Loosening,Loosening,Loosening,-1.0000000000000009,ample,-0.511
2020-09-30,USA,1.7624921241665832,0.6502181145462258,1.2063551193564046,2.4080448422593554,1.6069183603240549,Loosening,Loosening,Loosening,-1.0000000000000009,ample,-0.495
2020-10-31,USA,1.6561682933321067,0.5809840883223337,1.1185761908272203,2.4080448422593554,1.5483990746379321,Peak,Loosening,Peak,-1.0000000000000009,ample,-0.51
2020-11-30,USA,1.883988763547719,0.583648633271696,1.2338186984097075,2.4080448422593554,1.625227413026257,Peak,Loosening,Peak,-1.0000000000000009,ample,-0.572
2020-12-31,USA,1.8583980768813668,0.7197964334017846,1.2890972551415758,2.4080448422593554,1.6620797841808357,Peak,Loosening,Peak,-1.0000000000000009,ample,-0.608
2021-01-31,USA,1.7902790484670756,0.7798072080032429,1.2850431282351593,-0.46409242407693224,0.7019979441311287,Loosening,Tightening,Peak,-3.0,ample,-0.623
2021-02-28,USA,2.1067754841788795,0.9513448629557731,1.5290601735673264,-0.46409242407693224,0.8646759743525735,Loosening,Tightening,Peak,-3.0,ample,-0.631
2021-03-31,USA,1.946172814890792,0.7053274696592331,1.3257501422750124,-0.46409242407693224,0.7291359534910308,Loosening,Tightening,Peak,-4.000000000000001,ample,-0.652
2021-04-30,USA,1.096443492982999,1.0904500712965992,1.093446782139799,-0.46409242407693224,0.5742670467342219,Peak,Tightening,Peak,-5.0,ample,-0.686
2021-05-31,USA,0.9780519157956787,1.282280039382762,1.1301659775892203,-0.46409242407693224,0.5987465103671694,Peak,Tightening,Peak,-5.0,ample,-0.698
2021-06-30,USA,0.9921731722391344,1.0955871675530056,1.04388016989607,-0.46409242407693224,0.5412226385717359,Peak,Tightening,Peak,-6.999999999999999,ample,-0.691
2021-07-31,USA,1.392537378042709,1.0639452011810373,1.2282412896118733,-0.46409242407693224,0.6641300517156047,Peak,Trough,Peak,-7.999999999999999,ample,-0.66
2021-08-31,USA,1.470601120557264,0.9903228276283487,1.2304619740928064,-0.46409242407693224,0.6656105080362268,Peak,Trough,Peak,-9.0,ample,-0.652
2021-09-30,USA,1.3108299996491235,0.93954479967519,1.1251873996621566,-0.46409242407693224,0.5954274584157936,Peak,Trough,Peak,-9.0,ample,-0.658
2021-10-31,USA,1.1975907143508577,0.79606284732401,0.9968267808374338,-0.46409242407693224,0.5098537125326451,Peak,Trough,Peak,-7.999999999999999,ample,-0.626
2021-11-30,USA,1.1755176159614642,0.7548924634430303,0.9652050397022472,-0.46409242407693224,0.488772551775854,Peak,Trough,Peak,-7.999999999999999,ample,-0.554
2021-12-31,USA,0.9241354044487663,0.407282977536424,0.6657091909925952,-0.46409242407693224,0.289108652636086,Peak,Trough,Peak,-7.999999999999999,ample,-0.559
2022-01-31,USA,0.6233941519965107,-0.10411005005980417,0.25964205096835324,-2.168851710206937,-0.5498558694234101,Peak,Tightening,Tightening,-6.999999999999999,ample,-0.543
2022-02-28,USA,0.4733172938021777,-0.5389532022727452,-0.032817954235283775,-2.168851710206937,-0.7448292062258348,Tightening,Tightening,Tightening,-6.999999999999999,ample,-0.437
2022-03-31,USA,0.23169230137572455,-1.1421427264811217,-0.45522521255269854,-2.168851710206937,-1.0264340451041114,Tightening,Tightening,Tightening,-7.000000000000001,ample,-0.37
2022-04-30,USA,-0.3632027494894496,-1.4587645261918534,-0.9109836378406515,-2.168851710206937,-1.3302729952960801,Tightening,Tightening,Tightening,-7.000000000000001,ample,-0.332
2022-05-31,USA,-0.3635756843227334,-1.0099278798526539,-0.6867517820876936,-2.168851710206937,-1.1807850914607747,Tightening,Tightening,Tightening,-7.000000000000006,ample,-0.253
2022-06-30,USA,-0.49843297789516994,-1.1016879011152025,-0.8000604395051862,-2.168851710206937,-1.2563241964057696,Tightening,Tightening,Tightening,-6.999999999999984,ample,-0.163
2022-07-31,USA,-0.48582205553477875,-0.8054536861411584,-0.6456378708379686,-2.168851710206937,-1.1533758172942914,Tightening,Trough,Tightening,-8.000000000000007,ample,-0.212
2022-08-31,USA,-0.5833426313475283,-1.2183017549247461,-0.9008221931361372,-2.168851710206937,-1.3234986988264037,Tightening,Trough,Tightening,-6.999999999999984,ample,-0.219
2022-09-30,USA,-0.818024336716898,-1.5981431518631655,-1.2080837442900316,-2.168851710206937,-1.528339732929,Tightening,Trough,Tightening,-6.999999999999984,ample,-0.096
2022-10-31,USA,-0.8060257881325331,-1.7888184664773639,-1.2974221273049484,-2.168851710206937,-1.5878986549389444,Tightening,Trough,Tightening,-6.999999999999984,ample,-0.117
2022-11-30,USA,-0.7160913532085152,-1.4457017002295016,-1.0808965267190085,-2.168851710206937,-1.4435482545483178,Tightening,Trough,Tightening,-6.999999999999984,ample,-0.175
2022-12-31,USA,-0.8448239764526607,-1.1051717262284315,-0.9749978513405462,-2.168851710206937,-1.3729491376293432,Tightening,Trough,Tightening,-7.000000000000028,ample,-0.218
2023-01-31,USA,-0.7137947086273838,-0.9363481859544664,-0.8250714472909251,1.075341650045903,-0.1916004148453156,Tightening,Loosening,Trough,-7.000000000000028,ample,-0.304
2023-02-28,USA,-0.8106852044476964,-1.2488474292515424,-1.0297663168496194,1.075341650045903,-0.32806366121777847,Tightening,Loosening,Trough,-8.000000000000007,ample,-0.267
2023-03-31,USA,-0.31292847748956665,-0.5887557482036739,-0.4508421128466203,1.075341650045903,0.05788580811755423,Trough,Loosening,Loosening,-7.000000000000028,ample,-0.146
2023-04-30,USA,-0.45864531444334955,-0.5832910573167187,-0.5209681858800341,1.075341650045903,0.011135092761944965,Trough,Loosening,Loosening,-7.000000000000028,ample,-0.187
2023-05-31,USA,-0.2945453239185023,-0.6951186740910802,-0.49483199900479125,1.075341650045903,0.028559217345440258,Trough,Loosening,Loosening,-7.000000000000028,ample,-0.211
2023-06-30,USA,-0.3278421500568295,-1.0975391106466752,-0.7126906303517524,1.075341650045903,-0.11667987021920051,Trough,Loosening,Trough,-7.000000000000028,ample,-0.227
2023-07-31,USA,-0.4451105627113584,-0.8051875523889285,-0.6251490575501435,1.075341650045903,-0.058318821684794575,Trough,Loosening,Trough,-7.000000000000028,ample,-0.28
2023-08-31,USA,-0.3333415680269087,-0.7271032324387784,-0.5302224002328435,1.075341650045903,0.004965616526738714,Trough,Loosening,Loosening,-7.000000000000028,ample,-0.333
2023-09-30,USA,-0.3462127892335233,-0.5747746818071287,-0.46049373552032596,1.075341650045903,0.051451393001750445,Tightening,Loosening,Peak,-7.000000000000028,ample,-0.31
2023-10-31,USA,-0.28668283813915935,-0.6073410913893853,-0.4470119647642723,1.075341650045903,0.06043924017245289,Trough,Loosening,Loosening,-7.000000000000028,ample,-0.283
2023-11-30,USA,-0.12539768352429387,-0.3401671745668759,-0.23278242904558488,1.075341650045903,0.2032589306515778,Trough,Loosening,Loosening,-7.000000000000028,ample,-0.32
2023-12-31,USA,-0.021579856462622272,0.19295354929782585,0.08568684641760178,1.075341650045903,0.4155717809603689,Loosening,Loosening,Loosening,-7.000000000000028,ample,-0.367
2024-01-31,USA,-0.05583787828811173,0.21402135263057973,0.079091737171234,-0.34693577273809495,-0.06291743279854234,Loosening,Tightening,Tightening,-7.000000000000028,ample,-0.396
2024-02-29,USA,0.12722747120060363,-0.032156535675620435,0.047535467762491596,-0.34693577273809495,-0.08395494573770394,Loosening,Tightening,Tightening,-7.000000000000028,ample,-0.427
2024-03-31,USA,-0.19901692853098651,0.10421849709491737,-0.04739921571803457,-0.34693577273809495,-0.14724473472472138,Trough,Tightening,Tightening,-7.000000000000028,ample,-0.433
2024-04-30,USA,-0.31371065793936637,-0.16165325247834456,-0.23768195520885546,-0.34693577273809495,-0.2740998943852686,Trough,Tightening,Tightening,-7.000000000000028,ample,-0.414
2024-05-31,USA,-0.21636794661558967,-0.05833348457477558,-0.13735071559518264,-0.34693577273809495,-0.20721240130948676,Trough,Tightening,Tightening,-7.000000000000028,ample,-0.409
2024-06-30,USA,-0.3537125648600326,0.025855646750558618,-0.163928459054737,-0.34693577273809495,-0.22493089694918966,Tightening,Tightening,Tightening,-7.000000000000028,ample,-0.38
2024-07-31,USA,-0.277047831976709,0.39165861688727965,0.05730539245528532,-0.34693577273809495,-0.07744166260917479,Peak,Trough,Tightening,-7.000000000000028,ample,-0.36
2024-08-31,USA,-0.32574572946699554,0.6940066699732808,0.1841304702531426,-0.34693577273809495,0.007108389256063399,Loosening,Trough,Loosening,-7.000000000000028,ample,-0.391
2024-09-30,USA,-0.3642845240257308,0.7452415305452003,0.19047850325973473,-0.34693577273809495,0.01134041126045815,Loosening,Trough,Loosening,-7.000000000000028,ample,-0.427
2024-10-31,USA,-0.33709129913561564,0.4106264894378664,0.036767595151125376,-0.34693577273809495,-0.09113352747861475,Loosening,Trough,Trough,-7.000000000000028,ample,-0.445
2024-11-30,USA,-0.45854763448255115,0.19456861316530205,-0.13198951065862455,-0.34693577273809495,-0.2036382646851147,Trough,Trough,Trough,-7.000000000000028,ample,-0.477
2024-12-31,USA,-0.4763540154829931,0.15467354974681555,-0.1608402328680888,-0.34693577273809495,-0.22287207949142418,Trough,Trough,Trough,-7.000000000000028,ample,-0.485
2025-01-31,USA,-0.4980243821063516,0.18816744692065088,-0.15492846759285034,-0.1301943156579289,-0.14668375028120986,Tightening,Trough,Tightening,-7.000000000000028,ample,-0.509
2025-02-28,USA,-0.46755363015745766,0.26221202203030497,-0.10267080406357634,-0.1301943156579289,-0.11184530792836053,Tightening,Trough,Tightening,-7.000000000000028,ample,-0.48
2025-03-31,USA,-0.2432200204963502,0.3696736013454551,0.06322679042455247,-0.1301943156579289,-0.0012469116029413321,Peak,Trough,Tightening,-7.000000000000028,ample,-0.408
2025-04-30,USA,-0.3983798480048098,0.5970184846408279,0.09931931831800903,-0.1301943156579289,0.02281477365936304,Loosening,Trough,Loosening,-7.000000000000028,ample,-0.389
2025-05-31,USA,-0.44084439098282,0.41939479684668435,-0.010724797068067837,-0.1301943156579289,-0.050547969931354866,Trough,Trough,Trough,-7.000000000000028,ample,-0.466
2025-06-30,USA,-0.2461887055712572,0.5669750684280981,0.16039318142842046,-0.1301943156579289,0.06353068239963733,Loosening,Trough,Loosening,-7.000000000000028,ample,-0.496
2025-07-31,USA,-0.278972892851642,0.4687691334257186,0.09489812028703828,-0.1301943156579289,0.019867308305382546,Loosening,Trough,Loosening,-7.000000000000028,ample,-0.519
2025-08-31,USA,-0.39005687908620496,0.729584519225013,0.16976382006940402,-0.1301943156579289,0.06977777482695971,Loosening,Trough,Loosening,-7.000000000000028,ample,-0.528
2025-09-30,USA,-0.5445373524667094,0.5574396773680217,0.006451162450656134,-0.1301943156579289,-0.03909733025220555,Peak,Trough,Tightening,-6.00000000000005,ample,-0.527
2025-10-31,USA,-0.8063440129922871,0.4545723605890587,-0.1758858262016142,-0.1301943156579289,-0.16065532268705243,Tightening,Trough,Tightening,-4.0000000000000036,ample,-0.515
2025-11-30,USA,-0.7190394014754723,0.4641508471510442,-0.12744427716221404,-0.1301943156579289,-0.12836095666078567,Tightening,Trough,Tightening,-0.9999999999999787,ample,-0.51
2025-12-31,USA,-0.5217118156097273,0.38020153949911256,-0.07075513805530739,-0.1301943156579289,-0.09056819725618123,Tightening,Trough,Tightening,-0.9999999999999787,ample,-0.54
2026-01-31,USA,-0.6863096529909926,0.3454999033435294,-0.17040487482373157,-0.10054953831555627,-0.1471197626543398,Tightening,Trough,Tightening,-0.9999999999999787,ample,-0.567
2026-02-28,USA,-0.6167047434980317,0.38811229720355306,-0.11429622314723933,-0.10054953831555627,-0.10971399487001164,Tightening,Trough,Tightening,-0.9999999999999787,ample,-0.509
2026-03-31,USA,-0.6256029427642781,0.1415430353857437,-0.2420299536892672,-0.10054953831555627,-0.19486981523136354,Tightening,Trough,Tightening,-0.9999999999999787,ample,-0.46
2026-04-30,USA,-0.6725494069899391,0.1925308436292488,-0.2400092816803452,-0.10054953831555627,-0.19352270055874887,Tightening,Trough,Tightening,-0.9999999999999787,ample,-0.497
2026-05-31,USA,-0.5204164989324451,0.07673660068333402,-0.22183994912455557,-0.10054953831555627,-0.18140981218822244,Tightening,Trough,Tightening,-2.9999999999999805,ample,-0.509
2026-06-30,USA,-0.5934433700365926,-0.12058472130043218,-0.3570140456685124,-0.10054953831555627,-0.27152587655086036,Tightening,Trough,Tightening,-2.0000000000000018,ample,-0.514
2026-07-31,USA,-0.6494530641390168,-0.18286333546121566,-0.41615819980011626,-0.10054953831555627,-0.3109553126385962,Tightening,Trough,Tightening,-2.0000000000000018,ample,-0.541
2026-08-31,USA,-0.6489608429957434,-0.1867517747213826,-0.417856308858563,-0.10054953831555627,-0.3120873853442274,Tightening,Trough,Tightening,-2.0000000000000018,ample,-0.56
2026-09-30,USA,-0.48810546515573455,-0.2897255088430378,-0.38891548699938616,-0.10054953831555627,-0.29279350410477617,Tightening,Trough,Tightening,-2.0000000000000018,ample,-0.564
2004-03-31,JPN,-0.4323285981928211,,-0.4323285981928211,-0.8495542318434232,-0.5714038094096885,,Tightening,,,,
2004-04-30,JPN,-0.2882591084575752,,-0.2882591084575752,-0.8495542318434232,-0.4753574829195245,,Tightening,,,,
2004-05-31,JPN,-0.38313952682874847,,-0.38313952682874847,-0.8495542318434232,-0.5386110951669734,,Tightening,,,,
2004-06-30,JPN,-0.2951012876908031,,-0.2951012876908031,-0.8495542318434232,-0.4799189357416765,,Tightening,,,,
2004-07-31,JPN,-0.5540569597729657,,-0.5540569597729657,-0.8495542318434232,-0.6525560504631182,,Trough,,,,
2004-08-31,JPN,-0.2742165554413072,,-0.2742165554413072,-0.8495542318434232,-0.4659957809086792,,Trough,,,,
2004-09-30,JPN,-0.5416231090023135,,-0.5416231090023135,-0.8495542318434232,-0.6442668166160167,Tightening,Trough,Tightening,,,
2004-10-31,JPN,-0.4970210064992711,,-0.4970210064992711,-0.8495542318434232,-0.6145320816139885,Tightening,Trough,Tightening,,,
2004-11-30,JPN,-0.1052098767040878,,-0.1052098767040878,-0.8495542318434232,-0.3533246617505329,Trough,Trough,Trough,,,
2004-12-31,JPN,-0.08200611926228486,,-0.08200611926228486,-0.8495542318434232,-0.3378554901226643,Trough,Trough,Trough,,,
2005-01-31,JPN,-0.17625903253820038,,-0.17625903253820038,-1.1242375991306877,-0.49225188806902953,Trough,Tightening,Trough,,,
2005-02-28,JPN,-0.25920691743947727,,-0.25920691743947727,-1.1242375991306877,-0.5475504780032141,Trough,Tightening,Tightening,,,
2005-03-31,JPN,-0.8005738320527827,,-0.8005738320527827,-1.1242375991306877,-0.9084617544120843,Tightening,Tightening,Tightening,,,
2005-04-30,JPN,-0.33658891651638184,,-0.33658891651638184,-1.1242375991306877,-0.5991384773878172,Trough,Tightening,Trough,,,
2005-05-31,JPN,-0.3601220180614476,,-0.3601220180614476,-1.1242375991306877,-0.6148272117511944,Tightening,Tightening,Tightening,,,
2005-06-30,JPN,-0.29536956207519066,,-0.29536956207519066,-1.1242375991306877,-0.5716589077603564,Tightening,Tightening,Tightening,,,
2005-07-31,JPN,0.1289566736859622,,0.1289566736859622,-1.1242375991306877,-0.28877475058625446,Loosening,Trough,Trough,,,
2005-08-31,JPN,-0.09629116943230025,,-0.09629116943230025,-1.1242375991306877,-0.43893997933176276,Trough,Trough,Trough,,,
2005-09-30,JPN,-0.3633062765263721,,-0.3633062765263721,-1.1242375991306877,-0.6169500507278107,Trough,Trough,Trough,,,
2005-10-31,JPN,-0.3171480729184647,,-0.3171480729184647,-1.1242375991306877,-0.5861779149892057,Trough,Trough,Trough,,,
2005-11-30,JPN,-0.6417475969842481,,-0.6417475969842481,-1.1242375991306877,-0.802577597699728,Tightening,Trough,Tightening,,,
2005-12-31,JPN,-0.234453961328816,,-0.234453961328816,-1.1242375991306877,-0.5310485072627733,Trough,Trough,Trough,,,
2006-01-31,JPN,-0.556865069157073,,-0.556865069157073,-0.8606418075812103,-0.6581239819651188,Tightening,Trough,Tightening,,,
2006-02-28,JPN,-0.8103195131799156,,-0.8103195131799156,-0.8606418075812103,-0.8270936113136805,Tightening,Trough,Tightening,,,
2006-03-31,JPN,-1.1616697783601102,,-1.1616697783601102,-0.8606418075812103,-1.0613271214338102,Tightening,Trough,Tightening,,,
2006-04-30,JPN,-1.7892315496900042,,-1.7892315496900042,-0.8606418075812103,-1.4797016356537394,Tightening,Trough,Tightening,,,
2006-05-31,JPN,-2.1385013354543867,,-2.1385013354543867,-0.8606418075812103,-1.7125481594966612,Tightening,Trough,Tightening,,,
2006-06-30,JPN,-2.378434891905644,,-2.378434891905644,-0.8606418075812103,-1.8725038637974993,Tightening,Trough,Tightening,,,
2006-07-31,JPN,-2.3195754001282496,,-2.3195754001282496,-0.8606418075812103,-1.8332642026125696,Tightening,Trough,Tightening,,,
2006-08-31,JPN,-2.4956876979644265,,-2.4956876979644265,-0.8606418075812103,-1.9506724011700212,Tightening,Trough,Tightening,,,
2006-09-30,JPN,-2.0977468691662424,,-2.0977468691662424,-0.8606418075812103,-1.6853785153045648,Tightening,Trough,Tightening,,,
2006-10-31,JPN,-2.125756260825288,,-2.125756260825288,-0.8606418075812103,-1.7040514430772622,Tightening,Trough,Tightening,,,
2006-11-30,JPN,-2.0612711443620313,,-2.0612711443620313,-0.8606418075812103,-1.6610613654350908,Trough,Trough,Trough,,,
2006-12-31,JPN,-2.2462607931688514,,-2.2462607931688514,-0.8606418075812103,-1.784387797972971,Trough,Trough,Trough,,,
2007-01-31,JPN,-2.1302692463581017,,-2.1302692463581017,-0.23103735536100406,-1.497191949359069,Trough,Trough,Trough,,,
2007-02-28,JPN,-1.9279623247098796,,-1.9279623247098796,-0.23103735536100406,-1.3623206682602544,Trough,Trough,Trough,,,
2007-03-31,JPN,-1.8460360515821117,,-1.8460360515821117,-0.23103735536100406,-1.3077031528417424,Trough,Trough,Trough,,,
2007-04-30,JPN,-1.5739014678536487,,-1.5739014678536487,-0.23103735536100406,-1.126280097022767,Trough,Trough,Trough,,,
2007-05-31,JPN,-1.1716353410087406,,-1.1716353410087406,-0.23103735536100406,-0.8581026791261617,Trough,Trough,Trough,,,
2007-06-30,JPN,-1.1352437855386204,,-1.1352437855386204,-0.23103735536100406,-0.8338416421460816,Trough,Trough,Trough,,,
2007-07-31,JPN,-0.8080373456074013,,-0.8080373456074013,-0.23103735536100406,-0.6157040155252688,Trough,Trough,Trough,,,
2007-08-31,JPN,-0.4870013758207291,,-0.4870013758207291,-0.23103735536100406,-0.40168003566748745,Trough,Trough,Trough,,,
2007-09-30,JPN,-0.6944049004874189,,-0.6944049004874189,-0.23103735536100406,-0.5399490521119472,Trough,Trough,Trough,,,
2007-10-31,JPN,-0.7759912089793989,,-0.7759912089793989,-0.23103735536100406,-0.5943399244399339,Trough,Trough,Trough,,,
2007-11-30,JPN,-0.7140994137360169,,-0.7140994137360169,-0.23103735536100406,-0.5530787276110126,Trough,Trough,Trough,,,
2007-12-31,JPN,-0.5632207170620809,,-0.5632207170620809,-0.23103735536100406,-0.4524929298283886,Trough,Trough,Trough,,,
2008-01-31,JPN,-0.4089217371271322,,-0.4089217371271322,0.5162538549862481,-0.10052987308933875,Trough,Loosening,Trough,,,
2008-02-29,JPN,-0.5088068830291197,,-0.5088068830291197,0.5162538549862481,-0.1671199703573304,Tightening,Loosening,Trough,,,
2008-03-31,JPN,-0.2742835115003196,,-0.2742835115003196,0.5162538549862481,-0.010771056004796997,Trough,Loosening,Trough,,,
2008-04-30,JPN,-0.23735330112542177,,-0.23735330112542177,0.5162538549862481,0.013849084245134868,Trough,Loosening,Loosening,,,
2008-05-31,JPN,-0.15114308746081317,,-0.15114308746081317,0.5162538549862481,0.07132256002154061,Trough,Loosening,Loosening,,,
2008-06-30,JPN,-0.2226589973602636,,-0.2226589973602636,0.5162538549862481,0.02364528675524033,Trough,Loosening,Loosening,,,
2008-07-31,JPN,-0.2714170017270321,,-0.2714170017270321,0.5162538549862481,-0.008860049489271993,Trough,Loosening,Trough,,,
2008-08-31,JPN,-0.36514229865289627,,-0.36514229865289627,0.5162538549862481,-0.07134358077318145,Trough,Loosening,Trough,,,
2008-09-30,JPN,-0.21775765927662216,,-0.21775765927662216,0.5162538549862481,0.02691284547766795,Trough,Loosening,Loosening,,,
2008-10-31,JPN,0.2876739551328931,,0.2876739551328931,0.5162538549862481,0.36386725508401147,Loosening,Loosening,Loosening,,,
2008-11-30,JPN,0.29920313595163583,,0.29920313595163583,0.5162538549862481,0.3715533756298399,Loosening,Loosening,Loosening,,,
2008-12-31,JPN,0.3879241014864884,,0.3879241014864884,0.5162538549862481,0.4307006859864083,Loosening,Loosening,Loosening,,,
2009-01-31,JPN,0.07052724774901237,,0.07052724774901237,1.9623808297825371,0.701145108426854,Loosening,Loosening,Loosening,,,
2009-02-28,JPN,0.15470703906139027,,0.15470703906139027,1.9623808297825371,0.7572649693017726,Loosening,Loosening,Loosening,,,
2009-03-31,JPN,0.31178704384990713,,0.31178704384990713,1.9623808297825371,0.8619849724941171,Loosening,Loosening,Loosening,,,
2009-04-30,JPN,0.15693306686356395,,0.15693306686356395,1.9623808297825371,0.7587489878365551,Peak,Loosening,Loosening,,,
2009-05-31,JPN,0.20677607208923657,,0.20677607208923657,1.9623808297825371,0.7919776579870035,Peak,Loosening,Loosening,,,
2009-06-30,JPN,0.23078389159710927,,0.23078389159710927,1.9623808297825371,0.8079828709922519,Peak,Loosening,Loosening,,,
2009-07-31,JPN,0.0551040270317735,,0.0551040270317735,1.9623808297825371,0.6908629612820281,Peak,Loosening,Peak,,,
2009-08-31,JPN,0.09870761175647966,,0.09870761175647966,1.9623808297825371,0.7199320177651656,Peak,Loosening,Peak,,,
2009-09-30,JPN,-0.140935833848092,,-0.140935833848092,1.9623808297825371,0.5601697206954511,Tightening,Loosening,Peak,,,
2009-10-31,JPN,-0.7144503391166852,,-0.7144503391166852,1.9623808297825371,0.17782671718305565,Tightening,Loosening,Peak,,,
2009-11-30,JPN,-0.634130741654098,,-0.634130741654098,1.9623808297825371,0.23137311549144712,Tightening,Loosening,Peak,,,
2009-12-31,JPN,-0.38932806761792493,,-0.38932806761792493,1.9623808297825371,0.39457489818222913,Tightening,Loosening,Peak,,,
2010-01-31,JPN,-0.19451788355229882,,-0.19451788355229882,0.9771731609845408,0.1960457979599811,Tightening,Peak,Peak,,,
2010-02-28,JPN,-0.08863932608818678,,-0.08863932608818678,0.9771731609845408,0.26663150293605575,Tightening,Peak,Peak,,,
2010-03-31,JPN,-0.467055448944727,,-0.467055448944727,0.9771731609845408,0.014354087698362328,Tightening,Peak,Peak,,,
2010-04-30,JPN,-0.3820460804921852,0.2961387933954157,-0.04295364354838474,0.9771731609845408,0.2970886246292571,Trough,Peak,Loosening,,,
2010-05-31,JPN,-0.20411279006299293,0.4044269206773443,0.10015706530717569,0.9771731609845408,0.3924957638662974,Loosening,Peak,Loosening,,,
2010-06-30,JPN,-0.10452784141160397,0.37250003364390083,0.13398609611614842,0.9771731609845408,0.4150484510722792,Loosening,Peak,Loosening,,,
2010-07-31,JPN,-0.1535627027774858,0.2430605237988916,0.0447489105107029,0.9771731609845408,0.3555569940019822,Loosening,Loosening,Loosening,,,
2010-08-31,JPN,0.06222077169842595,0.1738308867625063,0.11802582923046612,0.9771731609845408,0.40440827314849104,Loosening,Loosening,Loosening,,,
2010-09-30,JPN,-0.041913223163646575,0.2415705713022515,0.09982867406930247,0.9771731609845408,0.39227683637438193,Loosening,Loosening,Loosening,,,
2010-10-31,JPN,0.4045946780367069,0.5326911142002848,0.46864289611849586,0.9771731609845408,0.6381529844071775,Loosening,Loosening,Loosening,,,
2010-11-30,JPN,0.3669066893648809,0.2725090923859768,0.31970789087542884,0.9771731609845408,0.5388629809117995,Loosening,Loosening,Loosening,,,
2010-12-31,JPN,0.10441667737209254,0.31497505474019344,0.209695866056143,0.9771731609845408,0.4655216310322756,Loosening,Loosening,Loosening,,,
2011-01-31,JPN,0.0755168109065357,0.1253616206679372,0.10043921578723645,-0.3406833519893854,-0.04660164013830417,Loosening,Tightening,Tightening,,,
2011-02-28,JPN,-0.06572773134465358,0.08853528219513696,0.011403775425241687,-0.3406833519893854,-0.10595860037963402,Peak,Tightening,Tightening,,,
2011-03-31,JPN,1.05414451337217,0.10746461557567669,0.5808045644739234,-0.3406833519893854,0.2736419256528204,Loosening,Tightening,Peak,,,
2011-04-30,JPN,1.1880614387807469,0.22620796997712667,0.7071347043789368,-0.3406833519893854,0.3578620189228294,Loosening,Tightening,Peak,,,
2011-05-31,JPN,0.7199109448085055,0.2763353534592624,0.49812314913388395,-0.3406833519893854,0.21852098209279414,Loosening,Tightening,Peak,,,
2011-06-30,JPN,1.0042729505981927,0.3536987331077646,0.6789858418529786,-0.3406833519893854,0.3390961105721906,Loosening,Tightening,Peak,,,
2011-07-31,JPN,1.0931315791766507,0.6888980547745531,0.8910148169756019,-0.3406833519893854,0.4804487606539395,Loosening,Trough,Loosening,,,
2011-08-31,JPN,1.162422672569853,0.7291596891930143,0.9457911808814337,-0.3406833519893854,0.5169663365911606,Loosening,Trough,Loosening,,,
2011-09-30,JPN,1.1675274333720438,0.5928185899099776,0.8801730116410107,-0.3406833519893854,0.47322089043087867,Loosening,Trough,Loosening,,,
2011-10-31,JPN,0.707988762064391,0.4449363133513655,0.5764625377078783,-0.3406833519893854,0.2707472411421237,Peak,Trough,Peak,,,
2011-11-30,JPN,1.0139460764306858,0.31971009794046207,0.666828087185574,-0.3406833519893854,0.33099094079392083,Loosening,Trough,Loosening,,,
2011-12-31,JPN,0.8557515402786581,0.4660927092195599,0.660922124749109,-0.3406833519893854,0.3270536325029442,Peak,Trough,Peak,,,
2012-01-31,JPN,0.45599935785060314,0.6644176251024221,0.5602084914765126,-0.49485129237179076,0.20852189686041148,Peak,Tightening,Peak,,,
2012-02-29,JPN,0.853090460546111,0.5155990220238275,0.6843447412849692,-0.49485129237179076,0.29127939673271586,Peak,Tightening,Peak,,,
2012-03-31,JPN,-0.4118193627646348,0.5844536271006036,0.08631713216798437,-0.49485129237179076,-0.10740567601194069,Peak,Tightening,Tightening,,,
2012-04-30,JPN,0.29869128598837785,0.544167224421826,0.4214292552051019,-0.49485129237179076,0.11600240601280429,Peak,Tightening,Peak,,,
2012-05-31,JPN,0.3864586702660182,0.46667616126280226,0.42656741576441026,-0.49485129237179076,0.11942784638567658,Peak,Tightening,Peak,,,
2012-06-30,JPN,0.9051750778425143,0.2863837279872972,0.5957794029149057,-0.49485129237179076,0.23223583781934018,Peak,Tightening,Peak,,,
2012-07-31,JPN,0.6374422035316413,0.19953641356873844,0.41848930855018984,-0.49485129237179076,0.11404244157619628,Peak,Trough,Peak,,,
2012-08-31,JPN,0.4220634279093615,0.1965933161884799,0.3093283720489207,-0.49485129237179076,0.04126848390868354,Peak,Trough,Peak,,,
2012-09-30,JPN,0.715552393704519,0.23300861810203277,0.47428050590327586,-0.49485129237179076,0.1512365731449203,Loosening,Trough,Loosening,,,
2012-10-31,JPN,1.3943539407454537,0.19040300526371348,0.7923784730045836,-0.49485129237179076,0.36330188454579215,Loosening,Trough,Loosening,,,
2012-11-30,JPN,0.742796854534449,0.27730904043935056,0.5100529474868998,-0.49485129237179076,0.1750848675340029,Loosening,Trough,Loosening,,,
2012-12-31,JPN,0.8940674755444298,0.31800821802747603,0.6060378467859528,-0.49485129237179076,0.23907480040003828,Loosening,Trough,Loosening,,,
2013-01-31,JPN,1.4761330191527806,0.2764221070321568,0.8762775630924687,-0.378491994697419,0.45802104382917275,Loosening,Trough,Loosening,,,
2013-02-28,JPN,1.1231025471481049,0.17269100225262546,0.6478967747003652,-0.378491994697419,0.3057671849011038,Loosening,Trough,Loosening,,,
2013-03-31,JPN,1.5743883056451853,0.05844341104215186,0.8164158583436686,-0.378491994697419,0.418113240663306,Loosening,Trough,Loosening,,,
2013-04-30,JPN,2.064610481064483,0.03629223130852625,1.0504513561865045,-0.378491994697419,0.5741369058918633,Loosening,Trough,Loosening,,,
2013-05-31,JPN,2.4942853567465377,0.14445549950621198,1.319370428126375,-0.378491994697419,0.7534162871851102,Loosening,Trough,Loosening,,,
2013-06-30,JPN,2.514556911470852,0.38032021824050727,1.4474385648556796,-0.378491994697419,0.8387950450046466,Loosening,Trough,Loosening,,,
2013-07-31,JPN,2.845474560959289,,2.845474560959289,-0.378491994697419,1.7708190424070531,Loosening,Trough,Loosening,,,
2013-08-31,JPN,2.883132674767237,,2.883132674767237,-0.378491994697419,1.7959244516123516,Loosening,Trough,Loosening,,,
2013-09-30,JPN,2.9340217495327834,,2.9340217495327834,-0.378491994697419,1.8298505014560493,Loosening,Trough,Loosening,,,
2013-10-31,JPN,2.8767227705142178,,2.8767227705142178,-0.378491994697419,1.791651182110339,Loosening,Trough,Loosening,,,
2013-11-30,JPN,2.9844286673950116,,2.9844286673950116,-0.378491994697419,1.8634551133642014,Loosening,Trough,Loosening,,,
2013-12-31,JPN,2.735581377062672,,2.735581377062672,-0.378491994697419,1.6975569198093083,Loosening,Trough,Loosening,,,
2014-01-31,JPN,2.8841319733474764,,2.8841319733474764,-1.2608944399110278,1.5024565022613083,Loosening,Tightening,Peak,,,
2014-02-28,JPN,2.8773500701896406,,2.8773500701896406,-1.2608944399110278,1.4979352334894178,Peak,Tightening,Peak,,,
2014-03-31,JPN,2.7316500975657454,,2.7316500975657454,-1.2608944399110278,1.400801918406821,Peak,Tightening,Peak,,,
2014-04-30,JPN,2.282879805677705,,2.282879805677705,-1.2608944399110278,1.1016217238147938,Peak,Tightening,Peak,,,
2014-05-31,JPN,2.0264757056342773,,2.0264757056342773,-1.2608944399110278,0.9306856571191755,Peak,Tightening,Peak,,,
2014-06-30,JPN,1.9752849163401853,,1.9752849163401853,-1.2608944399110278,0.8965584642564475,Peak,Tightening,Peak,,,
2014-07-31,JPN,1.8614769275003908,,1.8614769275003908,-1.2608944399110278,0.8206864716965845,Peak,Trough,Peak,,,
2014-08-31,JPN,1.6678927144800788,,1.6678927144800788,-1.2608944399110278,0.6916303296830433,Peak,Trough,Peak,,,
2014-09-30,JPN,1.5477411914342474,,1.5477411914342474,-1.2608944399110278,0.6115293143191556,Peak,Trough,Peak,,,
2014-10-31,JPN,1.5434684348525658,,1.5434684348525658,-1.2608944399110278,0.6086808099313679,Peak,Trough,Peak,,,
2014-11-30,JPN,1.4941642653152118,,1.4941642653152118,-1.2608944399110278,0.5758113635731319,Peak,Trough,Peak,,,
2014-12-31,JPN,1.538725942308333,,1.538725942308333,-1.2608944399110278,0.6055191482352127,Peak,Trough,Peak,,,
2015-01-31,JPN,1.518011207219564,,1.518011207219564,-1.117454246247807,0.6395227227304401,Peak,Trough,Peak,,,
2015-02-28,JPN,1.448261827596344,,1.448261827596344,-1.117454246247807,0.5930231363149603,Peak,Trough,Peak,,,
2015-03-31,JPN,1.459590037444888,,1.459590037444888,-1.117454246247807,0.6005752762139895,Peak,Trough,Peak,,,
2015-04-30,JPN,1.5030466385011318,,1.5030466385011318,-1.117454246247807,0.6295463435848188,Peak,Trough,Loosening,,,
2015-05-31,JPN,1.470894879334887,,1.470894879334887,-1.117454246247807,0.6081118374739889,Peak,Trough,Loosening,,,
2015-06-30,JPN,1.3851371329259878,,1.3851371329259878,-1.117454246247807,0.5509400065347227,Peak,Trough,Peak,,,
2015-07-31,JPN,1.2397518908112948,,1.2397518908112948,-1.117454246247807,0.45401651179159414,Peak,Trough,Peak,,,
2015-08-31,JPN,1.1831667593028437,,1.1831667593028437,-1.117454246247807,0.41629309078596005,Peak,Trough,Peak,,,
2015-09-30,JPN,1.225245476844595,,1.225245476844595,-1.117454246247807,0.4443455691471277,Peak,Trough,Peak,,,
2015-10-31,JPN,1.1046059324456945,,1.1046059324456945,-1.117454246247807,0.3639192062145273,Peak,Trough,Peak,,,
2015-11-30,JPN,0.9789409174218556,,0.9789409174218556,-1.117454246247807,0.280142529531968,Peak,Trough,Peak,,,
2015-12-31,JPN,0.9341006954720993,,0.9341006954720993,-1.117454246247807,0.2502490482321305,Peak,Trough,Peak,,,
2016-01-31,JPN,0.909424317103938,,0.909424317103938,-0.05633372713849233,0.5875049690231278,Peak,Trough,Loosening,,,
2016-02-29,JPN,0.8211506509775466,,0.8211506509775466,-0.05633372713849233,0.5286558582722002,Peak,Trough,Loosening,,,
2016-03-31,JPN,0.7727937252971788,,0.7727937252971788,-0.05633372713849233,0.4964179078186218,Peak,Trough,Loosening,,,
2016-04-30,JPN,0.7141208583353735,,0.7141208583353735,-0.05633372713849233,0.45730266317741824,Peak,Trough,Loosening,,,
2016-05-31,JPN,0.6757748755917385,,0.6757748755917385,-0.05633372713849233,0.43173867468166155,Peak,Trough,Loosening,,,
2016-06-30,JPN,0.7301568990285926,,0.7301568990285926,-0.05633372713849233,0.4679933569728976,Peak,Trough,Loosening,,,
2016-07-31,JPN,0.7056325463893709,,0.7056325463893709,-0.05633372713849233,0.4516437885467498,Peak,Trough,Peak,,,
2016-08-31,JPN,0.708571378948295,,0.708571378948295,-0.05633372713849233,0.4536030102526992,Peak,Trough,Peak,,,
2016-09-30,JPN,0.6646013950301446,1.2135685995977123,0.9390849973139285,-0.05633372713849233,0.6072787558297881,Loosening,Trough,Loosening,,,
2016-10-31,JPN,0.6108481735400882,1.378083189374622,0.9944656814573551,-0.05633372713849233,0.6441992119254059,Loosening,Trough,Loosening,,,
2016-11-30,JPN,0.5704967092600625,1.3650599572944822,0.9677783332772723,-0.05633372713849233,0.6264076464720173,Loosening,Trough,Loosening,,,
2016-12-31,JPN,0.6074124737530912,1.2921048939569242,0.9497586838550076,-0.05633372713849233,0.6143945468571742,Loosening,Trough,Loosening,,,
2017-01-31,JPN,0.42224936322335743,1.414544561588626,0.9183969624059918,-0.54195613278406,0.4316125973426412,Loosening,Tightening,Peak,,,
2017-02-28,JPN,0.3611552305904618,1.425224412476625,0.8931898215335433,-0.54195613278406,0.4148078367610088,Loosening,Tightening,Peak,,,
2017-03-31,JPN,0.3456342577351395,1.1223975774796358,0.7340159176073876,-0.54195613278406,0.3086919008102384,Peak,Tightening,Peak,,,
2017-04-30,JPN,0.28379681510531124,1.2349557516237102,0.7593762833645107,-0.54195613278406,0.3255988113149871,Peak,Tightening,Peak,,,
2017-05-31,JPN,0.10309506369017062,1.127184724803779,0.6151398942469748,-0.54195613278406,0.2294412185699632,Peak,Tightening,Peak,,,
2017-06-30,JPN,-0.024405642910274875,0.9453487756897082,0.46047156638971665,-0.54195613278406,0.12632899999845776,Peak,Tightening,Peak,,,
2017-07-31,JPN,-0.17234774098414105,0.9442787796836383,0.3859655193497486,-0.54195613278406,0.07665830197181239,Peak,Trough,Peak,,,
2017-08-31,JPN,-0.2647582321318161,1.2304506131230073,0.48284619049559563,-0.54195613278406,0.14124541606904373,Peak,Trough,Peak,,,
2017-09-30,JPN,-0.3165946942934118,0.5599689513103906,0.1216871285084894,-0.54195613278406,-0.09952729192236041,Peak,Trough,Tightening,,,
2017-10-31,JPN,-0.3752272436905025,0.477060422343681,0.05091658932658927,-0.54195613278406,-0.1467076513769605,Peak,Trough,Tightening,,,
2017-11-30,JPN,-0.4645748792564344,0.5775217254506902,0.05647342309712791,-0.54195613278406,-0.14300309552993473,Peak,Trough,Tightening,,,
2017-12-31,JPN,-0.5754497880386015,0.658649432743736,0.04159982235256726,-0.54195613278406,-0.15291882935964182,Peak,Trough,Tightening,,,
2018-01-31,JPN,-0.5967726938075287,0.7400214572634276,0.07162438172794944,-0.27781125743255103,-0.04485416465888407,Peak,Trough,Tightening,,,
2018-02-28,JPN,-0.6091225757065117,0.8229255341967198,0.10690147924510401,-0.27781125743255103,-0.02133609964744769,Peak,Trough,Tightening,,,
2018-03-31,JPN,-0.7280756328582606,0.6269021137373314,-0.0505867595604646,-0.27781125743255103,-0.12632825885116009,Tightening,Trough,Tightening,,,
2018-04-30,JPN,-0.757536524964354,0.4172118912637,-0.17016231685032698,-0.27781125743255103,-0.20604529704440167,Tightening,Trough,Tightening,,,
2018-05-31,JPN,-0.726214127912419,0.47441258274754433,-0.12590077258243734,-0.27781125743255103,-0.17653760086580858,Tightening,Trough,Tightening,,,
2018-06-30,JPN,-0.8110797078976086,0.43228586282104003,-0.1893969225382843,-0.27781125743255103,-0.2188683675030399,Tightening,Trough,Tightening,,,
2018-07-31,JPN,-0.735165339621651,0.48917005223287363,-0.12299764369438868,-0.27781125743255103,-0.17460218160710947,Tightening,Trough,Tightening,,,
2018-08-31,JPN,-0.7733182137823795,0.6089238920809495,-0.08219716085071499,-0.27781125743255103,-0.14740185971132702,Tightening,Trough,Tightening,,,
2018-09-30,JPN,-0.8883629941665748,0.551684437075965,-0.1683392785453049,-0.27781125743255103,-0.20482993817438694,Tightening,Trough,Tightening,,,
2018-10-31,JPN,-0.867249437902208,0.664953059155081,-0.10114818937356351,-0.27781125743255103,-0.16003587872655936,Trough,Trough,Trough,,,
2018-11-30,JPN,-0.869913532394817,0.48855594497577126,-0.19067879370952284,-0.27781125743255103,-0.21972294828386557,Tightening,Trough,Tightening,,,
2018-12-31,JPN,-0.908549591585543,0.29760128167271144,-0.30547415495641583,-0.27781125743255103,-0.29625318911512755,Tightening,Trough,Tightening,,,
2019-01-31,JPN,-0.9197233826206006,0.39783136610666975,-0.26094600825696546,0.9274817826464369,0.13519658871083534,Tightening,Loosening,Loosening,,,
2019-02-28,JPN,-0.9443610169699381,0.34876246560678964,-0.29779927568157427,0.9274817826464369,0.11062774376109613,Tightening,Loosening,Loosening,,,
2019-03-31,JPN,-0.9364247967067775,0.5750239988295126,-0.18070039893863243,0.9274817826464369,0.18869366158972403,Tightening,Loosening,Loosening,,,
2019-04-30,JPN,-0.9643633242603026,0.5834335480227328,-0.19046488811878487,0.9274817826464369,0.18218400213628907,Tightening,Loosening,Loosening,,,
2019-05-31,JPN,-0.9738643069373761,0.597397150523438,-0.18823357820696907,0.9274817826464369,0.1836715420774996,Trough,Loosening,Loosening,,,
2019-06-30,JPN,-0.9464273312468845,0.7570342065813488,-0.09469656233276785,0.9274817826464369,0.2460295526603004,Trough,Loosening,Loosening,,,
2019-07-31,JPN,-1.032298457629942,0.6561343389275995,-0.18808205935117128,0.9274817826464369,0.18377255464803147,Trough,Loosening,Loosening,,,
2019-08-31,JPN,-1.0345523647731625,0.9159636285653523,-0.05929436810390509,0.9274817826464369,0.26963101547954227,Trough,Loosening,Loosening,,,
2019-09-30,JPN,-1.0001869814819293,0.8670649707463483,-0.06656100536779053,0.9274817826464369,0.264786590636952,Trough,Loosening,Loosening,,,
2019-10-31,JPN,-1.0213227054221983,0.5302647796536072,-0.24552896288429554,0.9274817826464369,0.14547461895928196,Tightening,Loosening,Peak,,,
2019-11-30,JPN,-1.046744192681135,0.42063475862079946,-0.31305471703016774,0.9274817826464369,0.1004574495287005,Tightening,Loosening,Peak,,,
2019-12-31,JPN,-1.0795699068579352,0.3490777828161138,-0.3652460620209107,0.9274817826464369,0.06566321953487186,Tightening,Loosening,Peak,,,
2020-01-31,JPN,-1.0779065523119824,0.43018526710165705,-0.3238606426051627,2.681590986943238,0.6779565672443044,Tightening,Loosening,Loosening,,,
2020-02-29,JPN,-1.05928348666404,0.6698814885506055,-0.19470099905671723,2.681590986943238,0.7640629962766013,Tightening,Loosening,Loosening,,,
2020-03-31,JPN,-0.7282989164327563,0.18407291941191395,-0.2721129985104212,2.681590986943238,0.7124549966407987,Tightening,Loosening,Loosening,,,
2020-04-30,JPN,-0.613183977145102,0.2059761041937482,-0.20360393647567687,2.681590986943238,0.7581277046639616,Trough,Loosening,Loosening,,,
2020-05-31,JPN,-0.42993391443575285,0.12061607782665353,-0.15465891830454967,2.681590986943238,0.7907577167780464,Trough,Loosening,Loosening,,,
2020-06-30,JPN,-0.258143568541359,-0.035243436521547655,-0.14669350253145333,2.681590986943238,0.7960679939601106,Trough,Loosening,Loosening,,,
2020-07-31,JPN,-0.08699155818819795,0.025928463201568053,-0.03053154749331495,2.681590986943238,0.8735092973188695,Trough,Loosening,Loosening,,,
2020-08-31,JPN,0.0695138757933531,-0.2135172612828052,-0.07200169274472606,2.681590986943238,0.8458625338179288,Trough,Loosening,Loosening,,,
2020-09-30,JPN,0.2086364824604389,-0.2569665834561607,-0.0241650504978609,2.681590986943238,0.8777536286491723,Trough,Loosening,Loosening,,,
2020-10-31,JPN,0.2162856363147196,-0.49236286399595824,-0.13803861384061933,2.681590986943238,0.801837919754,Trough,Loosening,Loosening,,,
2020-11-30,JPN,0.2582913833039449,-0.7063865810315887,-0.2240475988638219,2.681590986943238,0.7444985964051982,Tightening,Loosening,Peak,,,
2020-12-31,JPN,0.3040323750931567,-0.768030692487987,-0.23199915869741516,2.681590986943238,0.7391975565161361,Tightening,Loosening,Peak,,,
2021-01-31,JPN,0.2994678789994373,-0.5129424353597128,-0.10673727818013778,-1.085366952554689,-0.4329471696383215,Tightening,Tightening,Tightening,,,
2021-02-28,JPN,0.21814107416155426,-0.5163302975920748,-0.14909461171526028,-1.085366952554689,-0.46118539199506986,Tightening,Tightening,Tightening,,,
2021-03-31,JPN,-0.082484860077147,-0.39381257834746203,-0.23814871921230452,-1.085366952554689,-0.5205547969930994,Tightening,Tightening,Tightening,,,
2021-04-30,JPN,-0.23547975612737085,-0.7420235350129906,-0.4887516455701807,-1.085366952554689,-0.6876234145650169,Tightening,Tightening,Tightening,,,
2021-05-31,JPN,-0.4749216507734179,-0.5795211625463382,-0.527221406659878,-1.085366952554689,-0.7132699219581484,Tightening,Tightening,Tightening,,,
2021-06-30,JPN,-0.7198812561695962,-0.4445004737064482,-0.5821908649380222,-1.085366952554689,-0.7499162274769111,Tightening,Tightening,Tightening,,,
2021-07-31,JPN,-0.8708686224180482,-0.27139499239617404,-0.5711318074071111,-1.085366952554689,-0.7425435224563037,Tightening,Trough,Tightening,,,
2021-08-31,JPN,-1.0383617984223528,-0.29336585401807785,-0.6658638262202153,-1.085366952554689,-0.8056982016650399,Tightening,Trough,Tightening,,,
2021-09-30,JPN,-1.148009612445235,-0.05772046608191006,-0.6028650392635726,-1.085366952554689,-0.7636990103606114,Tightening,Trough,Tightening,,,
2021-10-31,JPN,-1.2269305295057686,-0.23733456445595685,-0.7321325469808627,-1.085366952554689,-0.8498773488388048,Tightening,Trough,Tightening,,,
2021-11-30,JPN,-1.2631004481209065,0.2119995085759132,-0.5255504697724966,-1.085366952554689,-0.7121559640332275,Trough,Trough,Trough,,,
2021-12-31,JPN,-1.2699099921044277,0.1804309237852182,-0.5447395341596047,-1.085366952554689,-0.7249486736246329,Trough,Trough,Trough,,,
2022-01-31,JPN,-1.3270360062516269,-0.41512586936267837,-0.8710809378071527,-0.5087841257960385,-0.750315333803448,Tightening,Trough,Tightening,,,
2022-02-28,JPN,-1.2893283505560733,-0.13275365471215717,-0.7110410026341152,-0.5087841257960385,-0.6436220436880896,Tightening,Trough,Trough,,,
2022-03-31,JPN,-1.2576710547734333,-0.012931759950461585,-0.6353014073619474,-0.5087841257960385,-0.5931289801733111,Tightening,Trough,Trough,,,
2022-04-30,JPN,-1.291655912253435,1.0513545926404386,-0.1201506598064982,-0.5087841257960385,-0.2496951484696783,Trough,Trough,Trough,,,
2022-05-31,JPN,-1.3587965973662555,1.0022342808903106,-0.17828115823797241,-0.5087841257960385,-0.28844881409066114,Trough,Trough,Trough,,,
2022-06-30,JPN,-1.3000947986292954,0.7976995581970675,-0.25119762021611397,-0.5087841257960385,-0.33705978874275544,Trough,Trough,Trough,,,
2022-07-31,JPN,-1.4351358450679004,1.0432859159847419,-0.19592496454157926,-0.5087841257960385,-0.300211351626399,Trough,Trough,Trough,,,
2022-08-31,JPN,-1.6336131099849736,1.1012945901614382,-0.2661592599117677,-0.5087841257960385,-0.34703421520652467,Trough,Trough,Trough,,,
2022-09-30,JPN,-1.8281115607997331,0.7810850700630244,-0.5235132453683544,-0.5087841257960385,-0.5186035388442491,Trough,Trough,Trough,,,
2022-10-31,JPN,-1.6976221337537496,0.9734171790013654,-0.3621024773761921,-0.5087841257960385,-0.4109963601828076,Tightening,Trough,Tightening,,,
2022-11-30,JPN,-1.6620229407746576,0.7820624539514598,-0.4399802434115989,-0.5087841257960385,-0.4629148708730788,Tightening,Trough,Tightening,,,
2022-12-31,JPN,-1.5523649219052231,0.3331789404151093,-0.6095929907450569,-0.5087841257960385,-0.5759900357620508,Tightening,Trough,Tightening,,,
2023-01-31,JPN,-1.2397122867607353,0.6807014660212546,-0.27950541036974036,-0.6530828557651042,-0.4040312255015283,Tightening,Tightening,Tightening,,,
2023-02-28,JPN,-1.2215948817334286,0.28527506965110316,-0.4681599060411627,-0.6530828557651042,-0.5298008892824766,Tightening,Tightening,Tightening,,,
2023-03-31,JPN,-1.303776273533674,0.5524455103883861,-0.37566538157264395,-0.6530828557651042,-0.4681378729701307,Trough,Tightening,Trough,,,
2023-04-30,JPN,-1.2568344617477396,0.42762262880146185,-0.4146059164731389,-0.6530828557651042,-0.4940982295704607,Tightening,Tightening,Tightening,,,
2023-05-31,JPN,-1.1605051793335819,0.39766542302300734,-0.3814198781552873,-0.6530828557651042,-0.4719742040252263,Trough,Tightening,Tightening,,,
2023-06-30,JPN,-1.2277760970837337,0.5052542649138785,-0.3612609160849276,-0.6530828557651042,-0.4585348959783198,Trough,Tightening,Trough,,,
2023-07-31,JPN,-1.048726723824891,-0.0669169948676176,-0.5578218593462543,-0.6530828557651042,-0.5895755248192043,Tightening,Trough,Tightening,,,
2023-08-31,JPN,-0.7942899285389371,-0.2771500248780291,-0.535719976708483,-0.6530828557651042,-0.5748409363940234,Tightening,Trough,Tightening,,,
2023-09-30,JPN,-0.5917172400004956,-0.4258934334401213,-0.5088053367203085,-0.6530828557651042,-0.5568978430685737,Tightening,Trough,Tightening,,,
2023-10-31,JPN,-0.5985135781931391,-0.9043859921128745,-0.7514497851530069,-0.6530828557651042,-0.7186608086903726,Tightening,Trough,Tightening,,,
2023-11-30,JPN,-0.5766546685857934,-0.3898243039535342,-0.4832394862696638,-0.6530828557651042,-0.5398539427681439,Tightening,Trough,Tightening,,,
2023-12-31,JPN,-0.6751951820296855,-0.47947240502328725,-0.5773337935264864,-0.6530828557651042,-0.602583480939359,Tightening,Trough,Tightening,,,
2024-01-31,JPN,-0.9342250918458295,-0.875990212269988,-0.9051076520579087,-0.14920840349045655,-0.6531412358687579,Tightening,Trough,Tightening,,,
2024-02-29,JPN,-0.9492295389083577,-1.077192824999214,-1.013211181953786,-0.14920840349045655,-0.7252102557993428,Tightening,Trough,Tightening,,,
2024-03-31,JPN,-0.9371550809208066,-3.133865511811072,-2.0355102963659393,-0.14920840349045655,-1.4067429987407782,Tightening,Trough,Tightening,,,
2024-04-30,JPN,-0.9633032682634922,-2.5931066235366664,-1.7782049459000793,-0.14920840349045655,-1.235206098430205,Tightening,Trough,Tightening,,,
2024-05-31,JPN,-0.9838626308744362,-2.510520436012795,-1.7471915334436154,-0.14920840349045655,-1.2145304901258958,Tightening,Trough,Tightening,,,
2024-06-30,JPN,-0.9072021461414115,-2.0790136873834837,-1.4931079167624475,-0.14920840349045655,-1.0451414123384504,Tightening,Trough,Tightening,,,
2024-07-31,JPN,-0.9072984666105047,-2.1431092640082112,-1.525203865309358,-0.14920840349045655,-1.066538711369724,Tightening,Trough,Tightening,,,
2024-08-31,JPN,-0.9418310985101032,-2.127624178684153,-1.5347276385971282,-0.14920840349045655,-1.0728878935615709,Tightening,Trough,Tightening,,,
2024-09-30,JPN,-0.980160785299746,-1.9340790644023054,-1.4571199248510256,-0.14920840349045655,-1.0211494177308358,Trough,Trough,Trough,,,
2024-10-31,JPN,-1.0357802084814778,-1.8590168558905542,-1.4473985321860159,-0.14920840349045655,-1.014668489287496,Trough,Trough,Trough,,,
2024-11-30,JPN,-1.0473363333875463,-1.9791489416233157,-1.513242637505431,-0.14920840349045655,-1.0585645595004394,Trough,Trough,Trough,,,
2024-12-31,JPN,-1.1102571442810398,-1.6416110595946012,-1.3759341019378204,-0.14920840349045655,-0.9670255357886991,Trough,Trough,Trough,,,
2025-01-31,JPN,-1.2226747251314718,-1.846594603827784,-1.5346346644796278,-0.14631581070849298,-1.0718617132225827,Tightening,Trough,Tightening,,,
2025-02-28,JPN,-1.2252410642639155,-1.8957300969522064,-1.560485580608061,-0.14631581070849298,-1.089095657308205,Tightening,Trough,Tightening,,,
2025-03-31,JPN,-1.3819934537144005,-1.509798318734276,-1.4458958862243383,-0.14631581070849298,-1.0127025277190564,Trough,Trough,Trough,,,
2025-04-30,JPN,-1.3781320970388122,-0.9710376531770057,-1.174584875107909,-0.14631581070849298,-0.8318285203081037,Trough,Trough,Trough,,,
2025-05-31,JPN,-1.3740145130606836,-1.1071237158597267,-1.2405691144602051,-0.14631581070849298,-0.8758180132096344,Trough,Trough,Trough,,,
2025-06-30,JPN,-1.4842117023636474,-1.0978305054695878,-1.2910211039166177,-0.14631581070849298,-0.9094526728472427,Trough,Trough,Trough,,,
2025-07-31,JPN,-1.5208800349231029,-1.295956084323936,-1.4084180596235194,-0.14631581070849298,-0.9877173099851773,Trough,Trough,Trough,,,
2025-08-31,JPN,-1.511471337273429,-1.0054639836114283,-1.2584676604424287,-0.14631581070849298,-0.8877503771977835,Trough,Trough,Trough,,,
2025-09-30,JPN,-1.7385694245418382,-1.1628619403847742,-1.450715682463306,-0.14631581070849298,-1.0159157252117017,Tightening,Trough,Tightening,,,
2025-10-31,JPN,-1.7587295673366217,-1.059847895166528,-1.409288731251575,-0.14631581070849298,-0.9882977577372143,Tightening,Trough,Tightening,,,
2025-11-30,JPN,-1.7543162603126126,-1.182451151700881,-1.4683837060067468,-0.14631581070849298,-1.0276944075739955,Tightening,Trough,Tightening,,,
2025-12-31,JPN,-1.8603436658916321,-1.744517659359967,-1.8024306626257995,-0.14631581070849298,-1.250392378653364,Tightening,Trough,Tightening,,,
2026-01-31,JPN,-1.7178152265543192,-1.4700662901089039,-1.5939407583316116,0.5146161515483788,-0.8910884550382814,Tightening,Loosening,Trough,,,
2026-02-28,JPN,-1.7174919159440276,-1.4766220053742447,-1.597056960659136,0.5146161515483788,-0.8931659232566311,Tightening,Loosening,Tightening,,,
2026-03-31,JPN,-1.7656212695687612,-1.6385728418781937,-1.7020970557234776,0.5146161515483788,-0.9631926532995254,Tightening,Loosening,Trough,,,
2026-04-30,JPN,-1.7554398651520333,-1.6536555843119833,-1.7045477247320084,0.5146161515483788,-0.9648264326385461,Tightening,Loosening,Trough,,,
2026-05-31,JPN,-1.7451362131606767,-1.5359725779745705,-1.6405543955676236,0.5146161515483788,-0.9221642131956227,Tightening,Loosening,Trough,,,
2026-06-30,JPN,-1.875068195322634,-1.5768952220665982,-1.725981708694616,0.5146161515483788,-0.9791157552802845,Trough,Loosening,Trough,,,
2026-07-31,JPN,-1.831085678701821,-1.6976676126170158,-1.7643766456594183,0.5146161515483788,-1.0047123799234858,Tightening,Loosening,Tightening,,,
2026-08-31,JPN,-1.8381199741795005,-2.0191464320984136,-1.928633203138957,0.5146161515483788,-1.1142167515765118,Tightening,Loosening,Tightening,,,
2026-09-30,JPN,-1.4213022886552553,-1.9480220982165133,-1.6846621934358843,0.5146161515483788,-0.9515694117744633,Trough,Loosening,Trough,,,
2003-12-31,GBR,,0.0637978915996873,0.0637978915996873,1.241456275958328,0.4563506863859009,,Loosening,,,,
2004-01-31,GBR,,0.03645483635664515,0.03645483635664515,0.14662464050076962,0.07317810440468664,,Peak,,,,
2004-02-29,GBR,,0.13738944623918198,0.13738944623918198,0.14662464050076962,0.14046784432637785,,Peak,,,,
2004-03-31,GBR,,-0.0024661737188492183,-0.0024661737188492183,0.14662464050076962,0.047230764354357066,,Peak,,,,
2004-04-30,GBR,,-0.11441710199007554,-0.11441710199007554,0.14662464050076962,-0.027403187826460472,,Peak,,,,
2004-05-31,GBR,,-0.1259097130618907,-0.1259097130618907,0.14662464050076962,-0.03506492854100391,,Peak,,,,
2004-06-30,GBR,,0.06384848704163365,0.06384848704163365,0.14662464050076962,0.09144053819467898,Loosening,Peak,Peak,,,
2004-07-31,GBR,,-0.04175205418609443,-0.04175205418609443,0.14662464050076962,0.021040177376193597,Tightening,Loosening,Peak,,,
2004-08-31,GBR,,0.14601062908944015,0.14601062908944015,0.14662464050076962,0.1462152995598833,Loosening,Loosening,Loosening,,,
2004-09-30,GBR,,0.10745868736759716,0.10745868736759716,0.14662464050076962,0.12051400507865465,Loosening,Loosening,Loosening,,,
2004-10-31,GBR,,0.257037504590237,0.257037504590237,0.14662464050076962,0.22023321656041453,Loosening,Loosening,Loosening,,,
2004-11-30,GBR,,0.49788959067091626,0.49788959067091626,0.14662464050076962,0.38080127394753405,Loosening,Loosening,Loosening,,,
2004-12-31,GBR,,-0.048607620769816916,-0.048607620769816916,0.14662464050076962,0.01646979965371194,Tightening,Loosening,Peak,,,
2005-01-31,GBR,,-0.06527246404552607,-0.06527246404552607,0.18832010173931438,0.01925839121608742,Tightening,Loosening,Peak,,,
2005-02-28,GBR,,-0.07797975627768516,-0.07797975627768516,0.18832010173931438,0.01078686306131469,Tightening,Loosening,Peak,,,
2005-03-31,GBR,,0.044457569839168265,0.044457569839168265,0.18832010173931438,0.09241174713921697,Peak,Loosening,Peak,,,
2005-04-30,GBR,,0.1304436720641062,0.1304436720641062,0.18832010173931438,0.1497358152891756,Peak,Loosening,Peak,,,
2005-05-31,GBR,,0.38550833272355006,0.38550833272355006,0.18832010173931438,0.31977892239547145,Peak,Loosening,Peak,,,
2005-06-30,GBR,,0.5568108801578312,0.5568108801578312,0.18832010173931438,0.4339806206849922,Loosening,Loosening,Loosening,,,
2005-07-31,GBR,,0.588314876745919,0.588314876745919,0.18832010173931438,0.45498328507705077,Loosening,Loosening,Loosening,,,
2005-08-31,GBR,,0.7935764985224179,0.7935764985224179,0.18832010173931438,0.5918243662613834,Loosening,Loosening,Loosening,,,
2005-09-30,GBR,,0.7600724632422667,0.7600724632422667,0.18832010173931438,0.5694883427412826,Loosening,Loosening,Loosening,,,
2005-10-31,GBR,,0.6538434079281199,0.6538434079281199,0.18832010173931438,0.4986689725318514,Loosening,Loosening,Loosening,,,
2005-11-30,GBR,,0.6448331909158401,0.6448331909158401,0.18832010173931438,0.4926621611903315,Loosening,Loosening,Loosening,,,
2005-12-31,GBR,,0.6059423214477521,0.6059423214477521,0.18832010173931438,0.4667349148782728,Loosening,Loosening,Loosening,,,
2006-01-31,GBR,,0.5653612763375166,0.5653612763375166,-0.19582636330832712,0.31163206312223535,Peak,Tightening,Peak,,,
2006-02-28,GBR,,0.578552856143947,0.578552856143947,-0.19582636330832712,0.3204264496598556,Peak,Tightening,Peak,,,
2006-03-31,GBR,,0.39256627584004816,0.39256627584004816,-0.19582636330832712,0.19643539612392302,Peak,Tightening,Peak,,,
2006-04-30,GBR,,0.35707479769991823,0.35707479769991823,-0.19582636330832712,0.17277441069716976,Peak,Tightening,Peak,,,
2006-05-31,GBR,,0.42045097996352415,0.42045097996352415,-0.19582636330832712,0.21502519887290705,Peak,Tightening,Peak,,,
2006-06-30,GBR,,0.4405996113997043,0.4405996113997043,-0.19582636330832712,0.2284576198303605,Peak,Tightening,Peak,,,
2006-07-31,GBR,,0.38964602728847136,0.38964602728847136,-0.19582636330832712,0.19448856375620516,Peak,Trough,Peak,,,
2006-08-31,GBR,,0.3299896618497881,0.3299896618497881,-0.19582636330832712,0.1547176534637497,Peak,Trough,Peak,,,
2006-09-30,GBR,,0.279016515299972,0.279016515299972,-0.19582636330832712,0.1207355557638723,Peak,Trough,Peak,,,
2006-10-31,GBR,,0.24179663862277037,0.24179663862277037,-0.19582636330832712,0.09592230464573787,Peak,Trough,Peak,,,
2006-11-30,GBR,,0.27810173735113713,0.27810173735113713,-0.19582636330832712,0.12012570379798237,Peak,Trough,Peak,,,
2006-12-31,GBR,,0.2731577053151158,0.2731577053151158,-0.19582636330832712,0.1168296824406348,Peak,Trough,Peak,,,
2007-01-31,GBR,,-0.026113374458638094,-0.026113374458638094,0.3515933297769424,0.09978886028655543,Tightening,Loosening,Peak,,,
2007-02-28,GBR,,0.11097090008897621,0.11097090008897621,0.3515933297769424,0.19117837665163162,Peak,Loosening,Loosening,,,
2007-03-31,GBR,,0.14353831453481672,0.14353831453481672,0.3515933297769424,0.21288998628219197,Peak,Loosening,Loosening,,,
2007-04-30,GBR,,-0.02066290081858897,-0.02066290081858897,0.3515933297769424,0.1034225093799215,Tightening,Loosening,Loosening,,,
2007-05-31,GBR,,-0.3346975513977908,-0.3346975513977908,0.3515933297769424,-0.10593392433954638,Tightening,Loosening,Tightening,,,
2007-06-30,GBR,,-0.43464567350000943,-0.43464567350000943,0.3515933297769424,-0.17256600574102546,Tightening,Loosening,Tightening,,,
2007-07-31,GBR,,-0.4719597977108088,-0.4719597977108088,0.3515933297769424,-0.19744208854822506,Tightening,Loosening,Tightening,,,
2007-08-31,GBR,,-0.27537667920169073,-0.27537667920169073,0.3515933297769424,-0.066386676208813,Tightening,Loosening,Tightening,,,
2007-09-30,GBR,,-0.18781511745088855,-0.18781511745088855,0.3515933297769424,-0.008012301708278213,Tightening,Loosening,Tightening,,,
2007-10-31,GBR,,-0.04602421324947933,-0.04602421324947933,0.3515933297769424,0.08651496775932793,Tightening,Loosening,Peak,,,
2007-11-30,GBR,,0.255471475132978,0.255471475132978,0.3515933297769424,0.28751209334763284,Loosening,Loosening,Loosening,,,
2007-12-31,GBR,,0.37690060184508517,0.37690060184508517,0.3515933297769424,0.3684648444890376,Loosening,Loosening,Loosening,,,
2008-01-31,GBR,,0.5760811282514601,0.5760811282514601,1.5494931204704236,0.9005517923244479,Loosening,Loosening,Loosening,,,
2008-02-29,GBR,,0.7528744773834016,0.7528744773834016,1.5494931204704236,1.0184140250790756,Loosening,Loosening,Loosening,,,
2008-03-31,GBR,,0.8613627078414478,0.8613627078414478,1.5494931204704236,1.0907395120511065,Loosening,Loosening,Loosening,,,
2008-04-30,GBR,,0.8153400861075276,0.8153400861075276,1.5494931204704236,1.060057764228493,Loosening,Loosening,Loosening,,,
2008-05-31,GBR,,0.8002191485735596,0.8002191485735596,1.5494931204704236,1.0499771392058477,Loosening,Loosening,Loosening,,,
2008-06-30,GBR,,0.8241008533583488,0.8241008533583488,1.5494931204704236,1.0658982757290405,Loosening,Loosening,Loosening,,,
2008-07-31,GBR,,1.2817481918311957,1.2817481918311957,1.5494931204704236,1.370996501377605,Loosening,Loosening,Loosening,,,
2008-08-31,GBR,,1.5463816610640009,1.5463816610640009,1.5494931204704236,1.5474188141994751,Loosening,Loosening,Loosening,,,
2008-09-30,GBR,,1.7268907003266698,1.7268907003266698,1.5494931204704236,1.667758173707921,Loosening,Loosening,Loosening,,,
2008-10-31,GBR,,1.6982085655274615,1.6982085655274615,1.5494931204704236,1.648636750508449,Loosening,Loosening,Loosening,,,
2008-11-30,GBR,,2.0519361678634582,2.0519361678634582,1.5494931204704236,1.88445515206578,Loosening,Loosening,Loosening,,,
2008-12-31,GBR,,2.0181937463210033,2.0181937463210033,1.5494931204704236,1.8619602043708101,Loosening,Loosening,Loosening,,,
2009-01-31,GBR,,1.8023528195276668,1.8023528195276668,0.7314207386608097,1.4453754592387145,Loosening,Peak,Loosening,,,
2009-02-28,GBR,,1.7358514757780565,1.7358514757780565,0.7314207386608097,1.4010412300723076,Loosening,Peak,Peak,,,
2009-03-31,GBR,,1.6114772509393631,1.6114772509393631,0.7314207386608097,1.3181250801798454,Peak,Peak,Peak,,,
2009-04-30,GBR,,1.2585664611182077,1.2585664611182077,0.7314207386608097,1.082851220299075,Peak,Peak,Peak,,,
2009-05-31,GBR,,1.0813637795943527,1.0813637795943527,0.7314207386608097,0.9647160992831717,Peak,Peak,Peak,,,
2009-06-30,GBR,,0.8443265074004805,0.8443265074004805,0.7314207386608097,0.8066912511539236,Peak,Peak,Peak,,,
2009-07-31,GBR,,0.7918561308471849,0.7918561308471849,0.7314207386608097,0.7717110001183931,Peak,Loosening,Peak,,,
2009-08-31,GBR,,0.8547322923256835,0.8547322923256835,0.7314207386608097,0.8136284411040589,Peak,Loosening,Peak,,,
2009-09-30,GBR,,0.7558561066499615,0.7558561066499615,0.7314207386608097,0.7477109839869108,Peak,Loosening,Peak,,,
2009-10-31,GBR,,0.6571014398169169,0.6571014398169169,0.7314207386608097,0.6818745394315479,Peak,Loosening,Peak,,,
2009-11-30,GBR,,0.4493177645726624,0.4493177645726624,0.7314207386608097,0.5433520892687115,Peak,Loosening,Peak,,,
2009-12-31,GBR,,0.27150940216800556,0.27150940216800556,0.7314207386608097,0.4248131809989403,Peak,Loosening,Peak,,,
2010-01-31,GBR,,0.24300520952297808,0.24300520952297808,-2.2910693172086125,-0.6016862993875522,Peak,Tightening,Tightening,,,
2010-02-28,GBR,,0.11919800965271883,0.11919800965271883,-2.2910693172086125,-0.6842244326343917,Peak,Tightening,Tightening,,,
2010-03-31,GBR,,0.05943027681039611,0.05943027681039611,-2.2910693172086125,-0.7240695878626069,Peak,Tightening,Tightening,,,
2010-04-30,GBR,,0.11424642228003885,0.11424642228003885,-2.2910693172086125,-0.6875254908828451,Peak,Tightening,Tightening,,,
2010-05-31,GBR,,0.18387693818299625,0.18387693818299625,-2.2910693172086125,-0.6411051469475402,Peak,Tightening,Tightening,,,
2010-06-30,GBR,,0.19767876195855974,0.19767876195855974,-2.2910693172086125,-0.6319039310971645,Peak,Tightening,Tightening,,,
2010-07-31,GBR,,0.1423897132501215,0.1423897132501215,-2.2910693172086125,-0.6687632969027899,Peak,Trough,Tightening,,,
2010-08-31,GBR,,0.32982001380051623,0.32982001380051623,-2.2910693172086125,-0.5438097632025268,Loosening,Trough,Trough,,,
2010-09-30,GBR,,0.27271963046113734,0.27271963046113734,-2.2910693172086125,-0.5818766854287793,Loosening,Trough,Trough,,,
2010-10-31,GBR,,0.2555947701285245,0.2555947701285245,-2.2910693172086125,-0.5932932589838547,Loosening,Trough,Trough,,,
2010-11-30,GBR,,0.19032627974766472,0.19032627974766472,-2.2910693172086125,-0.6368055859044278,Loosening,Trough,Trough,,,
2010-12-31,GBR,,0.14508847802643166,0.14508847802643166,-2.2910693172086125,-0.6669641203852499,Peak,Trough,Tightening,,,
2011-01-31,GBR,,0.09529768117856989,0.09529768117856989,-1.5877827569230272,-0.46572913152196255,Peak,Trough,Trough,,,
2011-02-28,GBR,,0.10555114616305213,0.10555114616305213,-1.5877827569230272,-0.45889348819897435,Peak,Trough,Trough,,,
2011-03-31,GBR,,0.04085353881553577,0.04085353881553577,-1.5877827569230272,-0.502025226430652,Peak,Trough,Trough,,,
2011-04-30,GBR,,0.17792453751418957,0.17792453751418957,-1.5877827569230272,-0.4106445606315494,Peak,Trough,Trough,,,
2011-05-31,GBR,,0.23239591704203746,0.23239591704203746,-1.5877827569230272,-0.37433030761298414,Loosening,Trough,Trough,,,
2011-06-30,GBR,,0.20617016325156898,0.20617016325156898,-1.5877827569230272,-0.39181414347329646,Loosening,Trough,Trough,,,
2011-07-31,GBR,,0.3779159381126886,0.3779159381126886,-1.5877827569230272,-0.2773169602325501,Loosening,Trough,Trough,,,
2011-08-31,GBR,,0.4108460935679181,0.4108460935679181,-1.5877827569230272,-0.2553635232623971,Loosening,Trough,Trough,,,
2011-09-30,GBR,,0.5492144217497268,0.5492144217497268,-1.5877827569230272,-0.1631179711411913,Loosening,Trough,Trough,,,
2011-10-31,GBR,,0.5282232888581292,0.5282232888581292,-1.5877827569230272,-0.1771120597355897,Loosening,Trough,Trough,,,
2011-11-30,GBR,,0.5110026595570257,0.5110026595570257,-1.5877827569230272,-0.18859247926965866,Loosening,Trough,Trough,,,
2011-12-31,GBR,,0.5326738507073706,0.5326738507073706,-1.5877827569230272,-0.1741450185027621,Loosening,Trough,Trough,,,
2012-01-31,GBR,,0.4528511046144015,0.4528511046144015,0.3503568817805845,0.41868636366979584,Loosening,Loosening,Loosening,,,
2012-02-29,GBR,,0.39345148871133745,0.39345148871133745,0.3503568817805845,0.3790866197344198,Peak,Loosening,Loosening,,,
2012-03-31,GBR,,0.38128779667804347,0.38128779667804347,0.3503568817805845,0.37097749171222383,Peak,Loosening,Loosening,,,
2012-04-30,GBR,0.23829003460748494,0.30600393165778195,0.2721469831326334,0.3503568817805845,0.2982169493486171,Peak,Loosening,Loosening,,,
2012-05-31,GBR,0.2986168235315924,0.40654704969735006,0.35258193661447124,0.3503568817805845,0.35184025166984234,Peak,Loosening,Loosening,,,
2012-06-30,GBR,0.3552233042414926,0.30856449675104486,0.33189390049626877,0.3503568817805845,0.3380482275910407,Peak,Loosening,Loosening,,,
2012-07-31,GBR,0.46697369979112585,0.40717908784376,0.4370763938174429,0.3503568817805845,0.4081698898051568,Peak,Loosening,Peak,,,
2012-08-31,GBR,0.6164464986076457,0.3928081687681603,0.504627333687903,0.3503568817805845,0.4532038497187968,Loosening,Loosening,Loosening,,,
2012-09-30,GBR,0.7180920866615986,0.33301759313750307,0.5255548398995509,0.3503568817805845,0.46715552052656206,Loosening,Loosening,Loosening,,,
2012-10-31,GBR,0.6292200154300452,0.3281548440217776,0.4786874297259114,0.3503568817805845,0.43591058041080244,Loosening,Loosening,Loosening,,,
2012-11-30,GBR,0.29599816627310854,0.33519869275578557,0.31559842951444705,0.3503568817805845,0.3271845802698262,Peak,Loosening,Peak,,,
2012-12-31,GBR,0.15822025520152969,0.29652732170941204,0.22737378845547085,0.3503568817805845,0.2683681528971754,Peak,Loosening,Peak,,,
2013-01-31,GBR,-0.001636594545143528,0.23070072594920102,0.11453206570202874,-1.1148754778645338,-0.2952704488201588,Peak,Tightening,Tightening,,,
2013-02-28,GBR,-0.12387241107341579,0.3054236467522189,0.09077561783940155,-1.1148754778645338,-0.31110808072857693,Peak,Tightening,Tightening,,,
2013-03-31,GBR,-0.2311886984892744,0.3568473793395562,0.06282934042514089,-1.1148754778645338,-0.32973893233808405,Peak,Tightening,Tightening,,,
2013-04-30,GBR,-0.3500291367688726,0.3038705404458977,-0.02307929816148746,-1.1148754778645338,-0.3870113580625029,Tightening,Tightening,Tightening,,,
2013-05-31,GBR,-0.35823744290518933,0.23949671991028254,-0.059370361497453394,-1.1148754778645338,-0.4112054002864802,Tightening,Tightening,Tightening,,,
2013-06-30,GBR,-0.35578919711569706,0.1377018367513902,-0.10904368018215344,-1.1148754778645338,-0.44432094607628025,Tightening,Tightening,Tightening,,,
2013-07-31,GBR,-0.42394537592505227,0.17154275448987624,-0.126201310717588,-1.1148754778645338,-0.4557593664332366,Tightening,Trough,Tightening,,,
2013-08-31,GBR,-0.510867387003174,0.045752673516880005,-0.232557356743147,-1.1148754778645338,-0.5266633971169427,Tightening,Trough,Tightening,,,
2013-09-30,GBR,-0.5893100913179273,0.04563778511365887,-0.2718361531021342,-1.1148754778645338,-0.5528492613562674,Tightening,Trough,Tightening,,,
2013-10-31,GBR,-0.6285994901454153,-0.011390879609549856,-0.3199951848774826,-1.1148754778645338,-0.584955282539833,Tightening,Trough,Tightening,,,
2013-11-30,GBR,-0.6310320328744481,-0.06868535851572193,-0.349858695695085,-1.1148754778645338,-0.6048642897515679,Tightening,Trough,Tightening,,,
2013-12-31,GBR,-0.5876915701445502,-0.19866991596974556,-0.3931807430571479,-1.1148754778645338,-0.6337456546596099,Tightening,Trough,Tightening,,,
2014-01-31,GBR,-0.5602894771493919,-0.1321043423461298,-0.34619690974776085,0.20066055959756426,-0.16391108663265247,Tightening,Loosening,Trough,,,
2014-02-28,GBR,-0.5844339338386483,-0.1736742828362006,-0.3790541083374244,0.20066055959756426,-0.18581588569242818,Tightening,Loosening,Trough,,,
2014-03-31,GBR,-0.6157559463510832,-0.2167458297101106,-0.4162508880305969,0.20066055959756426,-0.21061373882120982,Tightening,Loosening,Trough,,,
2014-04-30,GBR,-0.6259292577273766,-0.19283046950900853,-0.40937986361819256,0.20066055959756426,-0.20603305587960696,Tightening,Loosening,Trough,,,
2014-05-31,GBR,-0.630151335647447,-0.21504199767748658,-0.42259666666246676,0.20066055959756426,-0.2148442579091231,Tightening,Loosening,Trough,,,
2014-06-30,GBR,-0.645838984591631,-0.21728131513463603,-0.4315601498631335,0.20066055959756426,-0.22081991337623424,Tightening,Loosening,Trough,,,
2014-07-31,GBR,-0.6666338017635294,-0.25798260831146436,-0.46230820503749687,0.20066055959756426,-0.2413186168258098,Tightening,Loosening,Tightening,,,
2014-08-31,GBR,-0.6774607862271619,-0.1805057461393158,-0.42898326618323884,0.20066055959756426,-0.2191019909229711,Tightening,Loosening,Tightening,,,
2014-09-30,GBR,-0.7281237326549348,-0.2506318158448918,-0.4893777742499133,0.20066055959756426,-0.2593649963007541,Tightening,Loosening,Tightening,,,
2014-10-31,GBR,-0.6982119658853039,-0.17072316511009467,-0.43446756549769927,0.20066055959756426,-0.22275819046594475,Tightening,Loosening,Tightening,,,
2014-11-30,GBR,-0.6720814434805207,-0.14015208586675962,-0.40611676467364016,0.20066055959756426,-0.20385765658323868,Trough,Loosening,Trough,,,
2014-12-31,GBR,-0.6786956975832851,-0.15960746392442862,-0.41915158075385683,0.20066055959756426,-0.21254753397004977,Trough,Loosening,Trough,,,
2015-01-31,GBR,-0.6611001349653958,-0.09422952372612049,-0.3776648293457581,-0.15635566608676824,-0.3038951082594281,Trough,Tightening,Tightening,,,
2015-02-28,GBR,-0.663025852679874,-0.26363430895003664,-0.4633300808149553,-0.15635566608676824,-0.3610052759055596,Tightening,Tightening,Tightening,,,
2015-03-31,GBR,-0.6311104438982852,-0.20690634576917175,-0.4190083948337285,-0.15635566608676824,-0.3314574852514084,Trough,Tightening,Tightening,,,
2015-04-30,GBR,-0.6106768504678868,-0.3095719544176528,-0.46012440244276975,-0.15635566608676824,-0.35886815699076924,Tightening,Tightening,Tightening,,,
2015-05-31,GBR,-0.5893926714380785,-0.26036614940348124,-0.42487941042077987,-0.15635566608676824,-0.33537149564277596,Tightening,Tightening,Tightening,,,
2015-06-30,GBR,-0.5828189836237466,-0.34235817993025197,-0.4625885817769993,-0.15635566608676824,-0.3605109432135889,Tightening,Tightening,Tightening,,,
2015-07-31,GBR,-0.5625522655291288,-0.29160689411227236,-0.4270795798207006,-0.15635566608676824,-0.33683827524272314,Tightening,Trough,Tightening,,,
2015-08-31,GBR,-0.5577006171658586,-0.27220322142900016,-0.41495191929742936,-0.15635566608676824,-0.32875316822720896,Trough,Trough,Trough,,,
2015-09-30,GBR,-0.5081615482100359,-0.24415503330982422,-0.37615829075993007,-0.15635566608676824,-0.30289074920220943,Trough,Trough,Trough,,,
2015-10-31,GBR,-0.5588264275447821,-0.2882074993992218,-0.42351696347200196,-0.15635566608676824,-0.334463197676924,Trough,Trough,Trough,,,
2015-11-30,GBR,-0.5735194974328592,-0.22738663880658297,-0.4004530681197211,-0.15635566608676824,-0.3190872674420701,Trough,Trough,Trough,,,
2015-12-31,GBR,-0.5648813584721029,-0.27346785982664296,-0.4191746091493729,-0.15635566608676824,-0.3315682947951713,Trough,Trough,Trough,,,
2016-01-31,GBR,-0.5907530154267283,-0.12209471435861301,-0.35642386489267064,-0.5952650305321571,-0.4360375867724995,Trough,Tightening,Tightening,,,
2016-02-29,GBR,-0.5821067406898565,-0.013493948998505237,-0.29780034484418083,-0.5952650305321571,-0.39695524007350624,Trough,Tightening,Tightening,,,
2016-03-31,GBR,-0.5644385883398387,-0.02778074202342125,-0.29610966518163,-0.5952650305321571,-0.39582812029847236,Trough,Tightening,Tightening,,,
2016-04-30,GBR,-0.590091832346076,-0.12147943565477191,-0.35578563400042396,-0.5952650305321571,-0.43561209951100166,Trough,Tightening,Tightening,,,
2016-05-31,GBR,-0.609638907386362,-0.09645128219968141,-0.3530450947930217,-0.5952650305321571,-0.43378507337273353,Trough,Tightening,Tightening,,,
2016-06-30,GBR,-0.5955558614524563,0.09593818805357168,-0.24980883669944232,-0.5952650305321571,-0.36496090131034725,Trough,Tightening,Tightening,,,
2016-07-31,GBR,-0.5923652138994937,0.16079745230131337,-0.21578388079909017,-0.5952650305321571,-0.34227759737677915,Trough,Trough,Trough,,,
2016-08-31,GBR,-0.5264519429960115,0.1789007525405497,-0.1737755952277309,-0.5952650305321571,-0.3142720736625396,Trough,Trough,Trough,,,
2016-09-30,GBR,-0.5047491152430758,0.20354358886693924,-0.15060276318806826,-0.5952650305321571,-0.2988235189694312,Trough,Trough,Trough,,,
2016-10-31,GBR,-0.42098891005585404,0.0699052365411062,-0.17554183675737392,-0.5952650305321571,-0.31544956801563495,Trough,Trough,Trough,,,
2016-11-30,GBR,-0.3228904609636389,0.08529502772401824,-0.11879771661981031,-0.5952650305321571,-0.2776201545905926,Trough,Trough,Trough,,,
2016-12-31,GBR,-0.22491147392699692,0.20547947576302494,-0.00971599908198599,-0.5952650305321571,-0.20489900956537638,Trough,Trough,Trough,,,
2017-01-31,GBR,-0.1472149169898299,0.1879366159256252,0.020360849467897638,0.11681032457123344,0.05251067450234291,Loosening,Loosening,Loosening,,,
2017-02-28,GBR,-0.042318607476638966,0.35443788923665975,0.1560596408800104,0.11681032457123344,0.1429765354437514,Loosening,Loosening,Loosening,,,
2017-03-31,GBR,0.052415206548158774,0.3389793466251194,0.1956972765866391,0.11681032457123344,0.1694016259148372,Loosening,Loosening,Loosening,,,
2017-04-30,GBR,0.09230205975614882,0.41450976503088793,0.2534059123935184,0.11681032457123344,0.2078740497860901,Loosening,Loosening,Loosening,,,
2017-05-31,GBR,0.10208966885470055,0.44639027427913086,0.2742399715669157,0.11681032457123344,0.22176342256835496,Loosening,Loosening,Loosening,,,
2017-06-30,GBR,0.11736135851093972,0.31389028162628324,0.21562582006861147,0.11681032457123344,0.18268732156948547,Loosening,Loosening,Loosening,,,
2017-07-31,GBR,0.1289569737692238,0.3229209992249923,0.22593898649710803,0.11681032457123344,0.1895627658551498,Loosening,Loosening,Loosening,,,
2017-08-31,GBR,0.024240487622194946,0.35957879875340343,0.19190964318779918,0.11681032457123344,0.16687653698227728,Loosening,Loosening,Loosening,,,
2017-09-30,GBR,0.062776326806906,0.23727677575434183,0.15002655128062392,0.11681032457123344,0.13895447571082709,Peak,Loosening,Peak,,,
2017-10-31,GBR,-0.02907102207769756,0.2354589190611386,0.10319394849172053,0.11681032457123344,0.10773274051822483,Peak,Loosening,Peak,,,
2017-11-30,GBR,-0.1295369947264871,0.2486650553078399,0.05956403029067639,0.11681032457123344,0.07864612838419541,Peak,Loosening,Peak,,,
2017-12-31,GBR,-0.20303095495177892,0.24676644736481568,0.02186774620651838,0.11681032457123344,0.05351527232809007,Peak,Loosening,Peak,,,
2018-01-31,GBR,-0.2329993599347553,0.13062696140272592,-0.051186199266014684,0.7492576949265899,0.21562843213152022,Tightening,Loosening,Loosening,,,
2018-02-28,GBR,-0.2615315738016497,0.07133027811349248,-0.09510064784407862,0.7492576949265899,0.1863521330794776,Tightening,Loosening,Loosening,,,
2018-03-31,GBR,-0.4062804381460633,0.02976995111677394,-0.18825524351464468,0.7492576949265899,0.12424906929910023,Tightening,Loosening,Peak,,,
2018-04-30,GBR,-0.39708814733104936,0.025681421588717984,-0.18570336287116568,0.7492576949265899,0.12595032306141957,Tightening,Loosening,Loosening,,,
2018-05-31,GBR,-0.4252805020182006,0.0977824567094072,-0.1637490226543967,0.7492576949265899,0.1405865498725989,Tightening,Loosening,Loosening,,,
2018-06-30,GBR,-0.464304899440041,0.05445986472400183,-0.20492251735801958,0.7492576949265899,0.11313755340351694,Tightening,Loosening,Loosening,,,
2018-07-31,GBR,-0.5001816408627355,0.05701900667694241,-0.22158131709289655,0.7492576949265899,0.10203168691359898,Tightening,Loosening,Peak,,,
2018-08-31,GBR,-0.46497791859442905,0.07495037052304214,-0.19501377403569345,0.7492576949265899,0.1197433822850677,Tightening,Loosening,Peak,,,
2018-09-30,GBR,-0.4898778523482766,-0.029159127322629524,-0.25951848983545306,0.7492576949265899,0.07674023841856131,Tightening,Loosening,Peak,,,
2018-10-31,GBR,-0.5144640200637444,0.042645558795254855,-0.23590923063424477,0.7492576949265899,0.09247974455270017,Tightening,Loosening,Peak,,,
2018-11-30,GBR,-0.5222070463713298,0.11274132727505141,-0.20473285954813916,0.7492576949265899,0.11326399194343723,Tightening,Loosening,Peak,,,
2018-12-31,GBR,-0.5397431384875515,0.07401767822496264,-0.23286273013129444,0.7492576949265899,0.09451074488800038,Tightening,Loosening,Peak,,,
2019-01-31,GBR,-0.5700094437789237,0.007820548344349568,-0.2810944477172871,0.8713722113325416,0.1030611052993225,Tightening,Loosening,Loosening,,,
2019-02-28,GBR,-0.6361539626650412,-0.03040990447470404,-0.3332819335698726,0.8713722113325416,0.06826944806426549,Tightening,Loosening,Peak,,,
2019-03-31,GBR,-0.6390411670648445,0.09754358735103175,-0.27074878985690637,0.8713722113325416,0.10995821053957633,Tightening,Loosening,Loosening,,,
2019-04-30,GBR,-0.6200215346815118,0.08327989545864496,-0.2683708196114334,0.8713722113325416,0.11154352403655832,Tightening,Loosening,Loosening,,,
2019-05-31,GBR,-0.6060818860716427,0.1510535900893288,-0.22751414799115693,0.8713722113325416,0.1387813051167426,Tightening,Loosening,Loosening,,,
2019-06-30,GBR,-0.5845920485916225,0.16641719692027448,-0.20908742583567402,0.8713722113325416,0.1510657865537312,Trough,Loosening,Loosening,,,
2019-07-31,GBR,-0.5972907168220359,0.26820647424664856,-0.1645421212876937,0.8713722113325416,0.18076265625238477,Trough,Loosening,Loosening,,,
2019-08-31,GBR,-0.6629329127013516,0.36860075063476677,-0.1471660810332924,0.8713722113325416,0.1923466830886523,Trough,Loosening,Loosening,,,
2019-09-30,GBR,-0.65495830201178,0.3879209247193492,-0.13351868864621538,0.8713722113325416,0.20144494468003699,Trough,Loosening,Loosening,,,
2019-10-31,GBR,-0.6133849657847507,0.25303330133800545,-0.1801758322233726,0.8713722113325416,0.17034018229526549,Trough,Loosening,Loosening,,,
2019-11-30,GBR,-0.612287863535861,0.20139789729866134,-0.20544498311859982,0.8713722113325416,0.15349408169844736,Trough,Loosening,Loosening,,,
2019-12-31,GBR,-0.6274769753030769,0.17640235841901433,-0.2255373084420313,0.8713722113325416,0.14009919814949304,Tightening,Loosening,Peak,,,
2020-01-31,GBR,-0.730981326357291,0.4018754005687435,-0.16455296289427374,2.662871173852602,0.7779217493546849,Tightening,Loosening,Loosening,,,
2020-02-29,GBR,-0.7829558475782626,0.4484436227314473,-0.16725611242340768,2.662871173852602,0.7761196496685957,Tightening,Loosening,Loosening,,,
2020-03-31,GBR,-0.6542585666131362,1.642075578769668,0.49390850607826586,2.662871173852602,1.2168960620030447,Loosening,Loosening,Loosening,,,
2020-04-30,GBR,0.2747157470618927,1.3939611647905277,0.8343384559262101,2.662871173852602,1.4438493619016741,Loosening,Loosening,Loosening,,,
2020-05-31,GBR,0.9099323984797949,1.3057209344033118,1.1078266664415533,2.662871173852602,1.6261748355785697,Loosening,Loosening,Loosening,,,
2020-06-30,GBR,1.2810916192690207,1.28599115471696,1.2835413869929904,2.662871173852602,1.743317982612861,Loosening,Loosening,Loosening,,,
2020-07-31,GBR,1.4562564937838374,1.3853164802461573,1.4207864870149973,2.662871173852602,1.8348147159608656,Loosening,Loosening,Loosening,,,
2020-08-31,GBR,1.7758872569188378,1.017946403672678,1.396916830295758,2.662871173852602,1.8189016114813727,Loosening,Loosening,Loosening,,,
2020-09-30,GBR,1.7253545438906075,1.083147257292029,1.4042509005913182,2.662871173852602,1.823790991678413,Loosening,Loosening,Loosening,,,
2020-10-31,GBR,1.7719892658499103,1.0863306120142837,1.429159938932097,2.662871173852602,1.8403970172389321,Loosening,Loosening,Loosening,,,
2020-11-30,GBR,1.9102763897151467,0.9041192821896543,1.4071978359524004,2.662871173852602,1.8257556152524677,Loosening,Loosening,Loosening,,,
2020-12-31,GBR,1.9421003703147586,0.9944445544743209,1.4682724623945398,2.662871173852602,1.8664720328805606,Loosening,Loosening,Loosening,,,
2021-01-31,GBR,2.0259191991686927,0.9513495555582324,1.4886343773634625,-1.6228866050004878,0.45146071657547904,Loosening,Tightening,Peak,,,
2021-02-28,GBR,2.1477293685114374,0.6218460377849295,1.3847877031481834,-1.6228866050004878,0.38222960043195964,Peak,Tightening,Peak,,,
2021-03-31,GBR,1.9569578835175292,-0.1646902229614593,0.896133830278035,-1.6228866050004878,0.0564603518518606,Peak,Tightening,Peak,,,
2021-04-30,GBR,0.8545112805906705,0.031790153463046165,0.4431507170268583,-1.6228866050004878,-0.24552839031559043,Peak,Tightening,Tightening,,,
2021-05-31,GBR,0.36463109850873776,0.2398554951172783,0.30224329681300804,-1.6228866050004878,-0.33946667045815726,Peak,Tightening,Tightening,,,
2021-06-30,GBR,0.024422597256486944,0.3401088615532622,0.18226572940487457,-1.6228866050004878,-0.41945171539691295,Peak,Tightening,Tightening,,,
2021-07-31,GBR,-0.005415082737660857,0.2687026311140095,0.13164377418817433,-1.6228866050004878,-0.45319968554137974,Peak,Trough,Tightening,,,
2021-08-31,GBR,-0.1422173906785578,0.5784564409672625,0.21811952514435234,-1.6228866050004878,-0.39554918490392776,Peak,Trough,Tightening,,,
2021-09-30,GBR,-0.09804530317306388,0.32846665937903313,0.11521067810298463,-1.6228866050004878,-0.4641550829315062,Peak,Trough,Tightening,,,
2021-10-31,GBR,0.19360502714173577,0.538825865666907,0.3662154464043214,-1.6228866050004878,-0.296818570730615,Peak,Trough,Tightening,,,
2021-11-30,GBR,0.2524452627553268,0.989608299269931,0.6210267810126289,-1.6228866050004878,-0.12694434765841006,Loosening,Trough,Trough,,,
2021-12-31,GBR,0.238258117712507,0.7657615274151856,0.5020098225638463,-1.6228866050004878,-0.2062889866242651,Loosening,Trough,Trough,,,
2022-01-31,GBR,0.2305597318757071,0.47519650070735514,0.3528781162915311,-0.7630852813626167,-0.019109682926518212,Loosening,Trough,Trough,,,
2022-02-28,GBR,0.06765649767427401,0.3919837105644797,0.22982010411937687,-0.7630852813626167,-0.10114835770795438,Loosening,Trough,Trough,,,
2022-03-31,GBR,0.0024421925575791818,0.17922280862129578,0.09083250058943748,-0.7630852813626167,-0.1938067600612473,Peak,Trough,Trough,,,
2022-04-30,GBR,-0.1636151990802981,0.3215845478112706,0.07898467436548626,-0.7630852813626167,-0.20170531087721477,Peak,Trough,Trough,,,
2022-05-31,GBR,-0.23869675654068293,0.04816708327644078,-0.09526483663212107,-0.7630852813626167,-0.3178716515422863,Tightening,Trough,Tightening,,,
2022-06-30,GBR,-0.20687290329828026,-0.1760896478354159,-0.19148127556684807,-0.7630852813626167,-0.38201594416543766,Tightening,Trough,Tightening,,,
2022-07-31,GBR,-0.34846804262116465,0.14813118003579565,-0.1001684312926845,-0.7630852813626167,-0.3211407146493286,Tightening,Trough,Tightening,,,
2022-08-31,GBR,-0.38073906486334375,-0.8950326406682149,-0.6378858527657794,-0.7630852813626167,-0.6796189956313918,Tightening,Trough,Tightening,,,
2022-09-30,GBR,-0.464847594864712,-1.8098663446327485,-1.1373569697487302,-0.7630852813626167,-1.0125997402866924,Tightening,Trough,Tightening,,,
2022-10-31,GBR,-0.876357418525097,-1.0118540719338307,-0.9441057452294639,-0.7630852813626167,-0.8837655906071815,Tightening,Trough,Tightening,,,
2022-11-30,GBR,-1.0730872182066709,-0.7514246718876955,-0.9122559450471832,-0.7630852813626167,-0.862532390485661,Tightening,Trough,Tightening,,,
2022-12-31,GBR,-1.1756951307039218,-0.7709828391650727,-0.9733389849344973,-0.7630852813626167,-0.9032544170772039,Tightening,Trough,Tightening,,,
2023-01-31,GBR,-1.3443872318576457,-0.4044569205375134,-0.8744220761975796,0.4555692739777386,-0.4310916261391402,Tightening,Loosening,Tightening,,,
2023-02-28,GBR,-1.3029979269112149,-0.394579432347348,-0.8487886796292814,0.4555692739777386,-0.414002695093608,Tightening,Loosening,Trough,,,
2023-03-31,GBR,-1.1665276115330887,-0.04428623413983379,-0.6054069228364612,0.4555692739777386,-0.25174819056506126,Trough,Loosening,Trough,,,
2023-04-30,GBR,-1.3201664319690989,-0.3042033530314033,-0.812184892500251,0.4555692739777386,-0.3896001703409211,Trough,Loosening,Trough,,,
2023-05-31,GBR,-1.2775087787413228,-0.44024979923601065,-0.8588792889886667,0.4555692739777386,-0.42072976799986495,Trough,Loosening,Trough,,,
2023-06-30,GBR,-1.2969577454411656,-0.6555696690387228,-0.9762637072399443,0.4555692739777386,-0.4989860468340499,Tightening,Loosening,Trough,,,
2023-07-31,GBR,-1.4610025866317975,-0.5679941997954683,-1.0144983932136329,0.4555692739777386,-0.5244758374831757,Tightening,Loosening,Tightening,,,
2023-08-31,GBR,-1.4752444103079854,-0.3695870791999849,-0.9224157447539851,0.4555692739777386,-0.46308740517674385,Tightening,Loosening,Tightening,,,
2023-09-30,GBR,-1.4679447737577618,-0.12959759179704008,-0.7987711827774009,0.4555692739777386,-0.3806576971923543,Tightening,Loosening,Tightening,,,
2023-10-31,GBR,-1.6208297356392667,-0.42736275318700007,-1.0240962444131334,0.4555692739777386,-0.5308744049495093,Tightening,Loosening,Tightening,,,
2023-11-30,GBR,-1.5804290447134037,-0.12972945069980316,-0.8550792477066035,0.4555692739777386,-0.41819640714515605,Trough,Loosening,Trough,,,
2023-12-31,GBR,-1.4737029752905086,0.37748451213248096,-0.5481092315790138,0.4555692739777386,-0.21354972972676298,Trough,Loosening,Trough,,,
2024-01-31,GBR,-1.475483568112525,0.1987819816798749,-0.638350793216325,-0.12563133861827172,-0.46744430835030726,Trough,Tightening,Trough,,,
2024-02-29,GBR,-1.4112615350432474,0.049919969407343334,-0.680670782817952,-0.12563133861827172,-0.4956576347513919,Trough,Tightening,Tightening,,,
2024-03-31,GBR,-1.3513229341856943,0.18841262262284234,-0.5814551557814259,-0.12563133861827172,-0.42951388339370783,Trough,Tightening,Tightening,,,
2024-04-30,GBR,-1.3157621711308494,-0.1629474896879982,-0.7393548304094237,-0.12563133861827172,-0.5347803331457064,Trough,Tightening,Tightening,,,
2024-05-31,GBR,-1.3171901168559823,-0.10293090119020043,-0.7100605090230914,-0.12563133861827172,-0.5152507855548181,Trough,Tightening,Tightening,,,
2024-06-30,GBR,-1.2676260277140132,0.1306921857210641,-0.5684669209964746,-0.12563133861827172,-0.42085506020374025,Tightening,Tightening,Tightening,,,
2024-07-31,GBR,-1.1605683454804987,0.29300229266812594,-0.4337830264061864,-0.12563133861827172,-0.33106579714354817,Trough,Trough,Trough,,,
2024-08-31,GBR,-1.0697413110338039,0.3434187693447055,-0.3631612708445492,-0.12563133861827172,-0.28398462676912334,Trough,Trough,Trough,,,
2024-09-30,GBR,-1.1034425027257402,0.29022660577001563,-0.4066079484778623,-0.12563133861827172,-0.3129490785246654,Trough,Trough,Trough,,,
2024-10-31,GBR,-1.1058413898869508,0.14526581797101348,-0.48028778595796867,-0.12563133861827172,-0.36206897017806966,Trough,Trough,Trough,,,
2024-11-30,GBR,-1.0595989567844564,0.24476869570161305,-0.40741513054142164,-0.12563133861827172,-0.31348719990037166,Trough,Trough,Trough,,,
2024-12-31,GBR,-1.1474288383378903,0.14275758728081425,-0.502335625528538,-0.12563133861827172,-0.3767675298917826,Trough,Trough,Trough,,,
2025-01-31,GBR,-1.08690849266082,0.22940369598111618,-0.42875239833985185,-0.39209105102880715,-0.41653194923617026,Trough,Tightening,Tightening,,,
2025-02-28,GBR,-1.055335566853668,0.20114639222981315,-0.4270945873119274,-0.39209105102880715,-0.41542674188422063,Tightening,Tightening,Tightening,,,
2025-03-31,GBR,-1.1355938869952018,0.1324082524697474,-0.5015928172627272,-0.39209105102880715,-0.4650922285180872,Tightening,Tightening,Tightening,,,
2025-04-30,GBR,-1.0914624680059608,0.40661846544512076,-0.34242200128042,-0.39209105102880715,-0.3589783511965491,Trough,Tightening,Trough,,,
2025-05-31,GBR,-1.0184988484568438,0.2284586860595458,-0.395020081198649,-0.39209105102880715,-0.3940437378087017,Trough,Tightening,Tightening,,,
2025-06-30,GBR,-1.0930262617849227,0.36559912791101157,-0.36371356693695556,-0.39209105102880715,-0.3731727283009061,Trough,Tightening,Trough,,,
2025-07-31,GBR,-1.045228348813365,0.35968760678128975,-0.3427703710160376,-0.39209105102880715,-0.3592105976869608,Trough,Trough,Trough,,,
2025-08-31,GBR,-1.0780061361650937,0.16990516528291244,-0.4540504854410906,-0.39209105102880715,-0.43339734063699614,Tightening,Trough,Tightening,,,
2025-09-30,GBR,-1.0158139445412995,0.15465253111479974,-0.4305807067132499,-0.39209105102880715,-0.4177508214851023,Trough,Trough,Trough,,,
2025-10-31,GBR,-1.0893412918664325,0.2296321155978114,-0.42985458813431054,-0.39209105102880715,-0.4172667424324761,Tightening,Trough,Tightening,,,
2025-11-30,GBR,-0.9151864369618052,0.10056553941649506,-0.4073104487726551,-0.39209105102880715,-0.40223731619137243,Tightening,Trough,Tightening,,,
2025-12-31,GBR,-0.7771184810526399,0.027273010219184362,-0.37492273541672777,-0.39209105102880715,-0.3806455072874209,Tightening,Trough,Tightening,,,
2026-01-31,GBR,-0.8045298389863436,-0.029862997805084095,-0.4171964183957138,-0.486341550763886,-0.44024479585177123,Tightening,Tightening,Tightening,,,
2026-02-28,GBR,-0.8597956181202817,0.038799188087616975,-0.4104982150163324,-0.486341550763886,-0.4357793269321836,Trough,Tightening,Tightening,,,
2026-03-31,GBR,-0.7706681818087499,-0.3273549476682858,-0.5490115647385179,-0.486341550763886,-0.5281215600803072,Tightening,Tightening,Tightening,,,
2026-04-30,GBR,-0.7617905047104414,-0.4120156842744551,-0.5869030944924483,-0.486341550763886,-0.5533825799162608,Tightening,Tightening,Tightening,,,
2026-05-31,GBR,-0.7585881404091196,-0.37207002932974076,-0.5653290848694301,-0.486341550763886,-0.5389999068342487,Tightening,Tightening,Tightening,,,
2026-06-30,GBR,-0.5129301629400781,-0.3872773778561897,-0.4501037703981339,-0.486341550763886,-0.4621830305200513,Tightening,Tightening,Tightening,,,
2026-07-31,GBR,-0.5951865239107047,-0.502787189974906,-0.5489868569428054,-0.486341550763886,-0.5281050882164989,Tightening,Trough,Tightening,,,
2026-08-31,GBR,-0.6005555853341896,-0.581155024561499,-0.5908553049478443,-0.486341550763886,-0.5560173868865249,Tightening,Trough,Tightening,,,
2026-09-30,GBR,-0.5211769183710572,-0.6436391650504097,-0.5824080417107335,-0.486341550763886,-0.5503858780617843,Tightening,Trough,Tightening,,,
1986-11-30,CAN,-1.9645158375388696,,-1.9645158375388696,,,,,,,,
1986-12-31,CAN,-1.4924281387666216,,-1.4924281387666216,,,,,,,,
1987-01-31,CAN,-2.2967250099671004,,-2.2967250099671004,,,,,,,,
1987-02-28,CAN,-0.5893155736435216,,-0.5893155736435216,,,,,,,,
1987-03-31,CAN,-1.5790543238084334,,-1.5790543238084334,,,,,,,,
1987-04-30,CAN,-0.6969697568781791,,-0.6969697568781791,,,,,,,,
1987-05-31,CAN,-0.7589105604402183,,-0.7589105604402183,,,Trough,,,,,
1987-06-30,CAN,0.3564214433316883,,0.3564214433316883,,,Loosening,,,,,
1987-07-31,CAN,1.2021015422857801,,1.2021015422857801,,,Loosening,,,,,
1987-08-31,CAN,1.422988118006612,,1.422988118006612,,,Loosening,,,,,
1987-09-30,CAN,0.7102636863080504,,0.7102636863080504,,,Loosening,,,,,
1987-10-31,CAN,0.355437493370406,,0.355437493370406,,,Loosening,,,,,
1987-11-30,CAN,1.267130714784446,,1.267130714784446,,,Loosening,,,,,
1987-12-31,CAN,2.016656089253647,,2.016656089253647,,,Loosening,,,,,
1988-01-31,CAN,0.1875484636767103,,0.1875484636767103,,,Peak,,,,,
1988-02-29,CAN,0.8288193611753008,,0.8288193611753008,,,Peak,,,,,
1988-03-31,CAN,1.5594819712332755,,1.5594819712332755,,,Loosening,,,,,
1988-04-30,CAN,-0.4655009167472866,,-0.4655009167472866,,,Tightening,,,,,
1988-05-31,CAN,0.2574723622743981,,0.2574723622743981,,,Peak,,,,,
1988-06-30,CAN,0.9624710790617318,,0.9624710790617318,,,Peak,,,,,
1988-07-31,CAN,0.09148119537009347,,0.09148119537009347,,,Peak,,,,,
1988-08-31,CAN,0.6972860076015003,,0.6972860076015003,,,Peak,,,,,
1988-09-30,CAN,0.5649279969676314,,0.5649279969676314,,,Peak,,,,,
1988-10-31,CAN,0.385797189905,,0.385797189905,,,Loosening,,,,,
1988-11-30,CAN,-0.38632450402568397,,-0.38632450402568397,,,Tightening,,,,,
1988-12-31,CAN,0.22136894348121613,,0.22136894348121613,,,Peak,,,,,
1989-01-31,CAN,0.8704073667635236,,0.8704073667635236,,,Loosening,,,,,
1989-02-28,CAN,0.1405095587763331,,0.1405095587763331,,,Peak,,,,,
1989-03-31,CAN,-0.2074434313215648,,-0.2074434313215648,,,Tightening,,,,,
1989-04-30,CAN,1.0604367700011015,,1.0604367700011015,,,Loosening,,,,,
1989-05-31,CAN,1.462732126380113,,1.462732126380113,,,Loosening,,,,,
1989-06-30,CAN,0.26395061313141205,,0.26395061313141205,,,Loosening,,,,,
1989-07-31,CAN,0.10017578585295074,,0.10017578585295074,,,Peak,,,,,
1989-08-31,CAN,-0.7875040635819136,,-0.7875040635819136,,,Tightening,,,,,
1989-09-30,CAN,-0.6837355401397397,,-0.6837355401397397,,,Tightening,,,,,
1989-10-31,CAN,-0.4328120786305571,,-0.4328120786305571,,,Tightening,,,,,
1989-11-30,CAN,0.007602366891910102,,0.007602366891910102,,,Peak,,,,,
1989-12-31,CAN,-0.8772048974226281,,-0.8772048974226281,,,Tightening,,,,,
1990-01-31,CAN,0.9980329101826928,,0.9980329101826928,,,Loosening,,,,,
1990-02-28,CAN,0.6889763088462565,,0.6889763088462565,,,Loosening,,,,,
1990-03-31,CAN,0.2786228556065976,,0.2786228556065976,,,Loosening,,,,,
1990-04-30,CAN,-0.02858395598366401,,-0.02858395598366401,,,Trough,,,,,
1990-05-31,CAN,-1.164752264061623,,-1.164752264061623,,,Tightening,,,,,
1990-06-30,CAN,-0.5777736875091015,,-0.5777736875091015,,,Trough,,,,,
1990-07-31,CAN,-0.3080058351776839,,-0.3080058351776839,,,Tightening,,,,,
1990-08-31,CAN,0.016310963636222597,,0.016310963636222597,,,Peak,,,,,
1990-09-30,CAN,0.08675020288726283,,0.08675020288726283,,,Peak,,,,,
1990-10-31,CAN,0.1735124149670883,,0.1735124149670883,,,Loosening,,,,,
1990-11-30,CAN,0.2345503262545829,,0.2345503262545829,,,Loosening,,,,,
1990-12-31,CAN,-0.19514588486425544,,-0.19514588486425544,,,Trough,,,,,
1991-01-31,CAN,-1.3915719403902902,,-1.3915719403902902,,,Tightening,,,,,
1991-02-28,CAN,-1.2150142809088444,,-1.2150142809088444,,,Tightening,,,,,
1991-03-31,CAN,-0.006248599105655702,,-0.006248599105655702,,,Tightening,,,,,
1991-04-30,CAN,-0.5551226069502108,,-0.5551226069502108,,,Tightening,,,,,
1991-05-31,CAN,0.04772279112907367,,0.04772279112907367,,,Peak,,,,,
1991-06-30,CAN,0.19320490365257226,,0.19320490365257226,,,Loosening,,,,,
1991-07-31,CAN,0.26124899568927284,,0.26124899568927284,,,Loosening,,,,,
1991-08-31,CAN,0.1567873052829886,,0.1567873052829886,,,Loosening,,,,,
1991-09-30,CAN,0.9217902804246261,,0.9217902804246261,,,Loosening,,,,,
1991-10-31,CAN,0.37700946128562735,,0.37700946128562735,,,Loosening,,,,,
1991-11-30,CAN,0.25958715053289516,,0.25958715053289516,,,Loosening,,,,,
1991-12-31,CAN,0.3667145917802485,,0.3667145917802485,,,Loosening,,,,,
1992-01-31,CAN,0.18895729200992056,,0.18895729200992056,,,Peak,,,,,
1992-02-29,CAN,0.1284944118153731,,0.1284944118153731,,,Peak,,,,,
1992-03-31,CAN,-0.26270429051000116,,-0.26270429051000116,,,Tightening,,,,,
1992-04-30,CAN,0.6693396925691981,,0.6693396925691981,,,Loosening,,,,,
1992-05-31,CAN,0.3913838830971324,,0.3913838830971324,,,Loosening,,,,,
1992-06-30,CAN,0.092878185315645,,0.092878185315645,,,Peak,,,,,
1992-07-31,CAN,0.391464577165598,,0.391464577165598,,,Loosening,,,,,
1992-08-31,CAN,0.12211411765238521,,0.12211411765238521,,,Peak,,,,,
1992-09-30,CAN,1.1630898836421446,,1.1630898836421446,,,Loosening,,,,,
1992-10-31,CAN,0.2078884084751336,,0.2078884084751336,,,Peak,,,,,
1992-11-30,CAN,0.7132311926229251,,0.7132311926229251,,,Loosening,,,,,
1992-12-31,CAN,0.7773842366357107,,0.7773842366357107,,,Loosening,,,,,
1993-01-31,CAN,0.5027008634232683,,0.5027008634232683,,,Loosening,,,,,
1993-02-28,CAN,1.1210752118596543,,1.1210752118596543,,,Loosening,,,,,
1993-03-31,CAN,0.8998770669160137,,0.8998770669160137,,,Peak,,,,,
1993-04-30,CAN,0.8969728374197545,,0.8969728374197545,,,Loosening,,,,,
1993-05-31,CAN,0.632703953487535,,0.632703953487535,,,Peak,,,,,
1993-06-30,CAN,0.7566777330408521,,0.7566777330408521,,,Peak,,,,,
1993-07-31,CAN,0.4716189815070692,,0.4716189815070692,,,Peak,,,,,
1993-08-31,CAN,0.9951678103229938,,0.9951678103229938,,,Peak,,,,,
1993-09-30,CAN,-0.8390641780906049,,-0.8390641780906049,,,Tightening,,,,,
1993-10-31,CAN,0.7544049880959729,,0.7544049880959729,,,Peak,,,,,
1993-11-30,CAN,-0.3674443147544478,,-0.3674443147544478,,,Tightening,,,,,
1993-12-31,CAN,0.30921214740132474,,0.30921214740132474,,,Peak,,,,,
1994-01-31,CAN,0.35193268260171673,,0.35193268260171673,,,Peak,,,,,
1994-02-28,CAN,0.45588425641066554,,0.45588425641066554,,,Peak,,,,,
1994-03-31,CAN,1.2416226215896966,,1.2416226215896966,,,Loosening,,,,,
1994-04-30,CAN,-0.15935911201494657,,-0.15935911201494657,,,Tightening,,,,,
1994-05-31,CAN,0.930948152521941,,0.930948152521941,,,Loosening,,,,,
1994-06-30,CAN,-0.7189630482306183,,-0.7189630482306183,,,Tightening,,,,,
1994-07-31,CAN,-0.805183571155442,,-0.805183571155442,,,Tightening,,,,,
1994-08-31,CAN,-0.11199282032870701,,-0.11199282032870701,,,Tightening,,,,,
1994-09-30,CAN,-0.8906925202787682,,-0.8906925202787682,,,Tightening,,,,,
1994-10-31,CAN,-1.3239510202751517,,-1.3239510202751517,,,Tightening,,,,,
1994-11-30,CAN,-0.70698412207902,,-0.70698412207902,,,Tightening,,,,,
1994-12-31,CAN,-0.8158654302275818,,-0.8158654302275818,,,Tightening,,,,,
1995-01-31,CAN,-0.3047692995103233,,-0.3047692995103233,-1.4118673318606196,-0.6738019769604221,Trough,,,,,
1995-02-28,CAN,-0.615007944555318,,-0.615007944555318,-1.4118673318606196,-0.8806277403237519,Tightening,,,,,
1995-03-31,CAN,-1.9233427561621061,,-1.9233427561621061,-1.4118673318606196,-1.7528509480616106,Tightening,,,,,
1995-04-30,CAN,-0.8276730897312208,,-0.8276730897312208,-1.4118673318606196,-1.0224045037743537,Trough,,,,,
1995-05-31,CAN,-1.5452372653499042,,-1.5452372653499042,-1.4118673318606196,-1.500780620853476,Tightening,,,,,
1995-06-30,CAN,-0.2549479176253164,,-0.2549479176253164,-1.4118673318606196,-0.6405877223704175,Trough,,,,,
1995-07-31,CAN,-0.30458346236619116,,-0.30458346236619116,-1.4118673318606196,-0.6736780855310007,Trough,Trough,Trough,,,
1995-08-31,CAN,-0.49817424887250406,,-0.49817424887250406,-1.4118673318606196,-0.8027386098685426,Trough,Trough,Trough,,,
1995-09-30,CAN,-0.3622366419180322,,-0.3622366419180322,-1.4118673318606196,-0.7121135385655614,Trough,Trough,Trough,,,
1995-10-31,CAN,-0.6173954205973264,,-0.6173954205973264,-1.4118673318606196,-0.8822193910184242,Trough,Trough,Trough,,,
1995-11-30,CAN,-0.5581927627703578,,-0.5581927627703578,-1.4118673318606196,-0.8427509524671117,Trough,Trough,Trough,,,
1995-12-31,CAN,-1.340513552905954,,-1.340513552905954,-1.4118673318606196,-1.3642981458908425,Tightening,Trough,Tightening,,,
1996-01-31,CAN,-0.744042600716897,,-0.744042600716897,-1.3659659522976477,-0.9513503845771473,Tightening,Trough,Tightening,,,
1996-02-29,CAN,-1.0830742290027473,,-1.0830742290027473,-1.3659659522976477,-1.1773714701010474,Tightening,Trough,Tightening,,,
1996-03-31,CAN,-1.5057159914264249,,-1.5057159914264249,-1.3659659522976477,-1.4591326450501658,Tightening,Trough,Tightening,,,
1996-04-30,CAN,-2.0461010214937074,,-2.0461010214937074,-1.3659659522976477,-1.8193893317616876,Tightening,Trough,Tightening,,,
1996-05-31,CAN,-1.6611888832649988,,-1.6611888832649988,-1.3659659522976477,-1.5627812396092151,Tightening,Trough,Tightening,,,
1996-06-30,CAN,-1.498736887442497,,-1.498736887442497,-1.3659659522976477,-1.4544799090608804,Tightening,Trough,Tightening,,,
1996-07-31,CAN,-1.102066441559449,,-1.102066441559449,-1.3659659522976477,-1.1900329451388485,Tightening,Trough,Tightening,,,
1996-08-31,CAN,-1.4169039284002005,,-1.4169039284002005,-1.3659659522976477,-1.3999246030326828,Tightening,Trough,Tightening,,,
1996-09-30,CAN,-1.3552591273911718,,-1.3552591273911718,-1.3659659522976477,-1.3588280690266639,Trough,Trough,Trough,,,
1996-10-31,CAN,-0.7913176066983177,,-0.7913176066983177,-1.3659659522976477,-0.9828670552314278,Trough,Trough,Trough,,,
1996-11-30,CAN,-1.2956690970955032,,-1.2956690970955032,-1.3659659522976477,-1.3191013821628848,Trough,Trough,Trough,,,
1996-12-31,CAN,-0.6786441491874763,,-0.6786441491874763,-1.3659659522976477,-0.9077514168908668,Trough,Trough,Trough,,,
1997-01-31,CAN,-1.048388099005828,,-1.048388099005828,-0.9351771108795933,-1.0106511029637497,Trough,Trough,Trough,,,
1997-02-28,CAN,-1.0589220573888636,,-1.0589220573888636,-0.9351771108795933,-1.0176737418857735,Trough,Trough,Trough,,,
1997-03-31,CAN,0.6277760442801921,,0.6277760442801921,-0.9351771108795933,0.10679165922693024,Loosening,Trough,Loosening,,,
1997-04-30,CAN,1.4789592059012437,,1.4789592059012437,-0.9351771108795933,0.6742471003076314,Loosening,Trough,Loosening,,,
1997-05-31,CAN,-0.2135143331312847,,-0.2135143331312847,-0.9351771108795933,-0.45406859238072095,Trough,Trough,Trough,,,
1997-06-30,CAN,-0.4473344849414115,,-0.4473344849414115,-0.9351771108795933,-0.6099486935874721,Trough,Trough,Trough,,,
1997-07-31,CAN,-0.08755293093469413,,-0.08755293093469413,-0.9351771108795933,-0.37009432424966054,Trough,Trough,Trough,,,
1997-08-31,CAN,0.04310487264803752,,0.04310487264803752,-0.9351771108795933,-0.28298912186117275,Loosening,Trough,Trough,,,
1997-09-30,CAN,0.4785987394538737,,0.4785987394538737,-0.9351771108795933,0.0073401226760513305,Peak,Trough,Peak,,,
1997-10-31,CAN,0.2764563470666009,,0.2764563470666009,-0.9351771108795933,-0.1274214722487972,Peak,Trough,Tightening,,,
1997-11-30,CAN,1.1032458290001574,,1.1032458290001574,-0.9351771108795933,0.42377151570690713,Loosening,Trough,Loosening,,,
1997-12-31,CAN,0.25497027006312517,,0.25497027006312517,-0.9351771108795933,-0.1417455235844477,Loosening,Trough,Trough,,,
1998-01-31,CAN,1.3122154867708926,,1.3122154867708926,0.559721111941306,1.0613840284943636,Loosening,Loosening,Loosening,,,
1998-02-28,CAN,1.4495297541573535,,1.4495297541573535,0.559721111941306,1.152926873418671,Loosening,Loosening,Loosening,,,
1998-03-31,CAN,-0.22004657974181724,,-0.22004657974181724,0.559721111941306,0.03987598415255719,Tightening,Loosening,Loosening,,,
1998-04-30,CAN,-0.22327697813367137,,-0.22327697813367137,0.559721111941306,0.03772238522465446,Tightening,Loosening,Loosening,,,
1998-05-31,CAN,1.0138012073050684,,1.0138012073050684,0.559721111941306,0.8624411755171476,Peak,Loosening,Loosening,,,
1998-06-30,CAN,0.7832707074284593,,0.7832707074284593,0.559721111941306,0.7087541755994082,Loosening,Loosening,Loosening,,,
1998-07-31,CAN,0.6003439959575666,,0.6003439959575666,0.559721111941306,0.5868030346188131,Peak,Loosening,Peak,,,
1998-08-31,CAN,0.6021492718661096,,0.6021492718661096,0.559721111941306,0.588006551891175,Peak,Loosening,Peak,,,
1998-09-30,CAN,1.9045318195552243,,1.9045318195552243,0.559721111941306,1.4562615836839181,Loosening,Loosening,Loosening,,,
1998-10-31,CAN,1.7062410994595743,,1.7062410994595743,0.559721111941306,1.3240677702868182,Loosening,Loosening,Loosening,,,
1998-11-30,CAN,0.6733869486135642,,0.6733869486135642,0.559721111941306,0.6354983363894782,Peak,Loosening,Peak,,,
1998-12-31,CAN,1.7444994273787442,,1.7444994273787442,0.559721111941306,1.3495733222329314,Loosening,Loosening,Loosening,,,
1999-01-31,CAN,0.6093000484741273,,0.6093000484741273,0.2318176682487752,0.48347258839901,Loosening,Peak,Peak,,,
1999-02-28,CAN,2.454260754319618,,2.454260754319618,0.2318176682487752,1.7134463922960037,Loosening,Peak,Loosening,,,
1999-03-31,CAN,2.2865318848744756,,2.2865318848744756,0.2318176682487752,1.601627145999242,Loosening,Peak,Loosening,,,
1999-04-30,CAN,1.3026986294833351,,1.3026986294833351,0.2318176682487752,0.9457383090718151,Peak,Peak,Peak,,,
1999-05-31,CAN,1.341150749511809,,1.341150749511809,0.2318176682487752,0.9713730557574642,Loosening,Peak,Loosening,,,
1999-06-30,CAN,2.847031425517499,,2.847031425517499,0.2318176682487752,1.9752935064279242,Loosening,Peak,Loosening,,,
1999-07-31,CAN,1.1923029223536252,,1.1923029223536252,0.2318176682487752,0.8721411709853418,Loosening,Loosening,Loosening,,,
1999-08-31,CAN,1.2243631897183878,,1.2243631897183878,0.2318176682487752,0.8935146825618502,Peak,Loosening,Peak,,,
1999-09-30,CAN,0.7480194858158706,,0.7480194858158706,0.2318176682487752,0.5759522132935054,Peak,Loosening,Peak,,,
1999-10-31,CAN,1.3462256846461045,,1.3462256846461045,0.2318176682487752,0.9747563458469947,Loosening,Loosening,Loosening,,,
1999-11-30,CAN,2.1162487371161314,,2.1162487371161314,0.2318176682487752,1.4881050474936792,Loosening,Loosening,Loosening,,,
1999-12-31,CAN,5.361560148396055,,5.361560148396055,0.2318176682487752,3.651645988346962,Loosening,Loosening,Loosening,,,
2000-01-31,CAN,1.6889399924070119,,1.6889399924070119,0.9604182856455291,1.4460994234865177,Loosening,Loosening,Loosening,,,
2000-02-29,CAN,0.609800547996136,,0.609800547996136,0.9604182856455291,0.7266731272126004,Peak,Loosening,Peak,,,
2000-03-31,CAN,0.02078673555547256,,0.02078673555547256,0.9604182856455291,0.3339972522521581,Peak,Loosening,Peak,,,
2000-04-30,CAN,0.835907319343068,,0.835907319343068,0.9604182856455291,0.8774109747772216,Peak,Loosening,Peak,,,
2000-05-31,CAN,0.8755784603830997,,0.8755784603830997,0.9604182856455291,0.9038584021372429,Peak,Loosening,Peak,,,
2000-06-30,CAN,-0.2076956604794455,,-0.2076956604794455,0.9604182856455291,0.1816756548955461,Tightening,Loosening,Peak,,,
2000-07-31,CAN,-0.30509811108334645,,-0.30509811108334645,0.9604182856455291,0.11674068782627878,Tightening,Loosening,Peak,,,
2000-08-31,CAN,0.36428618852863615,,0.36428618852863615,0.9604182856455291,0.5629968875676005,Peak,Loosening,Peak,,,
2000-09-30,CAN,-0.5042030881541071,,-0.5042030881541071,0.9604182856455291,-0.015995963554228276,Tightening,Loosening,Tightening,,,
2000-10-31,CAN,-0.7719644232945946,,-0.7719644232945946,0.9604182856455291,-0.1945035203145533,Tightening,Loosening,Tightening,,,
2000-11-30,CAN,-0.7248340742422354,,-0.7248340742422354,0.9604182856455291,-0.16308328761298052,Tightening,Loosening,Tightening,,,
2000-12-31,CAN,-3.6541414194002684,,-3.6541414194002684,0.9604182856455291,-2.115954851051669,Tightening,Loosening,Tightening,,,
2001-01-31,CAN,-0.6052652696605871,,-0.6052652696605871,1.5835178071885667,0.12432908928913089,Tightening,Loosening,Loosening,,,
2001-02-28,CAN,-0.17092619675031406,,-0.17092619675031406,1.5835178071885667,0.41388847122931294,Tightening,Loosening,Peak,,,
2001-03-31,CAN,0.3161087589772493,,0.3161087589772493,1.5835178071885667,0.7385784417143552,Loosening,Loosening,Loosening,,,
2001-04-30,CAN,0.5640243454795023,,0.5640243454795023,1.5835178071885667,0.9038554993825239,Loosening,Loosening,Loosening,,,
2001-05-31,CAN,3.1585930536947764,,3.1585930536947764,1.5835178071885667,2.63356797152604,Loosening,Loosening,Loosening,,,
2001-06-30,CAN,0.4353184729456876,,0.4353184729456876,1.5835178071885667,0.8180515843599807,Loosening,Loosening,Loosening,,,
2001-07-31,CAN,1.212237118337008,,1.212237118337008,1.5835178071885667,1.3359973479541942,Loosening,Loosening,Loosening,,,
2001-08-31,CAN,1.914966177970257,,1.914966177970257,1.5835178071885667,1.8044833877096935,Loosening,Loosening,Loosening,,,
2001-09-30,CAN,1.3941241985453838,,1.3941241985453838,1.5835178071885667,1.457255401426445,Loosening,Loosening,Loosening,,,
2001-10-31,CAN,1.6976328771075928,,1.6976328771075928,1.5835178071885667,1.6595945204679174,Loosening,Loosening,Loosening,,,
2001-11-30,CAN,1.8915093737875788,,1.8915093737875788,1.5835178071885667,1.7888455182545746,Peak,Loosening,Peak,,,
2001-12-31,CAN,0.9240592742871808,,0.9240592742871808,1.5835178071885667,1.1438787852543095,Loosening,Loosening,Loosening,,,
2002-01-31,CAN,1.864844239015339,,1.864844239015339,1.0671750400620108,1.5989545060308963,Loosening,Peak,Loosening,,,
2002-02-28,CAN,1.1728029164031124,,1.1728029164031124,1.0671750400620108,1.137593624289412,Peak,Peak,Peak,,,
2002-03-31,CAN,0.964425991592875,,0.964425991592875,1.0671750400620108,0.9986756744159203,Peak,Peak,Peak,,,
2002-04-30,CAN,0.4762271549104269,,0.4762271549104269,1.0671750400620108,0.6732097832942883,Peak,Peak,Peak,,,
2002-05-31,CAN,-1.5402473527176679,,-1.5402473527176679,1.0671750400620108,-0.6711065551244416,Tightening,Peak,Tightening,,,
2002-06-30,CAN,0.5873156039877903,,0.5873156039877903,1.0671750400620108,0.7472687493458638,Peak,Peak,Peak,,,
2002-07-31,CAN,1.4300843820815663,,1.4300843820815663,1.0671750400620108,1.309114601408381,Peak,Loosening,Peak,,,
2002-08-31,CAN,0.4530813108111397,,0.4530813108111397,1.0671750400620108,0.6577792205614301,Peak,Loosening,Peak,,,
2002-09-30,CAN,0.9790216225416923,,0.9790216225416923,1.0671750400620108,1.008406095048465,Loosening,Loosening,Loosening,,,
2002-10-31,CAN,0.5294739878439136,,0.5294739878439136,1.0671750400620108,0.7087076719166128,Loosening,Loosening,Loosening,,,
2002-11-30,CAN,0.560644471063085,,0.560644471063085,1.0671750400620108,0.729487994062727,Loosening,Loosening,Loosening,,,
2002-12-31,CAN,-0.11580906968410724,,-0.11580906968410724,1.0671750400620108,0.27851896689793215,Tightening,Loosening,Peak,,,
2003-01-31,CAN,-0.34684408489426216,,-0.34684408489426216,0.46748252214705777,-0.07540188254715549,Tightening,Peak,Tightening,,,
2003-02-28,CAN,-0.4284327438274691,,-0.4284327438274691,0.46748252214705777,-0.1297943218359601,Tightening,Peak,Tightening,,,
2003-03-31,CAN,-0.11857928965565862,,-0.11857928965565862,0.46748252214705777,0.07677464761191352,Tightening,Peak,Peak,,,
2003-04-30,CAN,-0.02327880086570469,,-0.02327880086570469,0.46748252214705777,0.14030830680521614,Tightening,Peak,Peak,,,
2003-05-31,CAN,-0.3300671054036951,,-0.3300671054036951,0.46748252214705777,-0.06421722955344414,Tightening,Peak,Tightening,,,
2003-06-30,CAN,-0.649760700184593,,-0.649760700184593,0.46748252214705777,-0.2773462927407093,Tightening,Peak,Tightening,,,
2003-07-31,CAN,-1.1242599691267774,,-1.1242599691267774,0.46748252214705777,-0.5936791387021656,Tightening,Loosening,Tightening,,,
2003-08-31,CAN,-0.9638711808757805,,-0.9638711808757805,0.46748252214705777,-0.48675327986816763,Tightening,Loosening,Tightening,,,
2003-09-30,CAN,-1.1845914668329485,,-1.1845914668329485,0.46748252214705777,-0.6339001371729464,Tightening,Loosening,Tightening,,,
2003-10-31,CAN,-0.7223361537679491,,-0.7223361537679491,0.46748252214705777,-0.3257299284629468,Tightening,Loosening,Tightening,,,
2003-11-30,CAN,-1.1730018687156325,,-1.1730018687156325,0.46748252214705777,-0.626173738428069,Tightening,Loosening,Tightening,,,
2003-12-31,CAN,-0.8753048908872428,0.5906646513891158,-0.1423201197490635,0.46748252214705777,0.06094742754964361,Trough,Loosening,Loosening,,,
2004-01-31,CAN,-0.8292745480056546,0.20646617329555747,-0.31140418735504855,0.0067100788137700595,-0.205366098632109,Trough,Peak,Trough,,,
2004-02-29,CAN,-0.8107454857012599,-0.20589101359651218,-0.5083182496488861,0.0067100788137700595,-0.33664214016133404,Trough,Peak,Trough,,,
2004-03-31,CAN,-0.41771892201556543,0.03641569675581078,-0.19065161262987732,0.0067100788137700595,-0.12486438214866151,Trough,Peak,Trough,,,
2004-04-30,CAN,-0.6524460229749285,0.8293121531223365,0.08843306507370402,0.0067100788137700595,0.06119206965372603,Loosening,Peak,Loosening,,,
2004-05-31,CAN,-0.5514490149104955,1.3522111382644275,0.400381061676966,0.0067100788137700595,0.26915740072256733,Loosening,Peak,Loosening,,,
2004-06-30,CAN,0.4834621963995839,1.3890082725286765,0.9362352344641303,0.0067100788137700595,0.6263935159140102,Loosening,Peak,Loosening,,,
2004-07-31,CAN,-0.25858268004211604,1.2270513159134313,0.48423431793565763,0.0067100788137700595,0.32505957156169507,Loosening,Loosening,Loosening,,,
2004-08-31,CAN,-0.34366492106053553,0.8718442006653545,0.2640896398024095,0.0067100788137700595,0.17829645280619635,Loosening,Loosening,Loosening,,,
2004-09-30,CAN,-0.11754211285058187,0.6872297607501371,0.2848438239497776,0.0067100788137700595,0.1921325755711084,Loosening,Loosening,Loosening,,,
2004-10-31,CAN,-0.20833993590464475,0.8462816431294494,0.31897085361240235,0.0067100788137700595,0.2148839286795249,Loosening,Loosening,Loosening,,,
2004-11-30,CAN,0.16261339782973233,0.8980542124288979,0.5303338051293152,0.0067100788137700595,0.3557925630241334,Loosening,Loosening,Loosening,,,
2004-12-31,CAN,0.10395568817076127,0.2578273995378876,0.18089154385432443,0.0067100788137700595,0.12283105550747296,Peak,Loosening,Peak,,,
2005-01-31,CAN,0.08199351309076093,0.09730885575875994,0.08965118442476044,0.21658916266460587,0.13196384383804227,Peak,Loosening,Peak,,,
2005-02-28,CAN,-0.03669295885117478,0.16282021909651045,0.06306363012266783,0.21658916266460587,0.11423880763664719,Peak,Loosening,Peak,,,
2005-03-31,CAN,-0.14959277671748142,0.13487496684937472,-0.007358904934053348,0.21658916266460587,0.0672904509321664,Tightening,Loosening,Peak,,,
2005-04-30,CAN,-0.17516206637871723,0.07439182983986797,-0.05038511826942463,0.21658916266460587,0.03860630870858556,Tightening,Loosening,Peak,,,
2005-05-31,CAN,0.15225775903660976,-0.20266186284979443,-0.025202051906592332,0.21658916266460587,0.05539501961714042,Tightening,Loosening,Peak,,,
2005-06-30,CAN,-0.6407184202199606,-0.16638063871188097,-0.4035495294659208,0.21658916266460587,-0.1968366320890786,Tightening,Loosening,Tightening,,,
2005-07-31,CAN,-0.05680829569109409,-0.06091900569043518,-0.058863650690764636,0.21658916266460587,0.03295395376102555,Tightening,Loosening,Peak,,,
2005-08-31,CAN,0.4716364158476614,0.14641898621340838,0.3090277010305349,0.21658916266460587,0.2782148549085586,Loosening,Loosening,Loosening,,,
2005-09-30,CAN,-0.15773169844529697,0.2897331374147633,0.06600071948473317,0.21658916266460587,0.11619686721135741,Loosening,Loosening,Loosening,,,
2005-10-31,CAN,-0.38994797843049567,-0.04333876993773106,-0.21664337418411336,0.21658916266460587,-0.07223252856787359,Tightening,Loosening,Tightening,,,
2005-11-30,CAN,-0.3136806437682371,-0.25093261595535044,-0.2823066298617938,0.21658916266460587,-0.11600803235299388,Tightening,Loosening,Tightening,,,
2005-12-31,CAN,-0.15801923640697338,-0.2818850286933225,-0.21995213255014795,0.21658916266460587,-0.07443836747856332,Trough,Loosening,Trough,,,
2006-01-31,CAN,-0.11110196016236985,-0.09765273011427943,-0.10437734513832464,0.27570533153050575,0.02231688041795217,Tightening,Loosening,Peak,,,
2006-02-28,CAN,-0.06193690660492871,-0.29026578923756957,-0.17610134792124915,0.27570533153050575,-0.025499121437330838,Tightening,Loosening,Tightening,,,
2006-03-31,CAN,-0.41639232210759114,-0.28757557425805186,-0.3519839481828215,0.27570533153050575,-0.14275418827837907,Tightening,Loosening,Tightening,,,
2006-04-30,CAN,0.13975537200254284,-0.2724615147386816,-0.06635307136806937,0.27570533153050575,0.04766639626478902,Trough,Loosening,Loosening,,,
2006-05-31,CAN,0.12720721227270274,-0.17867227306851188,-0.025732530397904574,0.27570533153050575,0.07474675691156554,Trough,Loosening,Loosening,,,
2006-06-30,CAN,-0.22258166812694571,-0.3998911298822085,-0.3112363990045771,0.27570533153050575,-0.11558915549288282,Tightening,Loosening,Tightening,,,
2006-07-31,CAN,-0.3368470338203834,-0.2506012207577297,-0.29372412728905656,0.27570533153050575,-0.10391430768253576,Tightening,Loosening,Tightening,,,
2006-08-31,CAN,-0.5193064926482875,-0.2095450277654538,-0.3644257602068707,0.27570533153050575,-0.15104872962774518,Tightening,Loosening,Tightening,,,
2006-09-30,CAN,0.10533576614761583,-0.4639188566086103,-0.17929154523049723,0.27570533153050575,-0.027625919643496227,Trough,Loosening,Trough,,,
2006-10-31,CAN,0.23051791202590627,-0.364546497366761,-0.06701429267042736,0.27570533153050575,0.047225582063217024,Tightening,Loosening,Peak,,,
2006-11-30,CAN,-0.05759053127610758,-0.21475552055645272,-0.13617302591628017,0.27570533153050575,0.001119759899315148,Tightening,Loosening,Peak,,,
2006-12-31,CAN,-0.20876800751582025,-0.17292907808955774,-0.19084854280268898,0.27570533153050575,-0.03533058469162406,Trough,Loosening,Trough,,,
2007-01-31,CAN,0.03222116564513252,-0.2966966721548008,-0.13223775325483414,-0.2482585853811242,-0.1709113639635975,Trough,Tightening,Tightening,,,
2007-02-28,CAN,-0.15743748535671157,0.006323512211599214,-0.07555698657255618,-0.2482585853811242,-0.1331241861754122,Trough,Tightening,Trough,,,
2007-03-31,CAN,0.1311903568844486,0.12340255704654861,0.1272964569654986,-0.2482585853811242,0.002111442849957665,Loosening,Tightening,Loosening,,,
2007-04-30,CAN,-0.08839953523491877,0.06986018897436015,-0.009269673130279307,-0.2482585853811242,-0.08893264388056094,Trough,Tightening,Tightening,,,
2007-05-31,CAN,0.2652496114768012,-0.12447740105215711,0.07038610521232205,-0.2482585853811242,-0.03582879165216003,Loosening,Tightening,Tightening,,,
2007-06-30,CAN,-0.08158890620750474,-0.1285242036112103,-0.10505655490935753,-0.2482585853811242,-0.1527905650666131,Trough,Tightening,Tightening,,,
2007-07-31,CAN,-0.20582204900798537,-0.12601286754342023,-0.1659174582757028,-0.2482585853811242,-0.1933645006441766,Tightening,Trough,Tightening,,,
2007-08-31,CAN,0.06977914166614908,-0.09000950640781762,-0.010115182370834266,-0.2482585853811242,-0.08949631670759758,Trough,Trough,Trough,,,
2007-09-30,CAN,-0.3866072610841725,0.25541426329165606,-0.06559649889625821,-0.2482585853811242,-0.1264838610578802,Tightening,Trough,Tightening,,,
2007-10-31,CAN,-0.06255614051607916,0.1691173116437392,0.053280585563830016,-0.2482585853811242,-0.047232471417821394,Loosening,Trough,Trough,,,
2007-11-30,CAN,-0.5518602791067704,0.4711724671970398,-0.04034390595486528,-0.2482585853811242,-0.10964879909695159,Tightening,Trough,Tightening,,,
2007-12-31,CAN,0.5184898872667982,0.3725749448787989,0.4455324160727986,-0.2482585853811242,0.214268748921491,Loosening,Trough,Loosening,,,
2008-01-31,CAN,-0.533640303971473,0.616061194791406,0.04121044540996649,1.558945203214738,0.5471220313448903,Loosening,Loosening,Loosening,,,
2008-02-29,CAN,-0.445945905617852,0.7014255449526702,0.12773981966740908,1.558945203214738,0.604808280849852,Loosening,Loosening,Loosening,,,
2008-03-31,CAN,0.3068243048207948,0.6364630935935547,0.47164369920717475,1.558945203214738,0.8340775338763625,Loosening,Loosening,Loosening,,,
2008-04-30,CAN,0.6305940846569531,0.6625971900912195,0.6465956373740863,1.558945203214738,0.9507121593209702,Loosening,Loosening,Loosening,,,
2008-05-31,CAN,0.8609949903059755,0.6479884394348534,0.7544917148704144,1.558945203214738,1.0226428776518557,Loosening,Loosening,Loosening,,,
2008-06-30,CAN,-0.7617314893411522,0.7545823753690161,-0.003574556986068067,1.558945203214738,0.5172653630808673,Tightening,Loosening,Loosening,,,
2008-07-31,CAN,0.38235285045659856,1.03873537435057,0.7105441124035843,1.558945203214738,0.9933444760073022,Loosening,Loosening,Loosening,,,
2008-08-31,CAN,-0.28654524909596685,1.1736016317688356,0.4435281913364344,1.558945203214738,0.8153338619625357,Loosening,Loosening,Loosening,,,
2008-09-30,CAN,0.6926636164535154,1.0990710478725096,0.8958673321630125,1.558945203214738,1.1168932891802543,Loosening,Loosening,Loosening,,,
2008-10-31,CAN,5.248427131845218,1.2777352039915801,3.263081167918399,1.558945203214738,2.695035846350512,Loosening,Loosening,Loosening,,,
2008-11-30,CAN,7.467649027489154,1.2627546722321443,4.365201849860649,1.558945203214738,3.4297829676453455,Loosening,Loosening,Loosening,,,
2008-12-31,CAN,5.387534178338962,1.2819817516396563,3.334757964989309,1.558945203214738,2.7428203777311184,Loosening,Loosening,Loosening,,,
2009-01-31,CAN,5.361815137321732,0.994069686289186,3.177942411805459,0.9841561472147549,2.4466803236085575,Loosening,Peak,Loosening,,,
2009-02-28,CAN,5.6033174500450285,1.2067285242371402,3.405022987141084,0.9841561472147549,2.5980673738323077,Loosening,Peak,Loosening,,,
2009-03-31,CAN,4.6388082227313445,1.0439398833259723,2.8413740530286584,0.9841561472147549,2.222301417757357,Loosening,Peak,Loosening,,,
2009-04-30,CAN,3.2137757059710177,0.7077266380754953,1.9607511720232564,0.9841561472147549,1.6352194970870892,Peak,Peak,Peak,,,
2009-05-31,CAN,1.7224926104404439,0.4884973989901735,1.1054950047153087,0.9841561472147549,1.0650487188817908,Peak,Peak,Peak,,,
2009-06-30,CAN,3.430993262102783,0.399092723199846,1.9150429926513146,0.9841561472147549,1.6047473775057948,Peak,Peak,Peak,,,
2009-07-31,CAN,3.116647095851974,0.08871716422712539,1.6026821300395495,0.9841561472147549,1.3965068024312846,Peak,Loosening,Peak,,,
2009-08-31,CAN,2.406981119341673,0.19833115192721773,1.3026561356344453,0.9841561472147549,1.1964894728278819,Peak,Loosening,Peak,,,
2009-09-30,CAN,2.3519858024275404,0.17860496220552524,1.2652953823165327,0.9841561472147549,1.1715823039492734,Peak,Loosening,Peak,,,
2009-10-31,CAN,0.30791252497496463,0.2028108311620529,0.25536167806850874,0.9841561472147549,0.49829316778392413,Peak,Loosening,Peak,,,
2009-11-30,CAN,-1.0043714310925123,0.587246240830115,-0.20856259513119862,0.9841561472147549,0.18901031898411924,Tightening,Loosening,Peak,,,
2009-12-31,CAN,-1.4196945700220591,0.3072296170046597,-0.5562324765086997,0.9841561472147549,-0.04276960193421481,Tightening,Loosening,Tightening,,,
2010-01-31,CAN,-1.1001224679277057,0.40272697233625426,-0.3486977477957257,1.177655638526477,0.16008671431167523,Tightening,Loosening,Peak,,,
2010-02-28,CAN,-1.4993763986895938,0.3362137801951799,-0.581581309247207,1.177655638526477,0.004831006677354421,Tightening,Loosening,Peak,,,
2010-03-31,CAN,-1.5084777918599062,-0.07020279810099835,-0.7893402949804522,1.177655638526477,-0.13367498381147574,Tightening,Loosening,Tightening,,,
2010-04-30,CAN,-1.0517126251230196,-0.1001225852683653,-0.5759176051956925,1.177655638526477,0.008606809378364055,Tightening,Loosening,Peak,,,
2010-05-31,CAN,-1.0421277547629753,-0.1856521631746797,-0.6138899589688275,1.177655638526477,-0.016708093137059288,Tightening,Loosening,Tightening,,,
2010-06-30,CAN,-2.2497020171913316,-0.07395255763311626,-1.161827287412224,1.177655638526477,-0.3819996454326569,Tightening,Loosening,Tightening,,,
2010-07-31,CAN,-2.3509934671224726,0.11828457750319603,-1.1163544448096383,1.177655638526477,-0.35168441703093317,Tightening,Loosening,Tightening,,,
2010-08-31,CAN,-2.1643009185888555,0.21572013368119367,-0.974290392453831,1.177655638526477,-0.2569750487937283,Tightening,Loosening,Tightening,,,
2010-09-30,CAN,-2.1589066298127855,0.1799669862337084,-0.9894698217895386,1.177655638526477,-0.26709466835086665,Tightening,Loosening,Tightening,,,
2010-10-31,CAN,-2.0405871523054624,0.28573649908035914,-0.8774253266125516,1.177655638526477,-0.19239833823287528,Tightening,Loosening,Tightening,,,
2010-11-30,CAN,-1.8895264004455548,0.04587074366226459,-0.9218278283916451,1.177655638526477,-0.22200000608560438,Tightening,Loosening,Tightening,,,
2010-12-31,CAN,-1.4565799102445864,0.1067991990986314,-0.6748903555729775,1.177655638526477,-0.0573750242064926,Trough,Loosening,Trough,,,
2011-01-31,CAN,-1.6600640873772972,0.09994438204533411,-0.7800598526659815,-1.3919544098310557,-0.9840247050543396,Trough,Tightening,Tightening,,,
2011-02-28,CAN,-1.6497678239022273,-0.04290195613929363,-0.8463348900207605,-1.3919544098310557,-1.028208063290859,Trough,Tightening,Tightening,,,
2011-03-31,CAN,-1.6166255823144833,0.2625421000889534,-0.6770417411127649,-1.3919544098310557,-0.9153459640188619,Trough,Tightening,Tightening,,,
2011-04-30,CAN,-1.5686085331002328,0.3075216642110155,-0.6305434344446087,-1.3919544098310557,-0.8843470929067577,Trough,Tightening,Tightening,,,
2011-05-31,CAN,-1.0494079154551053,0.48149316298517514,-0.2839573762349651,-1.3919544098310557,-0.6532897207669953,Trough,Tightening,Tightening,,,
2011-06-30,CAN,-0.2809251878379671,0.34594291558675055,0.032508863874391725,-1.3919544098310557,-0.4423122273607575,Loosening,Tightening,Tightening,,,
2011-07-31,CAN,-0.22986904071035544,0.41399034943234425,0.0920606543609944,-1.3919544098310557,-0.40261103370302237,Loosening,Trough,Trough,,,
2011-08-31,CAN,0.1676775469308287,0.6565876967979585,0.4121326218643936,-1.3919544098310557,-0.1892297220340896,Loosening,Trough,Trough,,,
2011-09-30,CAN,-0.03963124238170788,0.8306633904132724,0.39551607401578226,-1.3919544098310557,-0.20030742059983048,Loosening,Trough,Trough,,,
2011-10-31,CAN,0.12035365774028249,0.6918981993543832,0.40612592854733287,-1.3919544098310557,-0.1932341842454634,Loosening,Trough,Trough,,,
2011-11-30,CAN,0.1455646707523788,0.6761038411450655,0.41083425594872214,-1.3919544098310557,-0.1900952993112039,Loosening,Trough,Trough,,,
2011-12-31,CAN,-0.00781018816988246,0.559691230373997,0.2759405211020573,-1.3919544098310557,-0.2800244558756471,Loosening,Trough,Trough,,,
2012-01-31,CAN,0.17751949137219036,0.5878477448439936,0.382683618108092,-1.3448089596237642,-0.19314724113586013,Loosening,Trough,Trough,,,
2012-02-29,CAN,0.44938927034231874,0.544624061925446,0.49700666613388234,-1.3448089596237642,-0.11693187578533326,Loosening,Trough,Trough,,,
2012-03-31,CAN,0.47088264651146156,0.32187746731691563,0.3963800569141886,-1.3448089596237642,-0.18401628193179576,Loosening,Trough,Trough,,,
2012-04-30,CAN,0.6598975607300186,0.2530590405698312,0.4564783006499249,-1.3448089596237642,-0.14395078610797152,Loosening,Trough,Trough,,,
2012-05-31,CAN,0.7578545326360575,0.23960056058204024,0.4987275466090489,-1.3448089596237642,-0.11578462213522223,Loosening,Trough,Trough,,,
2012-06-30,CAN,0.7371865690905443,0.31568413745534046,0.5264353532729423,-1.3448089596237642,-0.09731275102595993,Loosening,Trough,Trough,,,
2012-07-31,CAN,0.7213045950634802,0.22402142101184244,0.4726630080376613,-1.3448089596237642,-0.13316098118281394,Loosening,Trough,Trough,,,
2012-08-31,CAN,0.5723440204290012,0.17871111221532665,0.37552756632216394,-1.3448089596237642,-0.19791794232647886,Peak,Trough,Tightening,,,
2012-09-30,CAN,0.8044215053322352,0.20634813665000232,0.5053848209911188,-1.3448089596237642,-0.11134643921384224,Loosening,Trough,Trough,,,
2012-10-31,CAN,0.8350611878297434,0.2040320962149221,0.5195466420223327,-1.3448089596237642,-0.10190522519303302,Loosening,Trough,Trough,,,
2012-11-30,CAN,0.7427224758048441,0.12529787510790882,0.43401017545637643,-1.3448089596237642,-0.15892953623700384,Peak,Trough,Tightening,,,
2012-12-31,CAN,0.9097895015681828,0.08278297099039268,0.49628623627928775,-1.3448089596237642,-0.11741216235506297,Peak,Trough,Tightening,,,
2013-01-31,CAN,1.0267548166079095,-0.01038967420049954,0.5081825712037049,-0.937875232673851,0.026163303244519542,Loosening,Trough,Loosening,,,
2013-02-28,CAN,0.8871359581515166,0.29180022317989734,0.5894680906657069,-0.937875232673851,0.08035364955252089,Loosening,Trough,Loosening,,,
2013-03-31,CAN,0.8827241135666478,0.20224329556137866,0.5424837045640132,-0.937875232673851,0.049030725484725035,Loosening,Trough,Loosening,,,
2013-04-30,CAN,0.8401491604272059,0.10672038589783073,0.4734347731625183,-0.937875232673851,0.00299810455039512,Peak,Trough,Loosening,,,
2013-05-31,CAN,1.07437173802319,0.084228229453872,0.5792999837385311,-0.937875232673851,0.07357491160107033,Loosening,Trough,Loosening,,,
2013-06-30,CAN,1.0262144574438148,0.09629252477239829,0.5612534911081065,-0.937875232673851,0.06154391651412061,Loosening,Trough,Loosening,,,
2013-07-31,CAN,1.0962849035105966,0.17890429679596606,0.6375946001532813,-0.937875232673851,0.11243798921090381,Loosening,Trough,Loosening,,,
2013-08-31,CAN,0.8499401885050399,0.09055210832641629,0.4702461484157281,-0.937875232673851,0.0008723547192016623,Peak,Trough,Peak,,,
2013-09-30,CAN,0.8277589326732413,0.08872312543590971,0.45824102905457553,-0.937875232673851,-0.007131058188233397,Peak,Trough,Tightening,,,
2013-10-31,CAN,0.7565660481764571,0.04186421621027429,0.3992151321933657,-0.937875232673851,-0.04648165609570659,Peak,Trough,Tightening,,,
2013-11-30,CAN,0.6928237502133994,0.09851567743627403,0.3956697138248367,-0.937875232673851,-0.048845268341392634,Peak,Trough,Tightening,,,
2013-12-31,CAN,0.5401812713124233,0.15942615288435427,0.3498037120983888,-0.937875232673851,-0.07942260282569119,Peak,Trough,Tightening,,,
2014-01-31,CAN,0.42679212855971693,0.3297425005034514,0.37826731453158413,-1.2103285615226986,-0.1512646441531768,Peak,Tightening,Tightening,,,
2014-02-28,CAN,0.2461181294082243,0.212079777174386,0.22909895329130514,-1.2103285615226986,-0.2507102183133628,Peak,Tightening,Tightening,,,
2014-03-31,CAN,0.12187863381046216,0.2652718933297168,0.19357526357008947,-1.2103285615226986,-0.27439267812750656,Peak,Tightening,Tightening,,,
2014-04-30,CAN,0.12233613386539996,0.38916278341511007,0.255749458640255,-1.2103285615226986,-0.23294321474739624,Peak,Tightening,Tightening,,,
2014-05-31,CAN,-0.2260555821423303,0.4500624705439144,0.11200344420079206,-1.2103285615226986,-0.3287738910403715,Peak,Tightening,Tightening,,,
2014-06-30,CAN,-0.33454767127676077,0.43336349351551773,0.04940791111937848,-1.2103285615226986,-0.3705042464279806,Peak,Tightening,Tightening,,,
2014-07-31,CAN,-0.2368933186077758,0.36870580499759614,0.06590624319491017,-1.2103285615226986,-0.3595053583776261,Peak,Trough,Tightening,,,
2014-08-31,CAN,-0.3253135385349635,0.3636086342379717,0.019147547851504104,-1.2103285615226986,-0.3906778219398968,Peak,Trough,Tightening,,,
2014-09-30,CAN,-0.2576457955379099,0.3165913564498078,0.02947278045594895,-1.2103285615226986,-0.3837943335369336,Peak,Trough,Tightening,,,
2014-10-31,CAN,-0.35303437641135554,0.46226542658605024,0.05461552508734735,-1.2103285615226986,-0.367032503782668,Peak,Trough,Tightening,,,
2014-11-30,CAN,-0.39905857896047103,0.40581884704860355,0.0033801340440662575,-1.2103285615226986,-0.4011894311448554,Peak,Trough,Tightening,,,
2014-12-31,CAN,-0.3494826285625179,0.24542807687569249,-0.0520272758434127,-1.2103285615226986,-0.4381277044031747,Tightening,Trough,Tightening,,,
2015-01-31,CAN,-0.24215843054213004,0.5014332251757042,0.12963739731678708,-0.6718699713960491,-0.1375317255874917,Loosening,Trough,Trough,,,
2015-02-28,CAN,-0.2761608125092898,0.45859702045863954,0.09121810397467486,-0.6718699713960491,-0.1631445878155665,Loosening,Trough,Trough,,,
2015-03-31,CAN,-0.2539835903349373,0.46153336653111304,0.10377488809808788,-0.6718699713960491,-0.15477339839995782,Loosening,Trough,Trough,,,
2015-04-30,CAN,-0.2605166669032038,0.24615859255130312,-0.007179037175950337,-0.6718699713960491,-0.2287426819159833,Tightening,Trough,Trough,,,
2015-05-31,CAN,-0.3621405616491076,0.32998920219544736,-0.016075679726830105,-0.6718699713960491,-0.23467377694990313,Tightening,Trough,Trough,,,
2015-06-30,CAN,-0.22871162784101748,0.4130137702789693,0.09215107121897591,-0.6718699713960491,-0.16252260965269913,Loosening,Trough,Trough,,,
2015-07-31,CAN,-0.23794163982437352,0.48575050883211474,0.1239044345038706,-0.6718699713960491,-0.14135370079610265,Peak,Trough,Tightening,,,
2015-08-31,CAN,-0.19142201235943335,0.4589278386704993,0.13375291315553298,-0.6718699713960491,-0.13478804836166108,Loosening,Trough,Trough,,,
2015-09-30,CAN,-0.17729106372200873,0.3363637065964335,0.07953632143721238,-0.6718699713960491,-0.1709324428405415,Peak,Trough,Tightening,,,
2015-10-31,CAN,-0.1393197037310072,0.3023000533867419,0.08149017482786734,-0.6718699713960491,-0.16962987391343817,Loosening,Trough,Trough,,,
2015-11-30,CAN,-0.17114111599477475,0.33048591200336025,0.07967239800429275,-0.6718699713960491,-0.17084172512915458,Loosening,Trough,Trough,,,
2015-12-31,CAN,0.007603069617049606,0.48071726857697095,0.24416016909701027,-0.6718699713960491,-0.061183211067342896,Loosening,Trough,Trough,,,
2016-01-31,CAN,-0.09384453410323303,0.5305636815256826,0.21835957371122477,0.0023579784880622674,0.1463590419701706,Loosening,Loosening,Loosening,,,
2016-02-29,CAN,-0.14809353015474153,0.3037521487681114,0.07782930930668494,0.0023579784880622674,0.052672199033810714,Peak,Loosening,Loosening,,,
2016-03-31,CAN,-0.12371553804534757,0.2533986436158012,0.06484155278522682,0.0023579784880622674,0.04401369468617197,Peak,Loosening,Loosening,,,
2016-04-30,CAN,-0.16368581815557465,0.24617957806776625,0.0412468799560958,0.0023579784880622674,0.02828391280008462,Peak,Loosening,Loosening,,,
2016-05-31,CAN,-0.12694432746384,0.2444096967756272,0.05873268465589361,0.0023579784880622674,0.039941115933283165,Peak,Loosening,Loosening,,,
2016-06-30,CAN,-0.12905607487285137,0.29355965842049153,0.08225179177382008,0.0023579784880622674,0.05562052067856748,Peak,Loosening,Loosening,,,
2016-07-31,CAN,-0.03292658201967689,0.1316906387456661,0.049382028362994615,0.0023579784880622674,0.0337073450713505,Peak,Loosening,Peak,,,
2016-08-31,CAN,-0.10153731077926685,0.05726291724189927,-0.02213719676868379,0.0023579784880622674,-0.013972138349768437,Tightening,Loosening,Tightening,,,
2016-09-30,CAN,-0.20054436354422506,0.14990888388637738,-0.025317739828923838,0.0023579784880622674,-0.01609250038992847,Tightening,Loosening,Tightening,,,
2016-10-31,CAN,-0.2240422910597454,0.16383182704039947,-0.030105232009672966,0.0023579784880622674,-0.01928416184376122,Tightening,Loosening,Tightening,,,
2016-11-30,CAN,-0.20262617461676807,-0.028044837343053925,-0.115335505979911,0.0023579784880622674,-0.07610434449058658,Tightening,Loosening,Tightening,,,
2016-12-31,CAN,-0.3616427492559446,0.02696928042973737,-0.1673367344131036,0.0023579784880622674,-0.11077183011271498,Tightening,Loosening,Tightening,,,
2017-01-31,CAN,-0.22390108442740372,0.1805544984452306,-0.021673292991086557,0.36202590810021196,0.10622644070601296,Tightening,Loosening,Loosening,,,
2017-02-28,CAN,-0.17002912191177735,0.17368645240224614,0.0018286652452343954,0.36202590810021196,0.12189441286356026,Loosening,Loosening,Loosening,,,
2017-03-31,CAN,-0.272014764465784,0.023094850010279926,-0.12445995722775204,0.36202590810021196,0.03770199788156932,Tightening,Loosening,Loosening,,,
2017-04-30,CAN,-0.26201036362652724,0.06267643524376887,-0.09966696419137919,0.36202590810021196,0.05423065990581788,Tightening,Loosening,Loosening,,,
2017-05-31,CAN,-0.2850109832582337,-0.017771304262427085,-0.1513911437603304,0.36202590810021196,0.01974787352651708,Tightening,Loosening,Loosening,,,
2017-06-30,CAN,-0.19123351269598995,-0.39594375662105846,-0.2935886346585242,0.36202590810021196,-0.07505045373894546,Tightening,Loosening,Trough,,,
2017-07-31,CAN,-0.2565978695514097,-0.49823921591452325,-0.3774185427329665,0.36202590810021196,-0.130937059121907,Tightening,Loosening,Tightening,,,
2017-08-31,CAN,-0.21691488131249131,-0.39770703501008997,-0.3073109581612906,0.36202590810021196,-0.08419866940745639,Tightening,Loosening,Tightening,,,
2017-09-30,CAN,-0.18592434771495148,-0.5207994286572808,-0.35336188818611614,0.36202590810021196,-0.11489928942400675,Tightening,Loosening,Tightening,,,
2017-10-31,CAN,-0.1853874004913044,-0.4905509376517517,-0.337969169071528,0.36202590810021196,-0.10463747668094801,Tightening,Loosening,Tightening,,,
2017-11-30,CAN,-0.1864205582531955,-0.2600836985985664,-0.22325212842588094,0.36202590810021196,-0.028159449583849958,Tightening,Loosening,Tightening,,,
2017-12-31,CAN,-0.24860452513305936,-0.522591551911855,-0.3855980385224572,0.36202590810021196,-0.1363900563149008,Tightening,Loosening,Tightening,,,
2018-01-31,CAN,-0.27306469788713233,-0.7102271417006416,-0.49164591979388694,-0.2794543232892241,-0.420915387625666,Tightening,Tightening,Tightening,,,
2018-02-28,CAN,-0.270508003121993,-0.48004213281428837,-0.3752750679681407,-0.2794543232892241,-0.34333481974183516,Tightening,Tightening,Tightening,,,
2018-03-31,CAN,-0.23392506505157004,-0.40140220818014516,-0.3176636366158576,-0.2794543232892241,-0.3049271988403131,Trough,Tightening,Tightening,,,
2018-04-30,CAN,-0.2634441076156992,-0.527708916559582,-0.39557651208764055,-0.2794543232892241,-0.3568691158215017,Tightening,Tightening,Tightening,,,
2018-05-31,CAN,-0.2581722450028844,-0.530234712172515,-0.3942034785876997,-0.2794543232892241,-0.3559537601548745,Tightening,Tightening,Tightening,,,
2018-06-30,CAN,-0.37180278388981686,-0.42400354107186766,-0.39790316248084223,-0.2794543232892241,-0.35842021608363617,Tightening,Tightening,Tightening,,,
2018-07-31,CAN,-0.3897149255859978,-0.21486515854130017,-0.30229004206364896,-0.2794543232892241,-0.29467813580550734,Trough,Trough,Trough,,,
2018-08-31,CAN,-0.25657019245154095,-0.2735531847132882,-0.2650616885824146,-0.2794543232892241,-0.26985923348468444,Trough,Trough,Trough,,,
2018-09-30,CAN,-0.25911880575086055,-0.5846536597460061,-0.42188623274843334,-0.2794543232892241,-0.3744089295953636,Tightening,Trough,Tightening,,,
2018-10-31,CAN,-0.2816544716384097,-0.5723195708031834,-0.42698702122079657,-0.2794543232892241,-0.37780945524360576,Tightening,Trough,Tightening,,,
2018-11-30,CAN,-0.31491987900918517,-0.7880682591246359,-0.5514940690669106,-0.2794543232892241,-0.46081415380768176,Tightening,Trough,Tightening,,,
2018-12-31,CAN,-0.12359040081224029,-0.39488417285013394,-0.25923728683118713,-0.2794543232892241,-0.2659762989838661,Trough,Trough,Trough,,,
2019-01-31,CAN,-0.2654702101268594,-0.4828670374281126,-0.374168623777486,0.49423599726748235,-0.08470041676249651,Tightening,Loosening,Trough,,,
2019-02-28,CAN,-0.2538548358310924,-0.45497006697051684,-0.35441245140080463,0.49423599726748235,-0.07152963517804226,Tightening,Loosening,Trough,,,
2019-03-31,CAN,-0.16432568975518677,-0.09793969014650676,-0.13113268995084676,0.49423599726748235,0.07732353912192964,Trough,Loosening,Loosening,,,
2019-04-30,CAN,-0.18896345639953635,-0.04769996189933878,-0.11833170914943757,0.49423599726748235,0.08585752632286911,Trough,Loosening,Loosening,,,
2019-05-31,CAN,-0.22198842990051615,0.2188493969850245,-0.0015695164577458204,0.49423599726748235,0.16369898811733027,Trough,Loosening,Loosening,,,
2019-06-30,CAN,-0.15670151570467675,-0.006614243868744651,-0.0816578797867107,0.49423599726748235,0.11030674589802035,Trough,Loosening,Loosening,,,
2019-07-31,CAN,-0.2488948821900011,0.036900858015454695,-0.1059970120872732,0.49423599726748235,0.09408065769764534,Trough,Loosening,Loosening,,,
2019-08-31,CAN,-0.21908159666664898,0.14979426143992422,-0.03464366761336238,0.49423599726748235,0.1416495540135859,Trough,Loosening,Loosening,,,
2019-09-30,CAN,-0.37245743164425876,-0.094130496534138,-0.2332939640891984,0.49423599726748235,0.009216023029695236,Tightening,Loosening,Peak,,,
2019-10-31,CAN,-0.2222574151285287,0.13985901113960184,-0.04119920199446343,0.49423599726748235,0.13727919775951852,Trough,Loosening,Loosening,,,
2019-11-30,CAN,-0.12493086074843318,0.26834199792260227,0.07170556858708454,0.49423599726748235,0.21254904481388384,Loosening,Loosening,Loosening,,,
2019-12-31,CAN,-0.37826415186233264,0.22843943904357777,-0.07491235640937743,0.49423599726748235,0.11480376148290919,Trough,Loosening,Loosening,,,
2020-01-31,CAN,-0.19378932633763424,0.5418174173340816,0.1740140454982237,2.7989184883369025,1.0489821931111167,Loosening,Loosening,Loosening,,,
2020-02-29,CAN,0.07701112705813161,0.6767291491079553,0.3768701380830435,2.7989184883369025,1.1842195881676632,Loosening,Loosening,Loosening,,,
2020-03-31,CAN,2.6958370596628383,1.3788343190055146,2.0373356893341765,2.7989184883369025,2.291196622335085,Loosening,Loosening,Loosening,,,
2020-04-30,CAN,9.61640448880445,0.8158897377708172,5.216147113287634,2.7989184883369025,4.410404238304057,Loosening,Loosening,Loosening,,,
2020-05-31,CAN,8.176850893147863,0.691301656509832,4.434076274828848,2.7989184883369025,3.8890236793315327,Loosening,Loosening,Loosening,,,
2020-06-30,CAN,7.1512171137256075,1.1374972747322651,4.144357194228936,2.7989184883369025,3.6958776255982584,Loosening,Loosening,Loosening,,,
2020-07-31,CAN,6.118934182788489,0.8383734001951724,3.4786537914918307,2.7989184883369025,3.252075357106855,Loosening,Loosening,Loosening,,,
2020-08-31,CAN,5.238300742091576,0.7651596130413482,3.001730177566462,2.7989184883369025,2.934126281156609,Loosening,Loosening,Loosening,,,
2020-09-30,CAN,4.7173244432020285,0.9413609833674609,2.8293427132847446,2.7989184883369025,2.8192013049687974,Loosening,Loosening,Loosening,,,
2020-10-31,CAN,4.172254958095734,0.9637353535555365,2.5679951558256353,2.7989184883369025,2.644969599996058,Peak,Loosening,Peak,,,
2020-11-30,CAN,3.9323014256297455,1.0859469455517365,2.509124185590741,2.7989184883369025,2.6057222865061282,Peak,Loosening,Peak,,,
2020-12-31,CAN,3.7252797652875302,0.9997597820830056,2.362519773685268,2.7989184883369025,2.5079860119024797,Peak,Loosening,Peak,,,
2021-01-31,CAN,3.614011149647919,1.1761084000349753,2.3950597748414473,-1.6357788838889968,1.0514468885979658,Peak,Tightening,Peak,,,
2021-02-28,CAN,3.4052420790862645,0.9994794883734713,2.2023607837298678,-1.6357788838889968,0.9229808945235795,Peak,Tightening,Peak,,,
2021-03-31,CAN,2.1830925545130277,0.8058858990839791,1.4944892267985035,-1.6357788838889968,0.45106652323600327,Peak,Tightening,Peak,,,
2021-04-30,CAN,-0.1573570170003891,1.2659925516251322,0.5543177673123716,-1.6357788838889968,-0.17571444975475126,Peak,Tightening,Tightening,,,
2021-05-31,CAN,-0.38407426935939915,1.296998277047012,0.4564620038438065,-1.6357788838889968,-0.24095162540046133,Peak,Tightening,Tightening,,,
2021-06-30,CAN,-0.4926593210849114,0.828946078647943,0.1681433787815158,-1.6357788838889968,-0.4331640421086551,Peak,Tightening,Tightening,,,
2021-07-31,CAN,-0.5171220973296061,1.0618896115343277,0.2723837571023608,-1.6357788838889968,-0.36367045656142516,Peak,Trough,Tightening,,,
2021-08-31,CAN,-0.5055084614007311,1.1710641685167482,0.33277785355800854,-1.6357788838889968,-0.3234077255909933,Peak,Trough,Tightening,,,
2021-09-30,CAN,-0.4796254577115084,1.0733630817137627,0.29686881200112714,-1.6357788838889968,-0.3473470866289142,Peak,Trough,Tightening,,,
2021-10-31,CAN,-0.4565966520953332,0.3786723596389465,-0.03896214622819333,-1.6357788838889968,-0.5712343921151278,Tightening,Trough,Tightening,,,
2021-11-30,CAN,-0.4773474793719808,0.4690763738602686,-0.004135552755856087,-1.6357788838889968,-0.5480166631335697,Tightening,Trough,Tightening,,,
2021-12-31,CAN,-0.49665037898084946,0.47056342449357497,-0.013043477243637247,-1.6357788838889968,-0.5539552794587571,Tightening,Trough,Tightening,,,
2022-01-31,CAN,-0.5109243538211543,0.1387309429862357,-0.18609670541745932,-0.7628215681246211,-0.3783383263198466,Tightening,Trough,Tightening,,,
2022-02-28,CAN,-0.5398365693495156,0.0836718200817687,-0.22808237463387346,-0.7628215681246211,-0.4063287724641227,Tightening,Trough,Tightening,,,
2022-03-31,CAN,-0.5194902055650327,-0.4167288070127464,-0.46810950628888953,-0.7628215681246211,-0.5663468602341334,Tightening,Trough,Tightening,,,
2022-04-30,CAN,-0.397993118702401,-0.6340543015098644,-0.5160237101061327,-0.7628215681246211,-0.5982896627789622,Tightening,Trough,Tightening,,,
2022-05-31,CAN,-0.4209995851168889,-0.43128765345459597,-0.4261436192857424,-0.7628215681246211,-0.5383696022320353,Tightening,Trough,Trough,,,
2022-06-30,CAN,-0.4460369965397678,-0.674351124436592,-0.5601940604881799,-0.7628215681246211,-0.6277365630336603,Tightening,Trough,Tightening,,,
2022-07-31,CAN,-0.4635679366978774,-0.585900224584338,-0.5247340806411077,-0.7628215681246211,-0.6040965764689455,Tightening,Trough,Tightening,,,
2022-08-31,CAN,-0.4968975182472347,-1.1940922209928588,-0.8454948696200468,-0.7628215681246211,-0.8179371024549049,Tightening,Trough,Tightening,,,
2022-09-30,CAN,-0.5167836810466289,-1.15823539242727,-0.8375095367369494,-0.7628215681246211,-0.8126135471995066,Tightening,Trough,Tightening,,,
2022-10-31,CAN,-0.5295480223601785,-1.0465964381936137,-0.7880722302768961,-0.7628215681246211,-0.7796553428928045,Tightening,Trough,Tightening,,,
2022-11-30,CAN,-0.5476889314051363,-0.9264608777862119,-0.7370749045956742,-0.7628215681246211,-0.7456571257719898,Tightening,Trough,Tightening,,,
2022-12-31,CAN,-0.5526929852384953,-0.931828361376528,-0.7422606733075117,-0.7628215681246211,-0.7491143049132148,Tightening,Trough,Tightening,,,
2023-01-31,CAN,-0.5535227991645926,-0.6155270645900828,-0.5845249318773377,0.004585873765365211,-0.38815466332977,Tightening,Loosening,Trough,,,
2023-02-28,CAN,-0.5708775613079577,-1.0124737087644855,-0.7916756350362216,0.004585873765365211,-0.5262551321023593,Trough,Loosening,Trough,,,
2023-03-31,CAN,-0.5763728516004792,-0.7127223531084979,-0.6445476023544885,0.004585873765365211,-0.4281697769812039,Trough,Loosening,Trough,,,
2023-04-30,CAN,-0.566908248769772,-0.45294048145026267,-0.5099243651100174,0.004585873765365211,-0.3384209521515565,Trough,Loosening,Trough,,,
2023-05-31,CAN,-0.5705890259955614,-1.0612256594320637,-0.8159073427138126,0.004585873765365211,-0.54240960388742,Tightening,Loosening,Trough,,,
2023-06-30,CAN,-0.566042314376661,-1.2007868262497372,-0.883414570313199,0.004585873765365211,-0.5874144222870109,Tightening,Loosening,Trough,,,
2023-07-31,CAN,-0.5596750498290025,-0.8157595770113248,-0.6877173134201637,0.004585873765365211,-0.4569495843583207,Tightening,Loosening,Tightening,,,
2023-08-31,CAN,-0.5459313777756436,-0.6337547233250761,-0.5898430505503598,0.004585873765365211,-0.3917000757784514,Trough,Loosening,Trough,,,
2023-09-30,CAN,-0.5861592427575724,-0.6351037449055829,-0.6106314938315776,0.004585873765365211,-0.4055590379659299,Trough,Loosening,Trough,,,
2023-10-31,CAN,-0.5812670322075723,-0.4548345983728969,-0.5180508152902346,0.004585873765365211,-0.3438385856050346,Tightening,Loosening,Tightening,,,
2023-11-30,CAN,-0.5562923916350829,-0.14623397276433167,-0.3512631821997073,0.004585873765365211,-0.2326468302113498,Trough,Loosening,Trough,,,
2023-12-31,CAN,-0.5515473250343014,0.24553700230772466,-0.15300516136328834,0.004585873765365211,-0.10047481632040382,Trough,Loosening,Trough,,,
2024-01-31,CAN,-0.5356764243724694,0.11495380305864877,-0.21036131065691033,0.43730349722908024,0.005526958638419899,Trough,Loosening,Loosening,,,
2024-02-29,CAN,-0.5202362135598109,-0.022969452467320444,-0.27160283301356564,0.43730349722908024,-0.03530072293268366,Trough,Loosening,Trough,,,
2024-03-31,CAN,-0.5118220003756598,0.0038522683010766556,-0.2539848660372916,0.43730349722908024,-0.02355541161516761,Trough,Loosening,Trough,,,
2024-04-30,CAN,-0.5669312964508337,-0.14137594393675731,-0.35415362019379554,0.43730349722908024,-0.09033458105283693,Trough,Loosening,Trough,,,
2024-05-31,CAN,-0.5333094043145584,0.0032777903516898466,-0.2650158069814343,0.43730349722908024,-0.030909372244596084,Trough,Loosening,Trough,,,
2024-06-30,CAN,-0.5404587371062672,0.10084724021415521,-0.21980574844605602,0.43730349722908024,-0.0007693332210105819,Tightening,Loosening,Trough,,,
2024-07-31,CAN,-0.4943729115954377,0.4196094844052925,-0.03738171359507261,0.43730349722908024,0.12084669001297836,Trough,Loosening,Loosening,,,
2024-08-31,CAN,-0.4722986726323228,0.3874122892817642,-0.042443191675279296,0.43730349722908024,0.11747237129284058,Trough,Loosening,Loosening,,,
2024-09-30,CAN,-0.4392877257348706,0.5269565126346282,0.04383439344987877,0.43730349722908024,0.17499076137627928,Loosening,Loosening,Loosening,,,
2024-10-31,CAN,-0.43262489175866115,0.4120219111896142,-0.010301490284523485,0.43730349722908024,0.1389001722200111,Trough,Loosening,Loosening,,,
2024-11-30,CAN,-0.44803340623983307,0.415035278180077,-0.016499064029878024,0.43730349722908024,0.13476845638977475,Trough,Loosening,Loosening,,,
2024-12-31,CAN,-0.41125318238455505,0.37241950098148885,-0.0194168407015331,0.43730349722908024,0.1328232719420047,Trough,Loosening,Loosening,,,
2025-01-31,CAN,-0.40662988039499776,0.49295307933434346,0.04316159946967285,-0.09925567316770965,-0.004310824742787989,Loosening,Tightening,Tightening,,,
2025-02-28,CAN,-0.46837275541540707,0.6606763233042326,0.09615178394441279,-0.09925567316770965,0.031015964907038632,Loosening,Tightening,Peak,,,
2025-03-31,CAN,-0.47411091014399054,0.6159322641261133,0.0709106769910614,-0.09925567316770965,0.014188560271471043,Loosening,Tightening,Peak,,,
2025-04-30,CAN,-0.4052690308216865,0.5026624531557655,0.0486967111670395,-0.09925567316770965,-0.0006207502778768914,Loosening,Tightening,Tightening,,,
2025-05-31,CAN,-0.39697176529750017,0.4214275588084598,0.012227896755479806,-0.09925567316770965,-0.024933293218916686,Loosening,Tightening,Tightening,,,
2025-06-30,CAN,-0.38896704735670046,0.3761395929740783,-0.006413727191311086,-0.09925567316770965,-0.03736104251677728,Trough,Tightening,Tightening,,,
2025-07-31,CAN,-0.43436803364151483,0.19387777800970526,-0.12024512781590478,-0.09925567316770965,-0.11324864293317308,Tightening,Trough,Tightening,,,
2025-08-31,CAN,-0.43102913855341196,0.28199533731226806,-0.07451690062057195,-0.09925567316770965,-0.08276315813628451,Tightening,Trough,Tightening,,,
2025-09-30,CAN,-0.4713822826602442,0.354878044266183,-0.05825211919703058,-0.09925567316770965,-0.07191997052059027,Tightening,Trough,Tightening,,,
2025-10-31,CAN,-0.43972801155984137,0.19814215843955676,-0.1207929265601423,-0.09925567316770965,-0.11361384209599809,Tightening,Trough,Tightening,,,
2025-11-30,CAN,-0.3915809178818493,0.20008180389044683,-0.09574955699570123,-0.09925567316770965,-0.0969182623863707,Tightening,Trough,Tightening,,,
2025-12-31,CAN,-0.41771005895357155,0.009421782535350661,-0.20414413820911045,-0.09925567316770965,-0.16918131652864352,Tightening,Trough,Tightening,,,
2026-01-31,CAN,-0.45971566433032124,-0.04402294710678517,-0.2518693057185532,0.036417356065828126,-0.1557737517904261,Tightening,Loosening,Tightening,,,
2026-02-28,CAN,-0.36586838868811017,-0.028182370736483737,-0.19702537971229694,0.036417356065828126,-0.1192111344529219,Tightening,Loosening,Tightening,,,
2026-03-31,CAN,-0.34662430438417546,-0.23246170810642455,-0.2895430062453,0.036417356065828126,-0.1808895521415906,Tightening,Loosening,Tightening,,,
2026-04-30,CAN,-0.35887903924892794,-0.23842024224072447,-0.2986496407448262,0.036417356065828126,-0.18696064180794142,Tightening,Loosening,Tightening,,,
2026-05-31,CAN,-0.3708150489374425,-0.0590712450469398,-0.21494314699219114,0.036417356065828126,-0.13115631263951805,Tightening,Loosening,Tightening,,,
2026-06-30,CAN,-0.3785800404869913,-0.1092394293220235,-0.2439097349045074,0.036417356065828126,-0.15046737124772888,Tightening,Loosening,Trough,,,
2026-07-31,CAN,-0.3519439052280029,-0.16526471443526033,-0.25860430983163163,0.036417356065828126,-0.16026375453247838,Tightening,Loosening,Tightening,,,
2026-08-31,CAN,-0.32447871440118237,-0.21841488732147732,-0.27144680086132983,0.036417356065828126,-0.16882541521894384,Tightening,Loosening,Tightening,,,
2026-09-30,CAN,-0.27468132818644353,-0.4354784659279524,-0.355079897057198,0.036417356065828126,-0.22458081268285596,Tightening,Loosening,Tightening,,,
2003-12-31,DEU,,1.671527994622152,1.671527994622152,-0.38918977180457087,0.984622072479911,,Trough,,,,
2004-01-31,DEU,,1.3990861293290862,1.3990861293290862,-0.11312637162889329,0.8950152956764263,,Trough,,,,
2004-02-29,DEU,,1.1607704786908182,1.1607704786908182,-0.11312637162889329,0.7361381952509144,,Trough,,,,
2004-03-31,DEU,,1.2261899434543273,1.2261899434543273,-0.11312637162889329,0.7797511717599205,,Trough,,,,
2004-04-30,DEU,,1.624680973279658,1.624680973279658,-0.11312637162889329,1.0454118583101408,,Trough,,,,
2004-05-31,DEU,,2.028254295814101,2.028254295814101,-0.11312637162889329,1.3144607399997696,,Trough,,,,
2004-06-30,DEU,,1.8854543146215934,1.8854543146215934,-0.11312637162889329,1.2192607525380976,Loosening,Trough,Loosening,,,
2004-07-31,DEU,,1.75169345943424,1.75169345943424,-0.11312637162889329,1.1300868490798621,Loosening,Trough,Loosening,,,
2004-08-31,DEU,,1.7462240267157318,1.7462240267157318,-0.11312637162889329,1.1264405606008567,Loosening,Trough,Loosening,,,
2004-09-30,DEU,,1.4271209041879829,1.4271209041879829,-0.11312637162889329,0.9137051455823575,Loosening,Trough,Loosening,,,
2004-10-31,DEU,,1.6640487274530038,1.6640487274530038,-0.11312637162889329,1.071657027759038,Loosening,Trough,Loosening,,,
2004-11-30,DEU,,1.5105550868491577,1.5105550868491577,-0.11312637162889329,0.9693279340231408,Peak,Trough,Peak,,,
2004-12-31,DEU,0.29832062388188607,0.7118350610611865,0.5050778424715363,-0.11312637162889329,0.29900977110472643,Peak,Trough,Peak,,,
2005-01-31,DEU,0.7011338732168193,0.47411410969167855,0.5876239914542489,0.18258629562881282,0.45261142617910355,Peak,Loosening,Peak,,,
2005-02-28,DEU,1.0495638422920448,0.543356445302234,0.7964601437971395,0.18258629562881282,0.5918355277410305,Peak,Loosening,Peak,,,
2005-03-31,DEU,1.1324605374636105,0.5868921304622138,0.8596763339629121,0.18258629562881282,0.6339796545182124,Peak,Loosening,Peak,,,
2005-04-30,DEU,0.7989858815148473,0.5407132767990457,0.6698495791569465,0.18258629562881282,0.5074284846475686,Peak,Loosening,Peak,,,
2005-05-31,DEU,0.4069993725384913,0.47483562257201756,0.44091749755525445,0.18258629562881282,0.35480709691310724,Peak,Loosening,Peak,,,
2005-06-30,DEU,0.5669317986914327,0.49097101777281804,0.5289514082321254,0.18258629562881282,0.41349637069768785,Loosening,Loosening,Loosening,,,
2005-07-31,DEU,1.286333554942698,0.5453217505106671,0.9158276527266825,0.18258629562881282,0.6714138670273926,Loosening,Loosening,Loosening,,,
2005-08-31,DEU,1.2205526416596697,0.5577134929926918,0.8891330673261808,0.18258629562881282,0.6536174767603915,Loosening,Loosening,Loosening,,,
2005-09-30,DEU,1.1877115267456704,0.7613206620060939,0.9745160943758822,0.18258629562881282,0.7105394947935257,Loosening,Loosening,Loosening,,,
2005-10-31,DEU,1.142392813948061,0.6704638220056125,0.9064283179768368,0.18258629562881282,0.6651476438608288,Loosening,Loosening,Loosening,,,
2005-11-30,DEU,1.2531571216429043,0.5782838630486934,0.9157204923457989,0.18258629562881282,0.6713424267734702,Loosening,Loosening,Loosening,,,
2005-12-31,DEU,1.8496073666144832,0.28375382702661317,1.0666805968205482,0.18258629562881282,0.7719824964233031,Loosening,Loosening,Loosening,,,
2006-01-31,DEU,1.8675042324448579,0.39159497629632056,1.1295496043705893,-0.5030948163802708,0.5853347974536359,Loosening,Tightening,Peak,,,
2006-02-28,DEU,1.585416648467526,0.33469314692402735,0.9600548976957767,-0.5030948163802708,0.47233832633709416,Loosening,Tightening,Peak,,,
2006-03-31,DEU,1.3999608675312254,-0.00847479274341889,0.6957430373939033,-0.5030948163802708,0.2961304194691786,Peak,Tightening,Peak,,,
2006-04-30,DEU,1.4272928093059156,0.1194416107185004,0.773367210012208,-0.5030948163802708,0.3478798678813817,Peak,Tightening,Peak,,,
2006-05-31,DEU,1.5693311791376858,0.14980942826769184,0.8595703037026888,-0.5030948163802708,0.4053485970083689,Peak,Tightening,Peak,,,
2006-06-30,DEU,1.2779465705216806,-0.1278144052849146,0.575066082618383,-0.5030948163802708,0.21567911628549838,Peak,Tightening,Peak,,,
2006-07-31,DEU,1.0105547356751452,-0.12981103670408123,0.440371849485532,-0.5030948163802708,0.1258829608635977,Peak,Trough,Peak,,,
2006-08-31,DEU,0.8553063193643521,-0.47076375746383387,0.1922712809502591,-0.5030948163802708,-0.03951741815991755,Peak,Trough,Tightening,,,
2006-09-30,DEU,0.861087223119683,-0.7447093738156221,0.05818892465203046,-0.5030948163802708,-0.12890565569206996,Peak,Trough,Tightening,,,
2006-10-31,DEU,0.7404778448966003,-1.0839478621862606,-0.17173500864483016,-0.5030948163802708,-0.282188277889977,Tightening,Trough,Tightening,,,
2006-11-30,DEU,0.7234056303192425,-0.9338139736828606,-0.10520417168180901,-0.5030948163802708,-0.2378343865812963,Tightening,Trough,Tightening,,,
2006-12-31,DEU,0.63983054905787,-1.0243094985425252,-0.1922394747423276,-0.5030948163802708,-0.29585792195497534,Tightening,Trough,Tightening,,,
2007-01-31,DEU,0.34006338868912694,-1.047929541464628,-0.3539330763877505,-1.0653507429596534,-0.5910722985783848,Tightening,Tightening,Tightening,,,
2007-02-28,DEU,0.25692992371657036,-1.032070980516163,-0.38757052839979633,-1.0653507429596534,-0.6134972665864153,Tightening,Tightening,Tightening,,,
2007-03-31,DEU,0.3514684025829867,-1.1073495964043019,-0.37794059691065757,-1.0653507429596534,-0.6070773122603228,Tightening,Tightening,Tightening,,,
2007-04-30,DEU,0.34440260707479714,-1.1123599132919548,-0.3839786531085788,-1.0653507429596534,-0.611102683058937,Tightening,Tightening,Tightening,,,
2007-05-31,DEU,0.43288884846887027,-1.1189873494563622,-0.343049250493746,-1.0653507429596534,-0.5838164146490485,Tightening,Tightening,Tightening,,,
2007-06-30,DEU,0.29781851170770635,-1.222357068751355,-0.4622692785218243,-1.0653507429596534,-0.663296433334434,Tightening,Tightening,Tightening,,,
2007-07-31,DEU,0.12904737514848563,-1.2789500738073507,-0.5749513493294325,-1.0653507429596534,-0.7384178138728394,Tightening,Trough,Tightening,,,
2007-08-31,DEU,-0.38907377194929876,-1.1462047921554546,-0.7676392820523766,-1.0653507429596534,-0.8668764356881355,Tightening,Trough,Tightening,,,
2007-09-30,DEU,0.7806533813357311,-0.9353737272746423,-0.07736017296945558,-1.0653507429596534,-0.4066903629661882,Trough,Trough,Trough,,,
2007-10-31,DEU,0.9415570242348394,-0.5768745591204268,0.1823412325572063,-1.0653507429596534,-0.2335560926150803,Loosening,Trough,Trough,,,
2007-11-30,DEU,1.1575014235309846,-0.3036077946568402,0.4269468144370722,-1.0653507429596534,-0.07048570469516974,Loosening,Trough,Trough,,,
2007-12-31,DEU,3.437059788348819,-0.17158910123730275,1.6327353435557583,-1.0653507429596534,0.7333733147172876,Loosening,Trough,Loosening,,,
2008-01-31,DEU,1.3202516489805391,-0.09809001297159883,0.6110808180044701,0.6687085518775452,0.6302900626288285,Loosening,Loosening,Loosening,,,
2008-02-29,DEU,1.2614520384955006,-0.05588737145990488,0.6027823335177979,0.6687085518775452,0.6247577396377136,Loosening,Loosening,Loosening,,,
2008-03-31,DEU,1.7087003223949961,0.24505795217153556,0.9768791372832658,0.6687085518775452,0.8741556088146922,Loosening,Loosening,Loosening,,,
2008-04-30,DEU,1.660585965683807,0.063524793977418,0.8620553798306124,0.6687085518775452,0.7976064371795899,Loosening,Loosening,Loosening,,,
2008-05-31,DEU,1.6805081771862256,0.2847953516009648,0.9826517643935953,0.6687085518775452,0.8780040268882452,Loosening,Loosening,Loosening,,,
2008-06-30,DEU,1.797937705274638,0.5708727451797785,1.1844052252272081,0.6687085518775452,1.0125063341106537,Peak,Loosening,Loosening,,,
2008-07-31,DEU,1.582841804343211,0.36319608205864373,0.9730189432009274,0.6687085518775452,0.8715821460931332,Loosening,Loosening,Loosening,,,
2008-08-31,DEU,2.2559479468383117,0.23131184863466533,1.2436298977364886,0.6687085518775452,1.0519894491168407,Loosening,Loosening,Loosening,,,
2008-09-30,DEU,1.7298279203798859,0.1291894693847093,0.9295086948822976,0.6687085518775452,0.8425753138807135,Peak,Loosening,Peak,,,
2008-10-31,DEU,5.665250310270246,0.39214115263501426,3.0286957314526304,0.6687085518775452,2.242033338260935,Loosening,Loosening,Loosening,,,
2008-11-30,DEU,4.309217251331255,0.3530564803519292,2.331136865841592,0.6687085518775452,1.776994094520243,Loosening,Loosening,Loosening,,,
2008-12-31,DEU,2.5025484559362745,0.8613503913624031,1.6819494236493389,0.6687085518775452,1.3442024663920742,Loosening,Loosening,Loosening,,,
2009-01-31,DEU,3.0553449099115544,1.1039387467666424,2.0796418283390983,-0.293818205900333,1.2884884835926211,Loosening,Tightening,Loosening,,,
2009-02-28,DEU,2.385501058052837,1.0970926119608133,1.7412968350068252,-0.293818205900333,1.0629251547044392,Loosening,Tightening,Loosening,,,
2009-03-31,DEU,1.7605391659550307,1.2449476528003232,1.5027434093776768,-0.293818205900333,0.9038895376183402,Loosening,Tightening,Loosening,,,
2009-04-30,DEU,1.737063110226816,1.4811291414812346,1.6090961258540253,-0.293818205900333,0.9747913486025725,Peak,Tightening,Peak,,,
2009-05-31,DEU,1.4245875338762024,1.3513104123402992,1.3879489731082508,-0.293818205900333,0.8273599134387228,Peak,Tightening,Peak,,,
2009-06-30,DEU,2.2552970621394763,1.189690053731044,1.7224935579352603,-0.293818205900333,1.0503896366567291,Loosening,Tightening,Peak,,,
2009-07-31,DEU,1.4740376943299147,0.9429055650365588,1.2084716296832367,-0.293818205900333,0.7077083511553801,Peak,Trough,Peak,,,
2009-08-31,DEU,1.2776816527562,0.6090531025262421,0.943367377641221,-0.293818205900333,0.5309721831273697,Peak,Trough,Peak,,,
2009-09-30,DEU,0.6030043762285789,0.6156171684320678,0.6093107723303234,-0.293818205900333,0.3082677795867712,Peak,Trough,Peak,,,
2009-10-31,DEU,-1.9722850798974159,0.4706189304633095,-0.7508330747170532,-0.293818205900333,-0.5984947851114797,Tightening,Trough,Tightening,,,
2009-11-30,DEU,-1.825653104073782,0.6232608355900813,-0.6011961342418504,-0.293818205900333,-0.49873682479467785,Tightening,Trough,Tightening,,,
2009-12-31,DEU,-1.6505879966444137,0.5579593216033777,-0.546314337520518,-0.293818205900333,-0.4621489603137896,Tightening,Trough,Tightening,,,
2010-01-31,DEU,-0.9835855278288274,0.529036555962218,-0.22727448593330468,2.136173894625832,0.560541640919741,Tightening,Loosening,Peak,,,
2010-02-28,DEU,-0.5363278251409427,0.6535460171846893,0.05860909602187331,2.136173894625832,0.7511306955565262,Peak,Loosening,Loosening,,,
2010-03-31,DEU,-0.42251759990732485,0.7671889907521523,0.17233569542241373,2.136173894625832,0.8269484284902199,Peak,Loosening,Loosening,,,
2010-04-30,DEU,-0.23665408524824158,0.742282971864261,0.2528144433080097,2.136173894625832,0.8806009270806172,Loosening,Loosening,Loosening,,,
2010-05-31,DEU,0.48874281909212275,1.0256024138696456,0.7571726164808842,2.136173894625832,1.2168397091958667,Loosening,Loosening,Loosening,,,
2010-06-30,DEU,-0.18662516266682055,0.8267932769601029,0.3200840571466411,2.136173894625832,0.9254473363063714,Loosening,Loosening,Loosening,,,
2010-07-31,DEU,-0.17791516724214376,0.7588017221141782,0.2904432774360172,2.136173894625832,0.9056868164992888,Loosening,Loosening,Loosening,,,
2010-08-31,DEU,-0.21556312053230686,0.875896848628065,0.3301668640478791,2.136173894625832,0.9321692075738635,Loosening,Loosening,Loosening,,,
2010-09-30,DEU,0.004759421063677214,0.7502287897630904,0.3774941054133838,2.136173894625832,0.9637207018175332,Loosening,Loosening,Loosening,,,
2010-10-31,DEU,-0.2885374439590272,0.6306140505730169,0.17103830330699485,2.136173894625832,0.8260835004132739,Peak,Loosening,Peak,,,
2010-11-30,DEU,-0.0904967130576057,0.6709286650051158,0.29021597597375504,2.136173894625832,0.905535282191114,Peak,Loosening,Peak,,,
2010-12-31,DEU,-0.1525354369049966,0.805286079715521,0.3263753214052622,2.136173894625832,0.9296415124787856,Loosening,Loosening,Loosening,,,
2011-01-31,DEU,-0.4416108022837878,0.3867571204668531,-0.027426840908467337,-1.55335275564965,-0.5360688124888616,Tightening,Tightening,Tightening,,,
2011-02-28,DEU,-0.5437926326064438,0.38723020896458604,-0.0782812118209289,-1.55335275564965,-0.5699717264305026,Tightening,Tightening,Tightening,,,
2011-03-31,DEU,-0.6702485023729523,0.26343691237646216,-0.20340579499824507,-1.55335275564965,-0.6533881152153801,Tightening,Tightening,Tightening,,,
2011-04-30,DEU,-1.0696987599049232,0.26986537912829034,-0.39991669038831645,-1.55335275564965,-0.784395378808761,Tightening,Tightening,Tightening,,,
2011-05-31,DEU,-1.5235723608973335,0.3592808611805083,-0.5821457498584126,-1.55335275564965,-0.9058814184554917,Tightening,Tightening,Tightening,,,
2011-06-30,DEU,-1.456361775832552,0.3536132504867091,-0.5513742626729214,-1.55335275564965,-0.8853670936651643,Tightening,Tightening,Tightening,,,
2011-07-31,DEU,-0.7678453857046793,0.5824413264304082,-0.09270202963713553,-1.55335275564965,-0.5795856049746404,Tightening,Trough,Tightening,,,
2011-08-31,DEU,-0.2935314146381878,0.928387803722409,0.3174281945421106,-1.55335275564965,-0.30616545552180974,Loosening,Trough,Trough,,,
2011-09-30,DEU,0.529117944806317,1.1449108920715878,0.8370144184389524,-1.55335275564965,0.040225360409418154,Loosening,Trough,Loosening,,,
2011-10-31,DEU,1.0789214647221805,1.0826886632207569,1.0808050639714688,-1.55335275564965,0.2027524574310957,Loosening,Trough,Loosening,,,
2011-11-30,DEU,1.3143153447806226,1.0762128421579018,1.1952640934692622,-1.55335275564965,0.2790584770962914,Loosening,Trough,Loosening,,,
2011-12-31,DEU,2.081795407145284,1.1841273387407292,1.6329613729430066,-1.55335275564965,0.5708566634121208,Loosening,Trough,Loosening,,,
2012-01-31,DEU,2.0281196351369433,1.0917622918309184,1.559940963483931,-0.6257839446627651,0.8313659941016989,Loosening,Trough,Loosening,,,
2012-02-29,DEU,2.0953222953510338,1.1519500101869646,1.623636152768999,-0.6257839446627651,0.8738294536250775,Loosening,Trough,Loosening,,,
2012-03-31,DEU,3.16830777730669,1.0909730312793844,2.1296404042930375,-0.6257839446627651,1.2111656213077697,Loosening,Trough,Loosening,,,
2012-04-30,DEU,3.202751536010689,1.1657586187673765,2.184255077389033,-0.6257839446627651,1.2475754033717668,Loosening,Trough,Loosening,,,
2012-05-31,DEU,3.082722120065026,1.1971521764201671,2.1399371482425966,-0.6257839446627651,1.2180301172741426,Loosening,Trough,Loosening,,,
2012-06-30,DEU,2.989463388624773,1.0848143076880872,2.03713884815643,-0.6257839446627651,1.1494979172166981,Loosening,Trough,Loosening,,,
2012-07-31,DEU,2.713726454460062,1.353825146156037,2.0337758003080495,-0.6257839446627651,1.147255885317778,Loosening,Trough,Loosening,,,
2012-08-31,DEU,2.269265613078914,1.3645455687875216,1.816905590933218,-0.6257839446627651,1.0026757457345568,Loosening,Trough,Loosening,,,
2012-09-30,DEU,1.3190432886675554,1.2955363546278862,1.307289821647721,-0.6257839446627651,0.6629318995442255,Peak,Trough,Peak,,,
2012-10-31,DEU,1.0326809164513742,1.2301414108952275,1.1314111636733009,-0.6257839446627651,0.5456794608946121,Peak,Trough,Peak,,,
2012-11-30,DEU,0.6808842230027997,1.0699576674335949,0.8754209452181974,-0.6257839446627651,0.3750193152578765,Peak,Trough,Peak,,,
2012-12-31,DEU,-0.30813968739380876,1.0109293162711195,0.3513948144386554,-0.6257839446627651,0.025668561404848522,Peak,Trough,Peak,,,
2013-01-31,DEU,-0.39515606856883245,0.7144528250175273,0.1596483782243474,-0.06255032719908092,0.08558214308320462,Peak,Trough,Peak,,,
2013-02-28,DEU,-0.8641718235371001,0.7983963168628317,-0.032887753337134173,-0.06255032719908092,-0.04277527795778309,Tightening,Trough,Tightening,,,
2013-03-31,DEU,-1.6913378490045836,0.7751149724791023,-0.45811143826274064,-0.06255032719908092,-0.3262577345748541,Tightening,Trough,Tightening,,,
2013-04-30,DEU,-1.7442245291232128,0.6112951703693018,-0.5664646793769554,-0.06255032719908092,-0.39849322865099723,Tightening,Trough,Tightening,,,
2013-05-31,DEU,-1.8834427911970189,0.6213528392028349,-0.631044975997092,-0.06255032719908092,-0.44154675973108826,Tightening,Trough,Tightening,,,
2013-06-30,DEU,-2.284660686208908,0.5663490954119834,-0.8591557953984623,-0.06255032719908092,-0.5936206393320018,Tightening,Trough,Tightening,,,
2013-07-31,DEU,-2.2779118423927764,0.5511508867813023,-0.863380477805737,-0.06255032719908092,-0.596437094270185,Tightening,Trough,Tightening,,,
2013-08-31,DEU,-2.2709535938231227,0.4140298734746,-0.9284618601742614,-0.06255032719908092,-0.6398246825158679,Tightening,Trough,Tightening,,,
2013-09-30,DEU,-2.2478170732093377,0.37355573068123543,-0.9371306712640511,-0.06255032719908092,-0.645603889909061,Tightening,Trough,Tightening,,,
2013-10-31,DEU,-2.1784608984626,0.3065569836027935,-0.9359519574299033,-0.06255032719908092,-0.6448180806862959,Tightening,Trough,Tightening,,,
2013-11-30,DEU,-2.156991081444552,0.3473581891164314,-0.9048164461640603,-0.06255032719908092,-0.6240610731757338,Tightening,Trough,Tightening,,,
2013-12-31,DEU,-2.0990455236440027,0.2722310217388814,-0.9134072509525606,-0.06255032719908092,-0.6297882763680673,Tightening,Trough,Tightening,,,
2014-01-31,DEU,-2.0510892171549906,0.3380530169316323,-0.8565181001116792,0.061473004470638054,-0.5505210652509067,Trough,Loosening,Trough,,,
2014-02-28,DEU,-1.8149830188691245,0.2859884479603672,-0.7644972854543787,0.061473004470638054,-0.48917385547937303,Trough,Loosening,Trough,,,
2014-03-31,DEU,-1.6814386363495113,0.20167002343466076,-0.7398843064574253,0.061473004470638054,-0.4727652028147375,Trough,Loosening,Trough,,,
2014-04-30,DEU,-1.5588002903441636,0.2851161147205812,-0.6368420878117912,0.061473004470638054,-0.40407039038431475,Trough,Loosening,Trough,,,
2014-05-31,DEU,-1.3727255142552919,0.1994127517374771,-0.5866563812589074,0.061473004470638054,-0.3706132526823922,Trough,Loosening,Trough,,,
2014-06-30,DEU,-1.3651846359452762,0.22633757486248504,-0.5694235305413956,0.061473004470638054,-0.35912468553738436,Trough,Loosening,Trough,,,
2014-07-31,DEU,-1.3765219691692656,0.19565831126846675,-0.5904318289503995,0.061473004470638054,-0.37313021781005357,Trough,Loosening,Trough,,,
2014-08-31,DEU,-1.3033769792838439,0.22489860071613574,-0.5392391892838541,0.061473004470638054,-0.33900179136569,Trough,Loosening,Trough,,,
2014-09-30,DEU,-1.245033619310306,0.23669403748637827,-0.5041697909119639,0.061473004470638054,-0.3156221924510965,Trough,Loosening,Trough,,,
2014-10-31,DEU,-1.1618243505008103,0.2460213312024165,-0.4579015096491969,0.061473004470638054,-0.28477667160925185,Trough,Loosening,Trough,,,
2014-11-30,DEU,-1.0899603480864448,0.11671532983167125,-0.4866225091273868,0.061473004470638054,-0.3039240045947118,Trough,Loosening,Trough,,,
2014-12-31,DEU,-0.8577805863927901,0.00753430107402427,-0.4251231426593829,0.061473004470638054,-0.26292442694937584,Trough,Loosening,Trough,,,
2015-01-31,DEU,-0.6335913321354689,-0.10766545046756947,-0.3706283913015192,0.13915466994160744,-0.20070070422047698,Trough,Loosening,Trough,,,
2015-02-28,DEU,-0.6060695602016362,0.026637737239834258,-0.2897159114809009,0.13915466994160744,-0.14675905100673148,Trough,Loosening,Trough,,,
2015-03-31,DEU,-0.3136055797450344,0.10622916243003826,-0.10368820865749806,0.13915466994160744,-0.022740582457796213,Trough,Loosening,Trough,,,
2015-04-30,DEU,-0.09911457749776513,0.17308394371937563,0.03698468311080525,0.13915466994160744,0.07104134538773932,Loosening,Loosening,Loosening,,,
2015-05-31,DEU,-0.04224179108199352,0.30302047508833435,0.13038934200317043,0.13915466994160744,0.13331111798264944,Loosening,Loosening,Loosening,,,
2015-06-30,DEU,0.5370982769233107,0.23579276424936343,0.3864455205863371,0.13915466994160744,0.30401523703809386,Loosening,Loosening,Loosening,,,
2015-07-31,DEU,0.6550013065607393,0.2693869056401929,0.4621941061004661,0.13915466994160744,0.35451429404751317,Loosening,Loosening,Loosening,,,
2015-08-31,DEU,0.7197648342434194,0.20501635728333986,0.46239059576337965,0.13915466994160744,0.3546452871561222,Loosening,Loosening,Loosening,,,
2015-09-30,DEU,0.8638665527035477,0.11295111555265673,0.4884088341281022,0.13915466994160744,0.3719907793992706,Loosening,Loosening,Loosening,,,
2015-10-31,DEU,0.9179606874115219,0.21476995884370034,0.5663653231276111,0.13915466994160744,0.42396177206560987,Loosening,Loosening,Loosening,,,
2015-11-30,DEU,1.0014179444970281,0.19470928691665226,0.5980636157068402,0.13915466994160744,0.44509396711842925,Loosening,Loosening,Loosening,,,
2015-12-31,DEU,0.8425573577249108,0.18561850336640429,0.5140879305456576,0.13915466994160744,0.38911017701097417,Loosening,Loosening,Loosening,,,
2016-01-31,DEU,0.8353001983314412,0.2913757390719797,0.5633379687017105,0.23620719793121925,0.4542943784448801,Loosening,Loosening,Loosening,,,
2016-02-29,DEU,0.9976249869443976,0.19785549072585404,0.5977402388351258,0.23620719793121925,0.47722922520049027,Loosening,Loosening,Loosening,,,
2016-03-31,DEU,0.8192952361138748,0.18235505198763532,0.5008251440507551,0.23620719793121925,0.41261916201090976,Loosening,Loosening,Loosening,,,
2016-04-30,DEU,0.7330704542038837,0.118403629889643,0.4257370420467634,0.23620719793121925,0.362560427341582,Peak,Loosening,Peak,,,
2016-05-31,DEU,0.7188503307484437,0.17713999713782635,0.44799516394313504,0.23620719793121925,0.37739917527249645,Peak,Loosening,Peak,,,
2016-06-30,DEU,0.5374565745367879,0.3266811835490678,0.4320688790429278,0.23620719793121925,0.36678165200569157,Peak,Loosening,Peak,,,
2016-07-31,DEU,0.8297052892377115,0.34754001820269337,0.5886226537202024,0.23620719793121925,0.4711508351238747,Loosening,Loosening,Loosening,,,
2016-08-31,DEU,0.8529115098187732,0.3529430827973865,0.6029272963080798,0.23620719793121925,0.48068726351579294,Loosening,Loosening,Loosening,,,
2016-09-30,DEU,0.8924306028682488,0.44486960852349594,0.6686501056958724,0.23620719793121925,0.5245024697743214,Loosening,Loosening,Loosening,,,
2016-10-31,DEU,0.9012460938233245,0.41855898619091964,0.6599025400071221,0.23620719793121925,0.5186707593151545,Loosening,Loosening,Loosening,,,
2016-11-30,DEU,0.8969498473355165,0.5229143499445438,0.7099320986400302,0.23620719793121925,0.5520237984037598,Loosening,Loosening,Loosening,,,
2016-12-31,DEU,0.9132330326438315,0.6874413349129388,0.8003371837783851,0.23620719793121925,0.6122938551626632,Loosening,Loosening,Loosening,,,
2017-01-31,DEU,0.9413900247825544,0.7814533908914703,0.8614217078370123,0.3234694989429221,0.6821043048723157,Loosening,Loosening,Loosening,,,
2017-02-28,DEU,0.9472810578115275,0.9972076002931664,0.9722443290523469,0.3234694989429221,0.7559860523492052,Loosening,Loosening,Loosening,,,
2017-03-31,DEU,1.300358914119744,0.6880670986090519,0.9942130063643979,0.3234694989429221,0.770631837223906,Loosening,Loosening,Loosening,,,
2017-04-30,DEU,1.1282876369599066,0.7965034533861178,0.9623955451730122,0.3234694989429221,0.7494201964296487,Loosening,Loosening,Loosening,,,
2017-05-31,DEU,1.044884148287395,0.6132579349479325,0.8290710416176637,0.3234694989429221,0.6605371940594165,Loosening,Loosening,Loosening,,,
2017-06-30,DEU,0.9227402249959613,0.4497689083894474,0.6862545666927043,0.3234694989429221,0.5653262107761103,Peak,Loosening,Peak,,,
2017-07-31,DEU,0.6765453605719585,0.5193084122602635,0.5979268864161109,0.3234694989429221,0.5064410905917147,Peak,Loosening,Peak,,,
2017-08-31,DEU,0.6260919837422019,0.6342358856321878,0.6301639346871948,0.3234694989429221,0.5279324561057706,Peak,Loosening,Peak,,,
2017-09-30,DEU,0.48728783011807125,0.6015534762498751,0.5444206531839731,0.3234694989429221,0.47077026843695613,Peak,Loosening,Peak,,,
2017-10-31,DEU,0.43698085934661557,0.5593284082113323,0.49815463377897395,0.3234694989429221,0.43992625550029,Peak,Loosening,Peak,,,
2017-11-30,DEU,0.410785344957106,0.5671468130372762,0.48896607899719113,0.3234694989429221,0.4338005523124348,Peak,Loosening,Peak,,,
2017-12-31,DEU,0.3190025493195926,0.4254374142282325,0.3722199817739126,0.3234694989429221,0.3559698208302491,Peak,Loosening,Peak,,,
2018-01-31,DEU,0.22636531775580965,0.31207328166115833,0.269219299708484,-0.30254278959222275,0.07863193660824842,Peak,Tightening,Peak,,,
2018-02-28,DEU,0.1493039501598337,0.2784330888046052,0.21386851948221947,-0.30254278959222275,0.04173141645740537,Peak,Tightening,Peak,,,
2018-03-31,DEU,-0.2185013681978734,0.4095017490790131,0.09550019044056984,-0.30254278959222275,-0.03718080290369437,Peak,Tightening,Tightening,,,
2018-04-30,DEU,-0.2454432631370451,0.30285965467966086,0.028708195771307884,-0.30254278959222275,-0.081708799349869,Peak,Tightening,Tightening,,,
2018-05-31,DEU,-0.2897226805163946,0.6673247998833869,0.18880105968349614,-0.30254278959222275,0.02501977659158984,Peak,Tightening,Peak,,,
2018-06-30,DEU,-0.268785366446156,0.65571711798275,0.193465875768297,-0.30254278959222275,0.028129653981457073,Peak,Tightening,Peak,,,
2018-07-31,DEU,-0.28934449033199955,0.6429201083109026,0.17678780898945154,-0.30254278959222275,0.017010942795560105,Peak,Trough,Peak,,,
2018-08-31,DEU,-0.3087405964095692,0.6158720545342261,0.15356572906232846,-0.30254278959222275,0.0015295561774780475,Peak,Trough,Peak,,,
2018-09-30,DEU,-0.350880134247269,0.5347437319073679,0.09193179883004945,-0.30254278959222275,-0.03955973064404129,Peak,Trough,Tightening,,,
2018-10-31,DEU,-0.3914658676119227,0.6762896892836991,0.14241191083588822,-0.30254278959222275,-0.005906322640148773,Loosening,Trough,Trough,,,
2018-11-30,DEU,-0.40388988322856845,0.5483024617133077,0.0722062892423696,-0.30254278959222275,-0.052710070369161185,Peak,Trough,Tightening,,,
2018-12-31,DEU,-0.4336031660859779,0.41767797964012127,-0.007962593222928305,-0.30254278959222275,-0.10615599201269313,Tightening,Trough,Tightening,,,
2019-01-31,DEU,-0.40288039992280744,0.2994681836773629,-0.05170610812272228,0.41307458813197995,0.10322079062884516,Tightening,Loosening,Loosening,,,
2019-02-28,DEU,-0.43072695548244827,0.2985184878984171,-0.06610423379201558,0.41307458813197995,0.09362204018264964,Tightening,Loosening,Loosening,,,
2019-03-31,DEU,-0.4372378584387433,0.33032139910405384,-0.05345822966734473,0.41307458813197995,0.10205270959909686,Tightening,Loosening,Loosening,,,
2019-04-30,DEU,-0.45290927962534827,0.42552986813084415,-0.013689705747252062,0.41307458813197995,0.12856505887915864,Tightening,Loosening,Loosening,,,
2019-05-31,DEU,-0.4654060228529643,0.30339760718825454,-0.08100420783235487,0.41307458813197995,0.08368872415575676,Tightening,Loosening,Loosening,,,
2019-06-30,DEU,-0.47940998433644905,0.36782902931734934,-0.05579047750954985,0.41307458813197995,0.10049787770429344,Tightening,Loosening,Loosening,,,
2019-07-31,DEU,-0.4980295177603128,0.305481698928126,-0.0962739094160934,0.41307458813197995,0.07350892309993108,Tightening,Loosening,Peak,,,
2019-08-31,DEU,-0.5007725421699395,0.40821861410387034,-0.04627696403303458,0.41307458813197995,0.1068402200219703,Trough,Loosening,Loosening,,,
2019-09-30,DEU,-0.5401290288707968,0.19659127064597795,-0.17176887911240946,0.41307458813197995,0.02317894330238704,Tightening,Loosening,Peak,,,
2019-10-31,DEU,-0.5079263138871241,0.01601113541235133,-0.24595758923738636,0.41307458813197995,-0.02628019678093088,Tightening,Loosening,Tightening,,,
2019-11-30,DEU,-0.5347110728394048,0.06935706258016322,-0.23267700512962078,0.41307458813197995,-0.01742647404242051,Tightening,Loosening,Tightening,,,
2019-12-31,DEU,-0.5566538687372995,0.21520584881011184,-0.17072400996359383,0.41307458813197995,0.023875522734930793,Tightening,Loosening,Peak,,,
2020-01-31,DEU,-0.6213927539508263,0.29108163558126265,-0.1651555591847818,2.4793945498572594,0.716361143829232,Tightening,Loosening,Loosening,,,
2020-02-29,DEU,-0.5798410869895669,0.31497310157172104,-0.13243399270892295,2.4793945498572594,0.7381755214798046,Tightening,Loosening,Loosening,,,
2020-03-31,DEU,-0.19139656311531075,-0.009728630981995723,-0.10056259704865324,2.4793945498572594,0.759423118586651,Trough,Loosening,Loosening,,,
2020-04-30,DEU,0.10557635986891518,-0.22480372126322923,-0.05961368069715702,2.4793945498572594,0.7867223961543152,Trough,Loosening,Loosening,,,
2020-05-31,DEU,0.38310544518010403,-0.415723241081563,-0.016308897950729484,2.4793945498572594,0.8155922513186002,Trough,Loosening,Loosening,,,
2020-06-30,DEU,1.0394544857918904,-0.2624088056244348,0.3885228400837278,2.4793945498572594,1.085480076674905,Loosening,Loosening,Loosening,,,
2020-07-31,DEU,1.1631658590368672,-0.19000359258341779,0.4865811332267247,2.4793945498572594,1.1508522721035697,Loosening,Loosening,Loosening,,,
2020-08-31,DEU,1.2296773661707563,-0.5072268192377105,0.3612252734665229,2.4793945498572594,1.0672816989301017,Loosening,Loosening,Loosening,,,
2020-09-30,DEU,1.3723865865346463,-0.542516215347901,0.41493518559337267,2.4793945498572594,1.1030883070146684,Loosening,Loosening,Loosening,,,
2020-10-31,DEU,1.5298591187640431,-0.3985327102087985,0.5656632042776223,2.4793945498572594,1.203573652804168,Loosening,Loosening,Loosening,,,
2020-11-30,DEU,1.5824905840603323,-0.44507747224439603,0.5687065559079681,2.4793945498572594,1.2056025538910653,Loosening,Loosening,Loosening,,,
2020-12-31,DEU,1.6884724923580632,-0.41785984809125604,0.6353063221334035,2.4793945498572594,1.2500023980413555,Loosening,Loosening,Loosening,,,
2021-01-31,DEU,1.7004017429674274,0.11945221044907643,0.909926976708252,-0.33508669956263526,0.49492241795128955,Loosening,Tightening,Peak,,,
2021-02-28,DEU,1.7080348539980375,0.042787733433945374,0.8754112937159915,-0.33508669956263526,0.47191196262311585,Loosening,Tightening,Peak,,,
2021-03-31,DEU,1.5249243750295944,0.30307274863536393,0.9139985618324792,-0.33508669956263526,0.4976368080341077,Loosening,Tightening,Peak,,,
2021-04-30,DEU,1.1979350593944964,0.41340123523950734,0.8056681473170019,-0.33508669956263526,0.4254165316904561,Loosening,Tightening,Peak,,,
2021-05-31,DEU,0.9680775098643211,0.5624942893652994,0.7652858996148102,-0.33508669956263526,0.3984950332223284,Loosening,Tightening,Peak,,,
2021-06-30,DEU,0.4774783101436428,0.524666928675329,0.5010726194094859,-0.33508669956263526,0.22235284641877884,Peak,Tightening,Peak,,,
2021-07-31,DEU,0.4343691129594782,0.7822989215945801,0.6083340172770292,-0.33508669956263526,0.29386044499714103,Peak,Trough,Peak,,,
2021-08-31,DEU,0.5002684277269296,1.0360158577241025,0.7681421427255161,-0.33508669956263526,0.4003991952961322,Peak,Trough,Peak,,,
2021-09-30,DEU,0.46891106937485966,1.0894233597147311,0.7791672145447954,-0.33508669956263526,0.40774924317565187,Peak,Trough,Peak,,,
2021-10-31,DEU,0.32547920287992615,1.138011845133618,0.7317455240067721,-0.33508669956263526,0.3761347828169696,Peak,Trough,Peak,,,
2021-11-30,DEU,0.2990292083096884,1.6112522072312945,0.9551407077704914,-0.33508669956263526,0.5250649053261158,Loosening,Trough,Loosening,,,
2021-12-31,DEU,0.2715457658327165,1.3302771614335869,0.8009114636331517,-0.33508669956263526,0.422245409234556,Loosening,Trough,Loosening,,,
2022-01-31,DEU,0.29971810469347643,1.120324610097955,0.7100213573957157,-0.4600911305830272,0.3199838614028014,Loosening,Tightening,Loosening,,,
2022-02-28,DEU,0.2771645739137699,1.1834518559726759,0.730308214943223,-0.4600911305830272,0.33350843310113953,Peak,Tightening,Peak,,,
2022-03-31,DEU,0.019620478249962478,0.7720815146141629,0.3958509964320627,-0.4600911305830272,0.11053695409369935,Peak,Tightening,Peak,,,
2022-04-30,DEU,0.035892852025708515,0.23488898078806728,0.13539091640688788,-0.4600911305830272,-0.06310309925641716,Peak,Tightening,Tightening,,,
2022-05-31,DEU,0.006638733302606388,0.09866439886321476,0.05265156608291058,-0.4600911305830272,-0.1182626661390687,Peak,Tightening,Tightening,,,
2022-06-30,DEU,-0.11895958255126214,-0.1635215325069462,-0.14124055752910417,-0.4600911305830272,-0.24752408188041186,Tightening,Tightening,Tightening,,,
2022-07-31,DEU,-0.2246624582541572,-0.06814890224104479,-0.146405680247601,-0.4600911305830272,-0.2509674970260764,Tightening,Trough,Tightening,,,
2022-08-31,DEU,-0.35729276216630895,-1.014938927254126,-0.6861158447102175,-0.4600911305830272,-0.6107742733344874,Tightening,Trough,Tightening,,,
2022-09-30,DEU,-0.3637024894869818,-1.8285498173676376,-1.0961261534273097,-0.4600911305830272,-0.8841144791458821,Tightening,Trough,Tightening,,,
2022-10-31,DEU,-0.43808209544430154,-1.7858707298347012,-1.1119764126395013,-0.4600911305830272,-0.8946813186206766,Tightening,Trough,Tightening,,,
2022-11-30,DEU,-0.6655066659707614,-1.7962724208113794,-1.2308895433910703,-0.4600911305830272,-0.9739567391217225,Tightening,Trough,Tightening,,,
2022-12-31,DEU,-1.0263238909655539,-2.0019156938053957,-1.5141197923854748,-0.4600911305830272,-1.1627769051179921,Tightening,Trough,Tightening,,,
2023-01-31,DEU,-1.080875126446677,-1.7066550761221384,-1.3937651012844077,-0.4515731914666686,-1.0797011313451614,Tightening,Trough,Tightening,,,
2023-02-28,DEU,-1.1291404325841794,-1.903196581638052,-1.5161685071111157,-0.4515731914666686,-1.1613034018963,Tightening,Trough,Tightening,,,
2023-03-31,DEU,-1.2126058542586367,-1.2249029453965514,-1.218754399827594,-0.4515731914666686,-0.9630273303739522,Tightening,Trough,Tightening,,,
2023-04-30,DEU,-1.25507915465999,-1.0684353677522713,-1.1617572612061307,-0.4515731914666686,-0.9250292379596433,Tightening,Trough,Tightening,,,
2023-05-31,DEU,-1.2760330606945773,-0.8808072722282206,-1.078420166461399,-0.4515731914666686,-0.8694711747964888,Trough,Trough,Trough,,,
2023-06-30,DEU,-1.5741511317946024,-1.1702264337954833,-1.372188782795043,-0.4515731914666686,-1.065316919018918,Trough,Trough,Trough,,,
2023-07-31,DEU,-1.565031128991344,-0.8186945096611563,-1.1918628193262502,-0.4515731914666686,-0.945099610039723,Trough,Trough,Trough,,,
2023-08-31,DEU,-1.5864241672067334,-0.5878679756954055,-1.0871460714510695,-0.4515731914666686,-0.8752884447896024,Trough,Trough,Trough,,,
2023-09-30,DEU,-1.6732982371027272,-0.5073881814636804,-1.0903432092832037,-0.4515731914666686,-0.8774198700110253,Trough,Trough,Trough,,,
2023-10-31,DEU,-1.6888727790095763,-0.5389583370209138,-1.113915558015245,-0.4515731914666686,-0.8931347691657195,Trough,Trough,Trough,,,
2023-11-30,DEU,-1.5698027003403292,-0.2231029472116474,-0.8964528237759883,-0.4515731914666686,-0.748159613006215,Trough,Trough,Trough,,,
2023-12-31,DEU,-1.3490296916152251,0.2639131688264776,-0.5425582613943738,-0.4515731914666686,-0.5122299047518054,Trough,Trough,Trough,,,
2024-01-31,DEU,-1.3614502507914978,0.1579064418949431,-0.6017719044482773,-0.5977597021288643,-0.6004345036751396,Trough,Tightening,Trough,,,
2024-02-29,DEU,-1.3783171810896726,-0.059039936778999845,-0.7186785589343362,-0.5977597021288643,-0.6783722733325123,Trough,Tightening,Trough,,,
2024-03-31,DEU,-1.463435000202364,0.13942878726753763,-0.6620031064674131,-0.5977597021288643,-0.6405886383545635,Trough,Tightening,Trough,,,
2024-04-30,DEU,-1.4754368819345325,-0.024679042227309694,-0.7500579620809211,-0.5977597021288643,-0.6992918754302355,Trough,Tightening,Trough,,,
2024-05-31,DEU,-1.4964238126532468,0.05446122130775163,-0.7209812956727476,-0.5977597021288643,-0.6799074311581198,Trough,Tightening,Trough,,,
2024-06-30,DEU,-1.2222877224121256,0.21136117035122823,-0.5054632760304487,-0.5977597021288643,-0.5362287513965872,Trough,Tightening,Tightening,,,
2024-07-31,DEU,-1.2420196536040249,0.36423908418763284,-0.438890284708196,-0.5977597021288643,-0.4918467571817521,Trough,Trough,Trough,,,
2024-08-31,DEU,-1.2255745939479419,0.5223480700631654,-0.35161326194238823,-0.5977597021288643,-0.43366207533788026,Trough,Trough,Trough,,,
2024-09-30,DEU,-1.2255185393936159,0.5772170663166366,-0.32415073653848964,-0.5977597021288643,-0.41535372506861457,Trough,Trough,Trough,,,
2024-10-31,DEU,-1.1843051997221987,0.39694618654005503,-0.39367950659107187,-0.5977597021288643,-0.46170623843700265,Trough,Trough,Trough,,,
2024-11-30,DEU,-1.2010997657456313,0.6455544996009945,-0.27777263307231836,-0.5977597021288643,-0.3844349894245004,Trough,Trough,Trough,,,
2024-12-31,DEU,-1.1681890068207452,0.5241814328284774,-0.3220037869961339,-0.5977597021288643,-0.4139224253737107,Trough,Trough,Trough,,,
2025-01-31,DEU,-1.1007129458197458,0.49146566907133193,-0.3046236383742069,-0.32758092958905927,-0.3122760687791577,Trough,Trough,Trough,,,
2025-02-28,DEU,-1.1117504539644205,0.4399365653359087,-0.33590694431425594,-0.32758092958905927,-0.33313160607252373,Trough,Trough,Trough,,,
2025-03-31,DEU,-1.0050953768863502,0.3217614066308569,-0.3416669851277466,-0.32758092958905927,-0.3369716332815175,Tightening,Trough,Trough,,,
2025-04-30,DEU,-0.9139426123579331,0.4356487917138146,-0.23914691032205923,-0.32758092958905927,-0.2686249167443926,Trough,Trough,Trough,,,
2025-05-31,DEU,-0.9195411623312622,0.3241848652622679,-0.29767814853449714,-0.32758092958905927,-0.3076457422193512,Tightening,Trough,Trough,,,
2025-06-30,DEU,-0.910026064946335,0.130261388444868,-0.3898823382507335,-0.32758092958905927,-0.3691152020301754,Tightening,Trough,Trough,,,
2025-07-31,DEU,-0.948335740113039,0.05827919585807432,-0.44502827212748236,-0.32758092958905927,-0.405879157948008,Tightening,Trough,Tightening,,,
2025-08-31,DEU,-0.9570979253002576,0.055833732571980654,-0.4506320963641385,-0.32758092958905927,-0.4096150407724454,Tightening,Trough,Tightening,,,
2025-09-30,DEU,-0.8998068348978598,-0.17220781556826745,-0.5360073252330636,-0.32758092958905927,-0.4665318600183955,Tightening,Trough,Tightening,,,
2025-10-31,DEU,-0.8166730630852267,-0.22782001039231148,-0.5222465367387691,-0.32758092958905927,-0.45735800102219915,Tightening,Trough,Tightening,,,
2025-11-30,DEU,-0.7922509945288095,-0.2626086559624342,-0.5274298252456219,-0.32758092958905927,-0.46081352669343434,Tightening,Trough,Tightening,,,
2025-12-31,DEU,-0.7503320574278995,-0.4136279817757802,-0.5819800196018399,-0.32758092958905927,-0.497180322930913,Tightening,Trough,Tightening,,,
2026-01-31,DEU,-0.6635924597370022,-0.40587785210383576,-0.534735155920419,0.5215736787677218,-0.18263221102437202,Tightening,Loosening,Trough,,,
2026-02-28,DEU,-0.6430189627650658,-0.39350975240262337,-0.5182643575838446,0.5215736787677218,-0.17165167879998908,Tightening,Loosening,Trough,,,
2026-03-31,DEU,-0.6254057198895931,-0.7544871602245697,-0.6899464400570814,0.5215736787677218,-0.28610640044881364,Tightening,Loosening,Trough,,,
2026-04-30,DEU,-0.637288646934779,-0.745275216408407,-0.691281931671593,0.5215736787677218,-0.2869967281918214,Tightening,Loosening,Trough,,,
2026-05-31,DEU,-0.6250015443521442,-0.6420582285255559,-0.6335298864388501,0.5215736787677218,-0.2484953647033261,Tightening,Loosening,Trough,,,
2026-06-30,DEU,-0.6168803973351495,-0.6783340725490473,-0.6476072349420985,0.5215736787677218,-0.25788026370549166,Tightening,Loosening,Trough,,,
2026-07-31,DEU,-0.663013880150329,-0.8099722200681976,-0.7364930501092632,0.5215736787677218,-0.3171374738169349,Tightening,Loosening,Tightening,,,
2026-08-31,DEU,-0.6457209100693341,-0.8462601257516488,-0.7459905179104914,0.5215736787677218,-0.32346911901775366,Tightening,Loosening,Tightening,,,
2026-09-30,DEU,-0.620230235811616,-0.9599544887246984,-0.7900923622681572,0.5215736787677218,-0.3528703485895308,Tightening,Loosening,Tightening,,,
2003-12-31,FRA,,1.671527994622152,1.671527994622152,0.717722833726077,1.353592940990127,,Loosening,,,,
2004-01-31,FRA,,1.3990861293290862,1.3990861293290862,-0.08995574704229818,0.9027388372052914,,Tightening,,,,
2004-02-29,FRA,,1.1607704786908182,1.1607704786908182,-0.08995574704229818,0.7438617367797794,,Tightening,,,,
2004-03-31,FRA,,1.2261899434543273,1.2261899434543273,-0.08995574704229818,0.7874747132887855,,Tightening,,,,
2004-04-30,FRA,,1.624680973279658,1.624680973279658,-0.08995574704229818,1.0531353998390058,,Tightening,,,,
2004-05-31,FRA,,2.028254295814101,2.028254295814101,-0.08995574704229818,1.3221842815286347,,Tightening,,,,
2004-06-30,FRA,,1.8854543146215934,1.8854543146215934,-0.08995574704229818,1.2269842940669626,Loosening,Tightening,Peak,,,
2004-07-31,FRA,,1.75169345943424,1.75169345943424,-0.08995574704229818,1.1378103906087271,Loosening,Trough,Loosening,,,
2004-08-31,FRA,,1.7462240267157318,1.7462240267157318,-0.08995574704229818,1.1341641021297217,Loosening,Trough,Loosening,,,
2004-09-30,FRA,,1.4271209041879829,1.4271209041879829,-0.08995574704229818,0.9214286871112225,Loosening,Trough,Loosening,,,
2004-10-31,FRA,,1.6640487274530038,1.6640487274530038,-0.08995574704229818,1.079380569287903,Loosening,Trough,Loosening,,,
2004-11-30,FRA,,1.5105550868491577,1.5105550868491577,-0.08995574704229818,0.9770514755520058,Peak,Trough,Peak,,,
2004-12-31,FRA,0.29832062388188607,0.7118350610611865,0.5050778424715363,-0.08995574704229818,0.3067333126335915,Peak,Trough,Peak,,,
2005-01-31,FRA,0.7011338732168193,0.47411410969167855,0.5876239914542489,0.06845206887977984,0.41456668392942586,Peak,Loosening,Peak,,,
2005-02-28,FRA,1.0495638422920448,0.543356445302234,0.7964601437971395,0.06845206887977984,0.553790785491353,Peak,Loosening,Peak,,,
2005-03-31,FRA,1.1324605374636105,0.5868921304622138,0.8596763339629121,0.06845206887977984,0.5959349122685347,Peak,Loosening,Peak,,,
2005-04-30,FRA,0.7989858815148473,0.5407132767990457,0.6698495791569465,0.06845206887977984,0.46938374239789094,Peak,Loosening,Peak,,,
2005-05-31,FRA,0.4069993725384913,0.47483562257201756,0.44091749755525445,0.06845206887977984,0.31676235466342956,Peak,Loosening,Peak,,,
2005-06-30,FRA,0.5669317986914327,0.49097101777281804,0.5289514082321254,0.06845206887977984,0.37545162844801017,Loosening,Loosening,Loosening,,,
2005-07-31,FRA,1.286333554942698,0.5453217505106671,0.9158276527266825,0.06845206887977984,0.633369124777715,Loosening,Loosening,Loosening,,,
2005-08-31,FRA,1.2205526416596697,0.5577134929926918,0.8891330673261808,0.06845206887977984,0.6155727345107138,Loosening,Loosening,Loosening,,,
2005-09-30,FRA,1.1877115267456704,0.7613206620060939,0.9745160943758822,0.06845206887977984,0.672494752543848,Loosening,Loosening,Loosening,,,
2005-10-31,FRA,1.142392813948061,0.6704638220056125,0.9064283179768368,0.06845206887977984,0.6271029016111511,Loosening,Loosening,Loosening,,,
2005-11-30,FRA,1.2531571216429043,0.5782838630486934,0.9157204923457989,0.06845206887977984,0.6332976845237925,Loosening,Loosening,Loosening,,,
2005-12-31,FRA,1.8496073666144832,0.28375382702661317,1.0666805968205482,0.06845206887977984,0.7339377541736254,Loosening,Loosening,Loosening,,,
2006-01-31,FRA,1.8675042324448579,0.39159497629632056,1.1295496043705893,-0.5975819033965352,0.5538391017815478,Loosening,Tightening,Peak,,,
2006-02-28,FRA,1.585416648467526,0.33469314692402735,0.9600548976957767,-0.5975819033965352,0.440842630665006,Loosening,Tightening,Peak,,,
2006-03-31,FRA,1.3999608675312254,-0.00847479274341889,0.6957430373939033,-0.5975819033965352,0.26463472379709047,Peak,Tightening,Peak,,,
2006-04-30,FRA,1.4272928093059156,0.1194416107185004,0.773367210012208,-0.5975819033965352,0.31638417220929355,Peak,Tightening,Peak,,,
2006-05-31,FRA,1.5693311791376858,0.14980942826769184,0.8595703037026888,-0.5975819033965352,0.37385290133628074,Peak,Tightening,Peak,,,
2006-06-30,FRA,1.2779465705216806,-0.1278144052849146,0.575066082618383,-0.5975819033965352,0.18418342061341025,Peak,Tightening,Peak,,,
2006-07-31,FRA,1.0105547356751452,-0.12981103670408123,0.440371849485532,-0.5975819033965352,0.09438726519150958,Peak,Trough,Peak,,,
2006-08-31,FRA,0.8553063193643521,-0.47076375746383387,0.1922712809502591,-0.5975819033965352,-0.07101311383200568,Peak,Trough,Tightening,,,
2006-09-30,FRA,0.861087223119683,-0.7447093738156221,0.05818892465203046,-0.5975819033965352,-0.16040135136415812,Peak,Trough,Tightening,,,
2006-10-31,FRA,0.7404778448966003,-1.0839478621862606,-0.17173500864483016,-0.5975819033965352,-0.3136839735620652,Tightening,Trough,Tightening,,,
2006-11-30,FRA,0.7234056303192425,-0.9338139736828606,-0.10520417168180901,-0.5975819033965352,-0.2693300822533844,Tightening,Trough,Tightening,,,
2006-12-31,FRA,0.63983054905787,-1.0243094985425252,-0.1922394747423276,-0.5975819033965352,-0.3273536176270635,Tightening,Trough,Tightening,,,
2007-01-31,FRA,0.34006338868912694,-1.047929541464628,-0.3539330763877505,1.0185600422202497,0.10356462981491626,Tightening,Loosening,Loosening,,,
2007-02-28,FRA,0.25692992371657036,-1.032070980516163,-0.38757052839979633,1.0185600422202497,0.0811396618068857,Tightening,Loosening,Loosening,,,
2007-03-31,FRA,0.3514684025829867,-1.1073495964043019,-0.37794059691065757,1.0185600422202497,0.08755961613297825,Tightening,Loosening,Loosening,,,
2007-04-30,FRA,0.34440260707479714,-1.1123599132919548,-0.3839786531085788,1.0185600422202497,0.08353424533436404,Tightening,Loosening,Loosening,,,
2007-05-31,FRA,0.43288884846887027,-1.1189873494563622,-0.343049250493746,1.0185600422202497,0.11082051374425259,Tightening,Loosening,Loosening,,,
2007-06-30,FRA,0.29781851170770635,-1.222357068751355,-0.4622692785218243,1.0185600422202497,0.031340495058867046,Tightening,Loosening,Loosening,,,
2007-07-31,FRA,0.12904737514848563,-1.2789500738073507,-0.5749513493294325,1.0185600422202497,-0.0437808854795384,Tightening,Loosening,Tightening,,,
2007-08-31,FRA,-0.38907377194929876,-1.1462047921554546,-0.7676392820523766,1.0185600422202497,-0.1722395072948345,Tightening,Loosening,Tightening,,,
2007-09-30,FRA,0.7806533813357311,-0.9353737272746423,-0.07736017296945558,1.0185600422202497,0.2879465654271129,Trough,Loosening,Loosening,,,
2007-10-31,FRA,0.9415570242348394,-0.5768745591204268,0.1823412325572063,1.0185600422202497,0.4610808357782208,Loosening,Loosening,Loosening,,,
2007-11-30,FRA,1.1575014235309846,-0.3036077946568402,0.4269468144370722,1.0185600422202497,0.6241512236981314,Loosening,Loosening,Loosening,,,
2007-12-31,FRA,3.437059788348819,-0.17158910123730275,1.6327353435557583,1.0185600422202497,1.4280102431105886,Loosening,Loosening,Loosening,,,
2008-01-31,FRA,1.3202516489805391,-0.09809001297159883,0.6110808180044701,-0.7876088532531964,0.14485092758524787,Loosening,Tightening,Loosening,,,
2008-02-29,FRA,1.2614520384955006,-0.05588737145990488,0.6027823335177979,-0.7876088532531964,0.13931860459413303,Loosening,Tightening,Loosening,,,
2008-03-31,FRA,1.7087003223949961,0.24505795217153556,0.9768791372832658,-0.7876088532531964,0.3887164737711117,Loosening,Tightening,Loosening,,,
2008-04-30,FRA,1.660585965683807,0.063524793977418,0.8620553798306124,-0.7876088532531964,0.31216730213600935,Loosening,Tightening,Peak,,,
2008-05-31,FRA,1.6805081771862256,0.2847953516009648,0.9826517643935953,-0.7876088532531964,0.39256489184466464,Loosening,Tightening,Peak,,,
2008-06-30,FRA,1.797937705274638,0.5708727451797785,1.1844052252272081,-0.7876088532531964,0.5270671990670732,Peak,Tightening,Peak,,,
2008-07-31,FRA,1.582841804343211,0.36319608205864373,0.9730189432009274,-0.7876088532531964,0.3861430110495527,Loosening,Trough,Loosening,,,
2008-08-31,FRA,2.2559479468383117,0.23131184863466533,1.2436298977364886,-0.7876088532531964,0.5665503140732602,Loosening,Trough,Loosening,,,
2008-09-30,FRA,1.7298279203798859,0.1291894693847093,0.9295086948822976,-0.7876088532531964,0.35713617883713283,Peak,Trough,Peak,,,
2008-10-31,FRA,5.665250310270246,0.39214115263501426,3.0286957314526304,-0.7876088532531964,1.7565942032173545,Loosening,Trough,Loosening,,,
2008-11-30,FRA,4.309217251331255,0.3530564803519292,2.331136865841592,-0.7876088532531964,1.2915549594766624,Loosening,Trough,Loosening,,,
2008-12-31,FRA,2.5025484559362745,0.8613503913624031,1.6819494236493389,-0.7876088532531964,0.8587633313484937,Loosening,Trough,Loosening,,,
2009-01-31,FRA,3.0553449099115544,1.1039387467666424,2.0796418283390983,2.1628002878797186,2.1073613148526382,Loosening,Loosening,Loosening,,,
2009-02-28,FRA,2.385501058052837,1.0970926119608133,1.7412968350068252,2.1628002878797186,1.8817979859644565,Loosening,Loosening,Loosening,,,
2009-03-31,FRA,1.7605391659550307,1.2449476528003232,1.5027434093776768,2.1628002878797186,1.7227623688783575,Loosening,Loosening,Loosening,,,
2009-04-30,FRA,1.737063110226816,1.4811291414812346,1.6090961258540253,2.1628002878797186,1.7936641798625899,Peak,Loosening,Loosening,,,
2009-05-31,FRA,1.4245875338762024,1.3513104123402992,1.3879489731082508,2.1628002878797186,1.64623274469874,Peak,Loosening,Loosening,,,
2009-06-30,FRA,2.2552970621394763,1.189690053731044,1.7224935579352603,2.1628002878797186,1.8692624679167462,Loosening,Loosening,Loosening,,,
2009-07-31,FRA,1.4740376943299147,0.9429055650365588,1.2084716296832367,2.1628002878797186,1.5265811824153972,Peak,Loosening,Peak,,,
2009-08-31,FRA,1.2776816527562,0.6090531025262421,0.943367377641221,2.1628002878797186,1.349845014387387,Peak,Loosening,Peak,,,
2009-09-30,FRA,0.6030043762285789,0.6156171684320678,0.6093107723303234,2.1628002878797186,1.1271406108467885,Peak,Loosening,Peak,,,
2009-10-31,FRA,-1.9722850798974159,0.4706189304633095,-0.7508330747170532,2.1628002878797186,0.2203780461485375,Tightening,Loosening,Peak,,,
2009-11-30,FRA,-1.825653104073782,0.6232608355900813,-0.6011961342418504,2.1628002878797186,0.32013600646533935,Tightening,Loosening,Peak,,,
2009-12-31,FRA,-1.6505879966444137,0.5579593216033777,-0.546314337520518,2.1628002878797186,0.3567238709462276,Tightening,Loosening,Peak,,,
2010-01-31,FRA,-0.9835855278288274,0.529036555962218,-0.22727448593330468,-0.39832962284073636,-0.28429286490244854,Tightening,Tightening,Tightening,,,
2010-02-28,FRA,-0.5363278251409427,0.6535460171846893,0.05860909602187331,-0.39832962284073636,-0.09370381026566327,Peak,Tightening,Tightening,,,
2010-03-31,FRA,-0.42251759990732485,0.7671889907521523,0.17233569542241373,-0.39832962284073636,-0.017886077331969646,Peak,Tightening,Tightening,,,
2010-04-30,FRA,-0.23665408524824158,0.742282971864261,0.2528144433080097,-0.39832962284073636,0.03576642125842763,Loosening,Tightening,Peak,,,
2010-05-31,FRA,0.48874281909212275,1.0256024138696456,0.7571726164808842,-0.39832962284073636,0.37200520337367726,Loosening,Tightening,Loosening,,,
2010-06-30,FRA,-0.18662516266682055,0.8267932769601029,0.3200840571466411,-0.39832962284073636,0.08061283048418194,Loosening,Tightening,Peak,,,
2010-07-31,FRA,-0.17791516724214376,0.7588017221141782,0.2904432774360172,-0.39832962284073636,0.06085231067709934,Loosening,Trough,Loosening,,,
2010-08-31,FRA,-0.21556312053230686,0.875896848628065,0.3301668640478791,-0.39832962284073636,0.08733470175167393,Loosening,Trough,Loosening,,,
2010-09-30,FRA,0.004759421063677214,0.7502287897630904,0.3774941054133838,-0.39832962284073636,0.1188861959953437,Loosening,Trough,Loosening,,,
2010-10-31,FRA,-0.2885374439590272,0.6306140505730169,0.17103830330699485,-0.39832962284073636,-0.01875100540891557,Peak,Trough,Tightening,,,
2010-11-30,FRA,-0.0904967130576057,0.6709286650051158,0.29021597597375504,-0.39832962284073636,0.06070077636892454,Peak,Trough,Peak,,,
2010-12-31,FRA,-0.1525354369049966,0.805286079715521,0.3263753214052622,-0.39832962284073636,0.08480700665659599,Loosening,Trough,Loosening,,,
2011-01-31,FRA,-0.4416108022837878,0.3867571204668531,-0.027426840908467337,-1.7685062987749522,-0.6077866601972957,Tightening,Tightening,Tightening,,,
2011-02-28,FRA,-0.5437926326064438,0.38723020896458604,-0.0782812118209289,-1.7685062987749522,-0.6416895741389367,Tightening,Tightening,Tightening,,,
2011-03-31,FRA,-0.6702485023729523,0.26343691237646216,-0.20340579499824507,-1.7685062987749522,-0.7251059629238141,Tightening,Tightening,Tightening,,,
2011-04-30,FRA,-1.0696987599049232,0.26986537912829034,-0.39991669038831645,-1.7685062987749522,-0.8561132265171951,Tightening,Tightening,Tightening,,,
2011-05-31,FRA,-1.5235723608973335,0.3592808611805083,-0.5821457498584126,-1.7685062987749522,-0.9775992661639259,Tightening,Tightening,Tightening,,,
2011-06-30,FRA,-1.456361775832552,0.3536132504867091,-0.5513742626729214,-1.7685062987749522,-0.9570849413735985,Tightening,Tightening,Tightening,,,
2011-07-31,FRA,-0.7678453857046793,0.5824413264304082,-0.09270202963713553,-1.7685062987749522,-0.6513034526830744,Tightening,Trough,Tightening,,,
2011-08-31,FRA,-0.2935314146381878,0.928387803722409,0.3174281945421106,-1.7685062987749522,-0.37788330323024377,Loosening,Trough,Trough,,,
2011-09-30,FRA,0.529117944806317,1.1449108920715878,0.8370144184389524,-1.7685062987749522,-0.03149248729901588,Loosening,Trough,Trough,,,
2011-10-31,FRA,1.0789214647221805,1.0826886632207569,1.0808050639714688,-1.7685062987749522,0.13103460972266168,Loosening,Trough,Loosening,,,
2011-11-30,FRA,1.3143153447806226,1.0762128421579018,1.1952640934692622,-1.7685062987749522,0.20734062938785736,Loosening,Trough,Loosening,,,
2011-12-31,FRA,2.081795407145284,1.1841273387407292,1.6329613729430066,-1.7685062987749522,0.4991388157036868,Loosening,Trough,Loosening,,,
2012-01-31,FRA,2.0281196351369433,1.0917622918309184,1.559940963483931,-0.7071826536925832,0.8042330910917596,Loosening,Trough,Loosening,,,
2012-02-29,FRA,2.0953222953510338,1.1519500101869646,1.623636152768999,-0.7071826536925832,0.8466965506151382,Loosening,Trough,Loosening,,,
2012-03-31,FRA,3.16830777730669,1.0909730312793844,2.1296404042930375,-0.7071826536925832,1.1840327182978303,Loosening,Trough,Loosening,,,
2012-04-30,FRA,3.202751536010689,1.1657586187673765,2.184255077389033,-0.7071826536925832,1.2204425003618273,Loosening,Trough,Loosening,,,
2012-05-31,FRA,3.082722120065026,1.1971521764201671,2.1399371482425966,-0.7071826536925832,1.1908972142642034,Loosening,Trough,Loosening,,,
2012-06-30,FRA,2.989463388624773,1.0848143076880872,2.03713884815643,-0.7071826536925832,1.1223650142067587,Loosening,Trough,Loosening,,,
2012-07-31,FRA,2.713726454460062,1.353825146156037,2.0337758003080495,-0.7071826536925832,1.1201229823078385,Loosening,Trough,Loosening,,,
2012-08-31,FRA,2.269265613078914,1.3645455687875216,1.816905590933218,-0.7071826536925832,0.9755428427246174,Loosening,Trough,Loosening,,,
2012-09-30,FRA,1.3190432886675554,1.2955363546278862,1.307289821647721,-0.7071826536925832,0.6357989965342862,Peak,Trough,Peak,,,
2012-10-31,FRA,1.0326809164513742,1.2301414108952275,1.1314111636733009,-0.7071826536925832,0.5185465578846727,Peak,Trough,Peak,,,
2012-11-30,FRA,0.6808842230027997,1.0699576674335949,0.8754209452181974,-0.7071826536925832,0.34788641224793715,Peak,Trough,Peak,,,
2012-12-31,FRA,-0.30813968739380876,1.0109293162711195,0.3513948144386554,-0.7071826536925832,-0.0014643416050908464,Peak,Trough,Tightening,,,
2013-01-31,FRA,-0.39515606856883245,0.7144528250175273,0.1596483782243474,-0.3236412828034427,-0.0014481754515826423,Peak,Trough,Tightening,,,
2013-02-28,FRA,-0.8641718235371001,0.7983963168628317,-0.032887753337134173,-0.3236412828034427,-0.12980559649257037,Tightening,Trough,Tightening,,,
2013-03-31,FRA,-1.6913378490045836,0.7751149724791023,-0.45811143826274064,-0.3236412828034427,-0.41328805310964134,Tightening,Trough,Tightening,,,
2013-04-30,FRA,-1.7442245291232128,0.6112951703693018,-0.5664646793769554,-0.3236412828034427,-0.4855235471857845,Tightening,Trough,Tightening,,,
2013-05-31,FRA,-1.8834427911970189,0.6213528392028349,-0.631044975997092,-0.3236412828034427,-0.5285770782658755,Tightening,Trough,Tightening,,,
2013-06-30,FRA,-2.284660686208908,0.5663490954119834,-0.8591557953984623,-0.3236412828034427,-0.6806509578667891,Tightening,Trough,Tightening,,,
2013-07-31,FRA,-2.2779118423927764,0.5511508867813023,-0.863380477805737,-0.3236412828034427,-0.6834674128049723,Tightening,Trough,Tightening,,,
2013-08-31,FRA,-2.2709535938231227,0.4140298734746,-0.9284618601742614,-0.3236412828034427,-0.7268550010506551,Tightening,Trough,Tightening,,,
2013-09-30,FRA,-2.2478170732093377,0.37355573068123543,-0.9371306712640511,-0.3236412828034427,-0.7326342084438483,Tightening,Trough,Tightening,,,
2013-10-31,FRA,-2.1784608984626,0.3065569836027935,-0.9359519574299033,-0.3236412828034427,-0.7318483992210831,Tightening,Trough,Tightening,,,
2013-11-30,FRA,-2.156991081444552,0.3473581891164314,-0.9048164461640603,-0.3236412828034427,-0.711091391710521,Tightening,Trough,Tightening,,,
2013-12-31,FRA,-2.0990455236440027,0.2722310217388814,-0.9134072509525606,-0.3236412828034427,-0.7168185949028546,Tightening,Trough,Tightening,,,
2014-01-31,FRA,-2.0510892171549906,0.3380530169316323,-0.8565181001116792,-0.42168530009418287,-0.7115738334391803,Trough,Tightening,Tightening,,,
2014-02-28,FRA,-1.8149830188691245,0.2859884479603672,-0.7644972854543787,-0.42168530009418287,-0.6502266236676467,Trough,Tightening,Trough,,,
2014-03-31,FRA,-1.6814386363495113,0.20167002343466076,-0.7398843064574253,-0.42168530009418287,-0.6338179710030112,Trough,Tightening,Trough,,,
2014-04-30,FRA,-1.5588002903441636,0.2851161147205812,-0.6368420878117912,-0.42168530009418287,-0.5651231585725884,Trough,Tightening,Trough,,,
2014-05-31,FRA,-1.3727255142552919,0.1994127517374771,-0.5866563812589074,-0.42168530009418287,-0.5316660208706658,Trough,Tightening,Trough,,,
2014-06-30,FRA,-1.3651846359452762,0.22633757486248504,-0.5694235305413956,-0.42168530009418287,-0.520177453725658,Trough,Tightening,Trough,,,
2014-07-31,FRA,-1.3765219691692656,0.19565831126846675,-0.5904318289503995,-0.42168530009418287,-0.5341829859983273,Trough,Trough,Trough,,,
2014-08-31,FRA,-1.3033769792838439,0.22489860071613574,-0.5392391892838541,-0.42168530009418287,-0.5000545595539636,Trough,Trough,Trough,,,
2014-09-30,FRA,-1.245033619310306,0.23669403748637827,-0.5041697909119639,-0.42168530009418287,-0.4766749606393702,Trough,Trough,Trough,,,
2014-10-31,FRA,-1.1618243505008103,0.2460213312024165,-0.4579015096491969,-0.42168530009418287,-0.44582943979752554,Trough,Trough,Trough,,,
2014-11-30,FRA,-1.0899603480864448,0.11671532983167125,-0.4866225091273868,-0.42168530009418287,-0.4649767727829855,Trough,Trough,Trough,,,
2014-12-31,FRA,-0.8577805863927901,0.00753430107402427,-0.4251231426593829,-0.42168530009418287,-0.42397719513764953,Trough,Trough,Trough,,,
2015-01-31,FRA,-0.6335913321354689,-0.10766545046756947,-0.3706283913015192,-0.5619635376432592,-0.43440677341543255,Trough,Tightening,Trough,,,
2015-02-28,FRA,-0.6060695602016362,0.026637737239834258,-0.2897159114809009,-0.5619635376432592,-0.38046512020168705,Trough,Tightening,Trough,,,
2015-03-31,FRA,-0.3136055797450344,0.10622916243003826,-0.10368820865749806,-0.5619635376432592,-0.2564466516527518,Trough,Tightening,Trough,,,
2015-04-30,FRA,-0.09911457749776513,0.17308394371937563,0.03698468311080525,-0.5619635376432592,-0.16266472380721625,Loosening,Tightening,Trough,,,
2015-05-31,FRA,-0.04224179108199352,0.30302047508833435,0.13038934200317043,-0.5619635376432592,-0.10039495121230615,Loosening,Tightening,Trough,,,
2015-06-30,FRA,0.5370982769233107,0.23579276424936343,0.3864455205863371,-0.5619635376432592,0.07030916784313829,Loosening,Tightening,Loosening,,,
2015-07-31,FRA,0.6550013065607393,0.2693869056401929,0.4621941061004661,-0.5619635376432592,0.1208082248525576,Loosening,Trough,Loosening,,,
2015-08-31,FRA,0.7197648342434194,0.20501635728333986,0.46239059576337965,-0.5619635376432592,0.12093921796116663,Loosening,Trough,Loosening,,,
2015-09-30,FRA,0.8638665527035477,0.11295111555265673,0.4884088341281022,-0.5619635376432592,0.13828471020431504,Loosening,Trough,Loosening,,,
2015-10-31,FRA,0.9179606874115219,0.21476995884370034,0.5663653231276111,-0.5619635376432592,0.1902557028706543,Loosening,Trough,Loosening,,,
2015-11-30,FRA,1.0014179444970281,0.19470928691665226,0.5980636157068402,-0.5619635376432592,0.21138789792347368,Loosening,Trough,Loosening,,,
2015-12-31,FRA,0.8425573577249108,0.18561850336640429,0.5140879305456576,-0.5619635376432592,0.1554041078160186,Loosening,Trough,Loosening,,,
2016-01-31,FRA,0.8353001983314412,0.2913757390719797,0.5633379687017105,-0.11423062443801418,0.3374817709884689,Loosening,Trough,Loosening,,,
2016-02-29,FRA,0.9976249869443976,0.19785549072585404,0.5977402388351258,-0.11423062443801418,0.3604166177440791,Loosening,Trough,Loosening,,,
2016-03-31,FRA,0.8192952361138748,0.18235505198763532,0.5008251440507551,-0.11423062443801418,0.2958065545544986,Loosening,Trough,Loosening,,,
2016-04-30,FRA,0.7330704542038837,0.118403629889643,0.4257370420467634,-0.11423062443801418,0.2457478198851708,Peak,Trough,Loosening,,,
2016-05-31,FRA,0.7188503307484437,0.17713999713782635,0.44799516394313504,-0.11423062443801418,0.26058656781608525,Peak,Trough,Loosening,,,
2016-06-30,FRA,0.5374565745367879,0.3266811835490678,0.4320688790429278,-0.11423062443801418,0.24996904454928043,Peak,Trough,Loosening,,,
2016-07-31,FRA,0.8297052892377115,0.34754001820269337,0.5886226537202024,-0.11423062443801418,0.3543382276674635,Loosening,Trough,Loosening,,,
2016-08-31,FRA,0.8529115098187732,0.3529430827973865,0.6029272963080798,-0.11423062443801418,0.3638746560593818,Loosening,Trough,Loosening,,,
2016-09-30,FRA,0.8924306028682488,0.44486960852349594,0.6686501056958724,-0.11423062443801418,0.40768986231791016,Loosening,Trough,Loosening,,,
2016-10-31,FRA,0.9012460938233245,0.41855898619091964,0.6599025400071221,-0.11423062443801418,0.4018581518587433,Loosening,Trough,Loosening,,,
2016-11-30,FRA,0.8969498473355165,0.5229143499445438,0.7099320986400302,-0.11423062443801418,0.43521119094734867,Loosening,Trough,Loosening,,,
2016-12-31,FRA,0.9132330326438315,0.6874413349129388,0.8003371837783851,-0.11423062443801418,0.495481247706252,Loosening,Trough,Loosening,,,
2017-01-31,FRA,0.9413900247825544,0.7814533908914703,0.8614217078370123,0.46914088186514225,0.7306614325130556,Loosening,Loosening,Loosening,,,
2017-02-28,FRA,0.9472810578115275,0.9972076002931664,0.9722443290523469,0.46914088186514225,0.8045431799899454,Loosening,Loosening,Loosening,,,
2017-03-31,FRA,1.300358914119744,0.6880670986090519,0.9942130063643979,0.46914088186514225,0.819188964864646,Loosening,Loosening,Loosening,,,
2017-04-30,FRA,1.1282876369599066,0.7965034533861178,0.9623955451730122,0.46914088186514225,0.7979773240703889,Loosening,Loosening,Loosening,,,
2017-05-31,FRA,1.044884148287395,0.6132579349479325,0.8290710416176637,0.46914088186514225,0.7090943217001564,Loosening,Loosening,Loosening,,,
2017-06-30,FRA,0.9227402249959613,0.4497689083894474,0.6862545666927043,0.46914088186514225,0.6138833384168503,Peak,Loosening,Loosening,,,
2017-07-31,FRA,0.6765453605719585,0.5193084122602635,0.5979268864161109,0.46914088186514225,0.5549982182324547,Peak,Loosening,Peak,,,
2017-08-31,FRA,0.6260919837422019,0.6342358856321878,0.6301639346871948,0.46914088186514225,0.5764895837465106,Peak,Loosening,Peak,,,
2017-09-30,FRA,0.48728783011807125,0.6015534762498751,0.5444206531839731,0.46914088186514225,0.5193273960776962,Peak,Loosening,Peak,,,
2017-10-31,FRA,0.43698085934661557,0.5593284082113323,0.49815463377897395,0.46914088186514225,0.48848338314103007,Peak,Loosening,Peak,,,
2017-11-30,FRA,0.410785344957106,0.5671468130372762,0.48896607899719113,0.46914088186514225,0.48235767995317486,Peak,Loosening,Peak,,,
2017-12-31,FRA,0.3190025493195926,0.4254374142282325,0.3722199817739126,0.46914088186514225,0.40452694847098913,Peak,Loosening,Peak,,,
2018-01-31,FRA,0.22636531775580965,0.31207328166115833,0.269219299708484,-0.1919768854704425,0.11548723798217517,Peak,Tightening,Peak,,,
2018-02-28,FRA,0.1493039501598337,0.2784330888046052,0.21386851948221947,-0.1919768854704425,0.07858671783133211,Peak,Tightening,Peak,,,
2018-03-31,FRA,-0.2185013681978734,0.4095017490790131,0.09550019044056984,-0.1919768854704425,-0.0003255015297676245,Peak,Tightening,Tightening,,,
2018-04-30,FRA,-0.2454432631370451,0.30285965467966086,0.028708195771307884,-0.1919768854704425,-0.04485349797594226,Peak,Tightening,Tightening,,,
2018-05-31,FRA,-0.2897226805163946,0.6673247998833869,0.18880105968349614,-0.1919768854704425,0.061875077965516584,Peak,Tightening,Peak,,,
2018-06-30,FRA,-0.268785366446156,0.65571711798275,0.193465875768297,-0.1919768854704425,0.06498495535538382,Peak,Tightening,Peak,,,
2018-07-31,FRA,-0.28934449033199955,0.6429201083109026,0.17678780898945154,-0.1919768854704425,0.05386624416948685,Peak,Trough,Peak,,,
2018-08-31,FRA,-0.3087405964095692,0.6158720545342261,0.15356572906232846,-0.1919768854704425,0.03838485755140479,Peak,Trough,Peak,,,
2018-09-30,FRA,-0.350880134247269,0.5347437319073679,0.09193179883004945,-0.1919768854704425,-0.002704429270114543,Peak,Trough,Tightening,,,
2018-10-31,FRA,-0.3914658676119227,0.6762896892836991,0.14241191083588822,-0.1919768854704425,0.03094897873377797,Loosening,Trough,Loosening,,,
2018-11-30,FRA,-0.40388988322856845,0.5483024617133077,0.0722062892423696,-0.1919768854704425,-0.01585476899523444,Peak,Trough,Tightening,,,
2018-12-31,FRA,-0.4336031660859779,0.41767797964012127,-0.007962593222928305,-0.1919768854704425,-0.06930069063876639,Tightening,Trough,Tightening,,,
2019-01-31,FRA,-0.40288039992280744,0.2994681836773629,-0.05170610812272228,1.4444952951110739,0.44702769295520983,Tightening,Loosening,Loosening,,,
2019-02-28,FRA,-0.43072695548244827,0.2985184878984171,-0.06610423379201558,1.4444952951110739,0.43742894250901426,Tightening,Loosening,Loosening,,,
2019-03-31,FRA,-0.4372378584387433,0.33032139910405384,-0.05345822966734473,1.4444952951110739,0.44585961192546153,Tightening,Loosening,Loosening,,,
2019-04-30,FRA,-0.45290927962534827,0.42552986813084415,-0.013689705747252062,1.4444952951110739,0.47237196120552327,Tightening,Loosening,Loosening,,,
2019-05-31,FRA,-0.4654060228529643,0.30339760718825454,-0.08100420783235487,1.4444952951110739,0.4274956264821214,Tightening,Loosening,Loosening,,,
2019-06-30,FRA,-0.47940998433644905,0.36782902931734934,-0.05579047750954985,1.4444952951110739,0.4443047800306581,Tightening,Loosening,Loosening,,,
2019-07-31,FRA,-0.4980295177603128,0.305481698928126,-0.0962739094160934,1.4444952951110739,0.41731582542629575,Tightening,Loosening,Peak,,,
2019-08-31,FRA,-0.5007725421699395,0.40821861410387034,-0.04627696403303458,1.4444952951110739,0.4506471223483349,Trough,Loosening,Loosening,,,
2019-09-30,FRA,-0.5401290288707968,0.19659127064597795,-0.17176887911240946,1.4444952951110739,0.3669858456287517,Tightening,Loosening,Peak,,,
2019-10-31,FRA,-0.5079263138871241,0.01601113541235133,-0.24595758923738636,1.4444952951110739,0.3175267055454338,Tightening,Loosening,Peak,,,
2019-11-30,FRA,-0.5347110728394048,0.06935706258016322,-0.23267700512962078,1.4444952951110739,0.32638042828394415,Tightening,Loosening,Peak,,,
2019-12-31,FRA,-0.5566538687372995,0.21520584881011184,-0.17072400996359383,1.4444952951110739,0.36768242506129545,Tightening,Loosening,Peak,,,
2020-01-31,FRA,-0.6213927539508263,0.29108163558126265,-0.1651555591847818,2.630365601837534,0.7666848278226569,Tightening,Loosening,Loosening,,,
2020-02-29,FRA,-0.5798410869895669,0.31497310157172104,-0.13243399270892295,2.630365601837534,0.7884992054732295,Tightening,Loosening,Loosening,,,
2020-03-31,FRA,-0.19139656311531075,-0.009728630981995723,-0.10056259704865324,2.630365601837534,0.8097468025800759,Trough,Loosening,Loosening,,,
2020-04-30,FRA,0.10557635986891518,-0.22480372126322923,-0.05961368069715702,2.630365601837534,0.8370460801477401,Trough,Loosening,Loosening,,,
2020-05-31,FRA,0.38310544518010403,-0.415723241081563,-0.016308897950729484,2.630365601837534,0.8659159353120252,Trough,Loosening,Loosening,,,
2020-06-30,FRA,1.0394544857918904,-0.2624088056244348,0.3885228400837278,2.630365601837534,1.13580376066833,Loosening,Loosening,Loosening,,,
2020-07-31,FRA,1.1631658590368672,-0.19000359258341779,0.4865811332267247,2.630365601837534,1.2011759560969946,Loosening,Loosening,Loosening,,,
2020-08-31,FRA,1.2296773661707563,-0.5072268192377105,0.3612252734665229,2.630365601837534,1.1176053829235266,Loosening,Loosening,Loosening,,,
2020-09-30,FRA,1.3723865865346463,-0.542516215347901,0.41493518559337267,2.630365601837534,1.153411991008093,Loosening,Loosening,Loosening,,,
2020-10-31,FRA,1.5298591187640431,-0.3985327102087985,0.5656632042776223,2.630365601837534,1.253897336797593,Loosening,Loosening,Loosening,,,
2020-11-30,FRA,1.5824905840603323,-0.44507747224439603,0.5687065559079681,2.630365601837534,1.2559262378844902,Loosening,Loosening,Loosening,,,
2020-12-31,FRA,1.6884724923580632,-0.41785984809125604,0.6353063221334035,2.630365601837534,1.3003260820347804,Loosening,Loosening,Loosening,,,
2021-01-31,FRA,1.7004017429674274,0.11945221044907643,0.909926976708252,-0.7319716592483015,0.3626274313894008,Loosening,Tightening,Peak,,,
2021-02-28,FRA,1.7080348539980375,0.042787733433945374,0.8754112937159915,-0.7319716592483015,0.3396169760612271,Loosening,Tightening,Peak,,,
2021-03-31,FRA,1.5249243750295944,0.30307274863536393,0.9139985618324792,-0.7319716592483015,0.36534182147221894,Loosening,Tightening,Peak,,,
2021-04-30,FRA,1.1979350593944964,0.41340123523950734,0.8056681473170019,-0.7319716592483015,0.29312154512856736,Loosening,Tightening,Peak,,,
2021-05-31,FRA,0.9680775098643211,0.5624942893652994,0.7652858996148102,-0.7319716592483015,0.2662000466604396,Loosening,Tightening,Peak,,,
2021-06-30,FRA,0.4774783101436428,0.524666928675329,0.5010726194094859,-0.7319716592483015,0.09005785985689005,Peak,Tightening,Peak,,,
2021-07-31,FRA,0.4343691129594782,0.7822989215945801,0.6083340172770292,-0.7319716592483015,0.16156545843525225,Peak,Trough,Peak,,,
2021-08-31,FRA,0.5002684277269296,1.0360158577241025,0.7681421427255161,-0.7319716592483015,0.26810420873424345,Peak,Trough,Peak,,,
2021-09-30,FRA,0.46891106937485966,1.0894233597147311,0.7791672145447954,-0.7319716592483015,0.2754542566137631,Peak,Trough,Peak,,,
2021-10-31,FRA,0.32547920287992615,1.138011845133618,0.7317455240067721,-0.7319716592483015,0.24383979625508082,Peak,Trough,Peak,,,
2021-11-30,FRA,0.2990292083096884,1.6112522072312945,0.9551407077704914,-0.7319716592483015,0.39276991876422707,Loosening,Trough,Loosening,,,
2021-12-31,FRA,0.2715457658327165,1.3302771614335869,0.8009114636331517,-0.7319716592483015,0.28995042267266724,Loosening,Trough,Loosening,,,
2022-01-31,FRA,0.29971810469347643,1.120324610097955,0.7100213573957157,-1.0979788454081043,0.10735462312777566,Loosening,Tightening,Peak,,,
2022-02-28,FRA,0.2771645739137699,1.1834518559726759,0.730308214943223,-1.0979788454081043,0.12087919482611381,Peak,Tightening,Peak,,,
2022-03-31,FRA,0.019620478249962478,0.7720815146141629,0.3958509964320627,-1.0979788454081043,-0.10209228418132638,Peak,Tightening,Tightening,,,
2022-04-30,FRA,0.035892852025708515,0.23488898078806728,0.13539091640688788,-1.0979788454081043,-0.2757323375314429,Peak,Tightening,Tightening,,,
2022-05-31,FRA,0.006638733302606388,0.09866439886321476,0.05265156608291058,-1.0979788454081043,-0.33089190441409444,Peak,Tightening,Tightening,,,
2022-06-30,FRA,-0.11895958255126214,-0.1635215325069462,-0.14124055752910417,-1.0979788454081043,-0.4601533201554376,Tightening,Tightening,Tightening,,,
2022-07-31,FRA,-0.2246624582541572,-0.06814890224104479,-0.146405680247601,-1.0979788454081043,-0.4635967353011021,Tightening,Trough,Tightening,,,
2022-08-31,FRA,-0.35729276216630895,-1.014938927254126,-0.6861158447102175,-1.0979788454081043,-0.8234035116095131,Tightening,Trough,Tightening,,,
2022-09-30,FRA,-0.3637024894869818,-1.8285498173676376,-1.0961261534273097,-1.0979788454081043,-1.096743717420908,Tightening,Trough,Tightening,,,
2022-10-31,FRA,-0.43808209544430154,-1.7858707298347012,-1.1119764126395013,-1.0979788454081043,-1.1073105568957025,Tightening,Trough,Tightening,,,
2022-11-30,FRA,-0.6655066659707614,-1.7962724208113794,-1.2308895433910703,-1.0979788454081043,-1.1865859773967484,Tightening,Trough,Tightening,,,
2022-12-31,FRA,-1.0263238909655539,-2.0019156938053957,-1.5141197923854748,-1.0979788454081043,-1.3754061433930178,Tightening,Trough,Tightening,,,
2023-01-31,FRA,-1.080875126446677,-1.7066550761221384,-1.3937651012844077,0.5908988424550877,-0.7322104533712426,Tightening,Loosening,Tightening,,,
2023-02-28,FRA,-1.1291404325841794,-1.903196581638052,-1.5161685071111157,0.5908988424550877,-0.8138127239223811,Tightening,Loosening,Trough,,,
2023-03-31,FRA,-1.2126058542586367,-1.2249029453965514,-1.218754399827594,0.5908988424550877,-0.6155366524000334,Tightening,Loosening,Trough,,,
2023-04-30,FRA,-1.25507915465999,-1.0684353677522713,-1.1617572612061307,0.5908988424550877,-0.5775385599857246,Tightening,Loosening,Trough,,,
2023-05-31,FRA,-1.2760330606945773,-0.8808072722282206,-1.078420166461399,0.5908988424550877,-0.5219804968225701,Trough,Loosening,Trough,,,
2023-06-30,FRA,-1.5741511317946024,-1.1702264337954833,-1.372188782795043,0.5908988424550877,-0.7178262410449994,Trough,Loosening,Trough,,,
2023-07-31,FRA,-1.565031128991344,-0.8186945096611563,-1.1918628193262502,0.5908988424550877,-0.5976089320658042,Trough,Loosening,Trough,,,
2023-08-31,FRA,-1.5864241672067334,-0.5878679756954055,-1.0871460714510695,0.5908988424550877,-0.5277977668156837,Trough,Loosening,Trough,,,
2023-09-30,FRA,-1.6732982371027272,-0.5073881814636804,-1.0903432092832037,0.5908988424550877,-0.5299291920371065,Trough,Loosening,Trough,,,
2023-10-31,FRA,-1.6888727790095763,-0.5389583370209138,-1.113915558015245,0.5908988424550877,-0.5456440911918008,Trough,Loosening,Trough,,,
2023-11-30,FRA,-1.5698027003403292,-0.2231029472116474,-0.8964528237759883,0.5908988424550877,-0.4006689350322962,Trough,Loosening,Trough,,,
2023-12-31,FRA,-1.3490296916152251,0.2639131688264776,-0.5425582613943738,0.5908988424550877,-0.1647392267778866,Trough,Loosening,Trough,,,
2024-01-31,FRA,-1.3614502507914978,0.1579064418949431,-0.6017719044482773,0.10148950516679126,-0.36735143457658775,Trough,Peak,Trough,,,
2024-02-29,FRA,-1.3783171810896726,-0.059039936778999845,-0.7186785589343362,0.10148950516679126,-0.44528920423396035,Trough,Peak,Trough,,,
2024-03-31,FRA,-1.463435000202364,0.13942878726753763,-0.6620031064674131,0.10148950516679126,-0.4075055692560116,Trough,Peak,Trough,,,
2024-04-30,FRA,-1.4754368819345325,-0.024679042227309694,-0.7500579620809211,0.10148950516679126,-0.4662088063316836,Trough,Peak,Trough,,,
2024-05-31,FRA,-1.4964238126532468,0.05446122130775163,-0.7209812956727476,0.10148950516679126,-0.44682436205956794,Trough,Peak,Tightening,,,
2024-06-30,FRA,-1.2222877224121256,0.21136117035122823,-0.5054632760304487,0.10148950516679126,-0.30314568229803535,Trough,Peak,Tightening,,,
2024-07-31,FRA,-1.2420196536040249,0.36423908418763284,-0.438890284708196,0.10148950516679126,-0.2587636880832002,Trough,Loosening,Trough,,,
2024-08-31,FRA,-1.2255745939479419,0.5223480700631654,-0.35161326194238823,0.10148950516679126,-0.2005790062393284,Trough,Loosening,Trough,,,
2024-09-30,FRA,-1.2255185393936159,0.5772170663166366,-0.32415073653848964,0.10148950516679126,-0.18227065597006267,Trough,Loosening,Trough,,,
2024-10-31,FRA,-1.1843051997221987,0.39694618654005503,-0.39367950659107187,0.10148950516679126,-0.2286231693384508,Trough,Loosening,Trough,,,
2024-11-30,FRA,-1.2010997657456313,0.6455544996009945,-0.27777263307231836,0.10148950516679126,-0.1513519203259485,Trough,Loosening,Trough,,,
2024-12-31,FRA,-1.1681890068207452,0.5241814328284774,-0.3220037869961339,0.10148950516679126,-0.18083935627515885,Trough,Loosening,Trough,,,
2025-01-31,FRA,-1.1007129458197458,0.49146566907133193,-0.3046236383742069,-0.7283409090467815,-0.4458627285983985,Trough,Tightening,Tightening,,,
2025-02-28,FRA,-1.1117504539644205,0.4399365653359087,-0.33590694431425594,-0.7283409090467815,-0.46671826589176446,Trough,Tightening,Tightening,,,
2025-03-31,FRA,-1.0050953768863502,0.3217614066308569,-0.3416669851277466,-0.7283409090467815,-0.47055829310075825,Tightening,Tightening,Tightening,,,
2025-04-30,FRA,-0.9139426123579331,0.4356487917138146,-0.23914691032205923,-0.7283409090467815,-0.4022115765636334,Trough,Tightening,Tightening,,,
2025-05-31,FRA,-0.9195411623312622,0.3241848652622679,-0.29767814853449714,-0.7283409090467815,-0.44123240203859193,Tightening,Tightening,Tightening,,,
2025-06-30,FRA,-0.910026064946335,0.130261388444868,-0.3898823382507335,-0.7283409090467815,-0.5027018618494161,Tightening,Tightening,Tightening,,,
2025-07-31,FRA,-0.948335740113039,0.05827919585807432,-0.44502827212748236,-0.7283409090467815,-0.5394658177672488,Tightening,Trough,Tightening,,,
2025-08-31,FRA,-0.9570979253002576,0.055833732571980654,-0.4506320963641385,-0.7283409090467815,-0.5432017005916862,Tightening,Trough,Tightening,,,
2025-09-30,FRA,-0.8998068348978598,-0.17220781556826745,-0.5360073252330636,-0.7283409090467815,-0.6001185198376362,Tightening,Trough,Tightening,,,
2025-10-31,FRA,-0.8166730630852267,-0.22782001039231148,-0.5222465367387691,-0.7283409090467815,-0.5909446608414399,Tightening,Trough,Tightening,,,
2025-11-30,FRA,-0.7922509945288095,-0.2626086559624342,-0.5274298252456219,-0.7283409090467815,-0.5944001865126751,Tightening,Trough,Tightening,,,
2025-12-31,FRA,-0.7503320574278995,-0.4136279817757802,-0.5819800196018399,-0.7283409090467815,-0.6307669827501537,Tightening,Trough,Tightening,,,
2026-01-31,FRA,-0.6635924597370022,-0.40587785210383576,-0.534735155920419,-0.4548261357788313,-0.5080988158732231,Tightening,Trough,Trough,,,
2026-02-28,FRA,-0.6430189627650658,-0.39350975240262337,-0.5182643575838446,-0.4548261357788313,-0.49711828364884014,Tightening,Trough,Trough,,,
2026-03-31,FRA,-0.6254057198895931,-0.7544871602245697,-0.6899464400570814,-0.4548261357788313,-0.6115730052976647,Tightening,Trough,Tightening,,,
2026-04-30,FRA,-0.637288646934779,-0.745275216408407,-0.691281931671593,-0.4548261357788313,-0.6124633330406725,Tightening,Trough,Tightening,,,
2026-05-31,FRA,-0.6250015443521442,-0.6420582285255559,-0.6335298864388501,-0.4548261357788313,-0.5739619695521772,Tightening,Trough,Trough,,,
2026-06-30,FRA,-0.6168803973351495,-0.6783340725490473,-0.6476072349420985,-0.4548261357788313,-0.5833468685543428,Tightening,Trough,Trough,,,
2026-07-31,FRA,-0.663013880150329,-0.8099722200681976,-0.7364930501092632,-0.4548261357788313,-0.642604078665786,Tightening,Trough,Tightening,,,
2026-08-31,FRA,-0.6457209100693341,-0.8462601257516488,-0.7459905179104914,-0.4548261357788313,-0.6489357238666047,Tightening,Trough,Tightening,,,
2026-09-30,FRA,-0.620230235811616,-0.9599544887246984,-0.7900923622681572,-0.4548261357788313,-0.6783369534383819,Tightening,Trough,Tightening,,,
2003-12-31,ITA,,1.671527994622152,1.671527994622152,0.30658552615737633,1.21654717180056,,Loosening,,,,
2004-01-31,ITA,,1.3990861293290862,1.3990861293290862,0.5382995762378967,1.1121572782986897,,Loosening,,,,
2004-02-29,ITA,,1.1607704786908182,1.1607704786908182,0.5382995762378967,0.9532801778731776,,Loosening,,,,
2004-03-31,ITA,,1.2261899434543273,1.2261899434543273,0.5382995762378967,0.9968931543821837,,Loosening,,,,
2004-04-30,ITA,,1.624680973279658,1.624680973279658,0.5382995762378967,1.2625538409324042,,Loosening,,,,
2004-05-31,ITA,,2.028254295814101,2.028254295814101,0.5382995762378967,1.531602722622033,,Loosening,,,,
2004-06-30,ITA,,1.8854543146215934,1.8854543146215934,0.5382995762378967,1.436402735160361,Loosening,Loosening,Loosening,,,
2004-07-31,ITA,,1.75169345943424,1.75169345943424,0.5382995762378967,1.3472288317021255,Loosening,Loosening,Loosening,,,
2004-08-31,ITA,,1.7462240267157318,1.7462240267157318,0.5382995762378967,1.34358254322312,Loosening,Loosening,Loosening,,,
2004-09-30,ITA,,1.4271209041879829,1.4271209041879829,0.5382995762378967,1.1308471282046209,Loosening,Loosening,Loosening,,,
2004-10-31,ITA,,1.6640487274530038,1.6640487274530038,0.5382995762378967,1.2887990103813014,Loosening,Loosening,Loosening,,,
2004-11-30,ITA,,1.5105550868491577,1.5105550868491577,0.5382995762378967,1.186469916645404,Peak,Loosening,Peak,,,
2004-12-31,ITA,0.29832062388188607,0.7118350610611865,0.5050778424715363,0.5382995762378967,0.5161517537269897,Peak,Loosening,Peak,,,
2005-01-31,ITA,0.7011338732168193,0.47411410969167855,0.5876239914542489,0.45223105241602984,0.5424930117748425,Peak,Peak,Peak,,,
2005-02-28,ITA,1.0495638422920448,0.543356445302234,0.7964601437971395,0.45223105241602984,0.6817171133367697,Peak,Peak,Peak,,,
2005-03-31,ITA,1.1324605374636105,0.5868921304622138,0.8596763339629121,0.45223105241602984,0.7238612401139514,Peak,Peak,Peak,,,
2005-04-30,ITA,0.7989858815148473,0.5407132767990457,0.6698495791569465,0.45223105241602984,0.5973100702433076,Peak,Peak,Peak,,,
2005-05-31,ITA,0.4069993725384913,0.47483562257201756,0.44091749755525445,0.45223105241602984,0.4446886825088463,Peak,Peak,Peak,,,
2005-06-30,ITA,0.5669317986914327,0.49097101777281804,0.5289514082321254,0.45223105241602984,0.5033779562934269,Loosening,Peak,Peak,,,
2005-07-31,ITA,1.286333554942698,0.5453217505106671,0.9158276527266825,0.45223105241602984,0.7612954526231317,Loosening,Loosening,Loosening,,,
2005-08-31,ITA,1.2205526416596697,0.5577134929926918,0.8891330673261808,0.45223105241602984,0.7434990623561305,Loosening,Loosening,Loosening,,,
2005-09-30,ITA,1.1877115267456704,0.7613206620060939,0.9745160943758822,0.45223105241602984,0.8004210803892647,Loosening,Loosening,Loosening,,,
2005-10-31,ITA,1.142392813948061,0.6704638220056125,0.9064283179768368,0.45223105241602984,0.7550292294565678,Loosening,Loosening,Loosening,,,
2005-11-30,ITA,1.2531571216429043,0.5782838630486934,0.9157204923457989,0.45223105241602984,0.7612240123692092,Loosening,Loosening,Loosening,,,
2005-12-31,ITA,1.8496073666144832,0.28375382702661317,1.0666805968205482,0.45223105241602984,0.8618640820190421,Loosening,Loosening,Loosening,,,
2006-01-31,ITA,1.8675042324448579,0.39159497629632056,1.1295496043705893,-0.26061916632786314,0.6661600141377718,Loosening,Tightening,Peak,,,
2006-02-28,ITA,1.585416648467526,0.33469314692402735,0.9600548976957767,-0.26061916632786314,0.55316354302123,Loosening,Tightening,Peak,,,
2006-03-31,ITA,1.3999608675312254,-0.00847479274341889,0.6957430373939033,-0.26061916632786314,0.3769556361533145,Peak,Tightening,Peak,,,
2006-04-30,ITA,1.4272928093059156,0.1194416107185004,0.773367210012208,-0.26061916632786314,0.4287050845655176,Peak,Tightening,Peak,,,
2006-05-31,ITA,1.5693311791376858,0.14980942826769184,0.8595703037026888,-0.26061916632786314,0.4861738136925048,Peak,Tightening,Peak,,,
2006-06-30,ITA,1.2779465705216806,-0.1278144052849146,0.575066082618383,-0.26061916632786314,0.2965043329696343,Peak,Tightening,Peak,,,
2006-07-31,ITA,1.0105547356751452,-0.12981103670408123,0.440371849485532,-0.26061916632786314,0.2067081775477336,Peak,Trough,Peak,,,
2006-08-31,ITA,0.8553063193643521,-0.47076375746383387,0.1922712809502591,-0.26061916632786314,0.04130779852421834,Peak,Trough,Peak,,,
2006-09-30,ITA,0.861087223119683,-0.7447093738156221,0.05818892465203046,-0.26061916632786314,-0.04808043900793409,Peak,Trough,Tightening,,,
2006-10-31,ITA,0.7404778448966003,-1.0839478621862606,-0.17173500864483016,-0.26061916632786314,-0.20136306120584116,Tightening,Trough,Tightening,,,
2006-11-30,ITA,0.7234056303192425,-0.9338139736828606,-0.10520417168180901,-0.26061916632786314,-0.1570091698971604,Tightening,Trough,Tightening,,,
2006-12-31,ITA,0.63983054905787,-1.0243094985425252,-0.1922394747423276,-0.26061916632786314,-0.21503270527083945,Tightening,Trough,Tightening,,,
2007-01-31,ITA,0.34006338868912694,-1.047929541464628,-0.3539330763877505,-2.3700944966537283,-1.0259868831430765,Tightening,Tightening,Tightening,,,
2007-02-28,ITA,0.25692992371657036,-1.032070980516163,-0.38757052839979633,-2.3700944966537283,-1.0484118511511071,Tightening,Tightening,Tightening,,,
2007-03-31,ITA,0.3514684025829867,-1.1073495964043019,-0.37794059691065757,-2.3700944966537283,-1.0419918968250146,Tightening,Tightening,Tightening,,,
2007-04-30,ITA,0.34440260707479714,-1.1123599132919548,-0.3839786531085788,-2.3700944966537283,-1.0460172676236286,Tightening,Tightening,Tightening,,,
2007-05-31,ITA,0.43288884846887027,-1.1189873494563622,-0.343049250493746,-2.3700944966537283,-1.01873099921374,Tightening,Tightening,Tightening,,,
2007-06-30,ITA,0.29781851170770635,-1.222357068751355,-0.4622692785218243,-2.3700944966537283,-1.0982110178991258,Tightening,Tightening,Tightening,,,
2007-07-31,ITA,0.12904737514848563,-1.2789500738073507,-0.5749513493294325,-2.3700944966537283,-1.1733323984375312,Tightening,Trough,Tightening,,,
2007-08-31,ITA,-0.38907377194929876,-1.1462047921554546,-0.7676392820523766,-2.3700944966537283,-1.3017910202528271,Tightening,Trough,Tightening,,,
2007-09-30,ITA,0.7806533813357311,-0.9353737272746423,-0.07736017296945558,-2.3700944966537283,-0.8416049475308799,Trough,Trough,Trough,,,
2007-10-31,ITA,0.9415570242348394,-0.5768745591204268,0.1823412325572063,-2.3700944966537283,-0.6684706771797719,Loosening,Trough,Trough,,,
2007-11-30,ITA,1.1575014235309846,-0.3036077946568402,0.4269468144370722,-2.3700944966537283,-0.5054002892598614,Loosening,Trough,Trough,,,
2007-12-31,ITA,3.437059788348819,-0.17158910123730275,1.6327353435557583,-2.3700944966537283,0.29845873015259594,Loosening,Trough,Loosening,,,
2008-01-31,ITA,1.3202516489805391,-0.09809001297159883,0.6110808180044701,0.32441843227349104,0.515526689427477,Loosening,Loosening,Loosening,,,
2008-02-29,ITA,1.2614520384955006,-0.05588737145990488,0.6027823335177979,0.32441843227349104,0.5099943664363622,Loosening,Loosening,Loosening,,,
2008-03-31,ITA,1.7087003223949961,0.24505795217153556,0.9768791372832658,0.32441843227349104,0.7593922356133409,Loosening,Loosening,Loosening,,,
2008-04-30,ITA,1.660585965683807,0.063524793977418,0.8620553798306124,0.32441843227349104,0.6828430639782386,Loosening,Loosening,Loosening,,,
2008-05-31,ITA,1.6805081771862256,0.2847953516009648,0.9826517643935953,0.32441843227349104,0.7632406536868939,Loosening,Loosening,Loosening,,,
2008-06-30,ITA,1.797937705274638,0.5708727451797785,1.1844052252272081,0.32441843227349104,0.8977429609093024,Peak,Loosening,Loosening,,,
2008-07-31,ITA,1.582841804343211,0.36319608205864373,0.9730189432009274,0.32441843227349104,0.7568187728917819,Loosening,Loosening,Loosening,,,
2008-08-31,ITA,2.2559479468383117,0.23131184863466533,1.2436298977364886,0.32441843227349104,0.9372260759154893,Loosening,Loosening,Loosening,,,
2008-09-30,ITA,1.7298279203798859,0.1291894693847093,0.9295086948822976,0.32441843227349104,0.7278119406793621,Peak,Loosening,Peak,,,
2008-10-31,ITA,5.665250310270246,0.39214115263501426,3.0286957314526304,0.32441843227349104,2.1272699650595834,Loosening,Loosening,Loosening,,,
2008-11-30,ITA,4.309217251331255,0.3530564803519292,2.331136865841592,0.32441843227349104,1.6622307213188916,Loosening,Loosening,Loosening,,,
2008-12-31,ITA,2.5025484559362745,0.8613503913624031,1.6819494236493389,0.32441843227349104,1.2294390931907229,Loosening,Loosening,Loosening,,,
2009-01-31,ITA,3.0553449099115544,1.1039387467666424,2.0796418283390983,0.28632917267277386,1.48187094311699,Loosening,Peak,Loosening,,,
2009-02-28,ITA,2.385501058052837,1.0970926119608133,1.7412968350068252,0.28632917267277386,1.256307614228808,Loosening,Peak,Loosening,,,
2009-03-31,ITA,1.7605391659550307,1.2449476528003232,1.5027434093776768,0.28632917267277386,1.0972719971427092,Loosening,Peak,Loosening,,,
2009-04-30,ITA,1.737063110226816,1.4811291414812346,1.6090961258540253,0.28632917267277386,1.1681738081269415,Peak,Peak,Peak,,,
2009-05-31,ITA,1.4245875338762024,1.3513104123402992,1.3879489731082508,0.28632917267277386,1.0207423729630918,Peak,Peak,Peak,,,
2009-06-30,ITA,2.2552970621394763,1.189690053731044,1.7224935579352603,0.28632917267277386,1.243772096181098,Loosening,Peak,Loosening,,,
2009-07-31,ITA,1.4740376943299147,0.9429055650365588,1.2084716296832367,0.28632917267277386,0.901090810679749,Peak,Loosening,Peak,,,
2009-08-31,ITA,1.2776816527562,0.6090531025262421,0.943367377641221,0.28632917267277386,0.7243546426517387,Peak,Loosening,Peak,,,
2009-09-30,ITA,0.6030043762285789,0.6156171684320678,0.6093107723303234,0.28632917267277386,0.5016502391111402,Peak,Loosening,Peak,,,
2009-10-31,ITA,-1.9722850798974159,0.4706189304633095,-0.7508330747170532,0.28632917267277386,-0.40511232558711074,Tightening,Loosening,Tightening,,,
2009-11-30,ITA,-1.825653104073782,0.6232608355900813,-0.6011961342418504,0.28632917267277386,-0.3053543652703089,Tightening,Loosening,Tightening,,,
2009-12-31,ITA,-1.6505879966444137,0.5579593216033777,-0.546314337520518,0.28632917267277386,-0.26876650078942066,Tightening,Loosening,Tightening,,,
2010-01-31,ITA,-0.9835855278288274,0.529036555962218,-0.22727448593330468,-0.17957996632180795,-0.21137631272947244,Tightening,Tightening,Tightening,,,
2010-02-28,ITA,-0.5363278251409427,0.6535460171846893,0.05860909602187331,-0.17957996632180795,-0.020787258092687118,Peak,Tightening,Tightening,,,
2010-03-31,ITA,-0.42251759990732485,0.7671889907521523,0.17233569542241373,-0.17957996632180795,0.055030474841006496,Peak,Tightening,Peak,,,
2010-04-30,ITA,-0.23665408524824158,0.742282971864261,0.2528144433080097,-0.17957996632180795,0.10868297343140378,Loosening,Tightening,Loosening,,,
2010-05-31,ITA,0.48874281909212275,1.0256024138696456,0.7571726164808842,-0.17957996632180795,0.4449217555466534,Loosening,Tightening,Loosening,,,
2010-06-30,ITA,-0.18662516266682055,0.8267932769601029,0.3200840571466411,-0.17957996632180795,0.1535293826571581,Loosening,Tightening,Loosening,,,
2010-07-31,ITA,-0.17791516724214376,0.7588017221141782,0.2904432774360172,-0.17957996632180795,0.1337688628500755,Loosening,Trough,Loosening,,,
2010-08-31,ITA,-0.21556312053230686,0.875896848628065,0.3301668640478791,-0.17957996632180795,0.16025125392465006,Loosening,Trough,Loosening,,,
2010-09-30,ITA,0.004759421063677214,0.7502287897630904,0.3774941054133838,-0.17957996632180795,0.19180274816831983,Loosening,Trough,Loosening,,,
2010-10-31,ITA,-0.2885374439590272,0.6306140505730169,0.17103830330699485,-0.17957996632180795,0.054165546764060574,Peak,Trough,Peak,,,
2010-11-30,ITA,-0.0904967130576057,0.6709286650051158,0.29021597597375504,-0.17957996632180795,0.13361732854190067,Peak,Trough,Peak,,,
2010-12-31,ITA,-0.1525354369049966,0.805286079715521,0.3263753214052622,-0.17957996632180795,0.15772355882957212,Loosening,Trough,Loosening,,,
2011-01-31,ITA,-0.4416108022837878,0.3867571204668531,-0.027426840908467337,-0.6373673584387796,-0.23074034675190477,Tightening,Tightening,Tightening,,,
2011-02-28,ITA,-0.5437926326064438,0.38723020896458604,-0.0782812118209289,-0.6373673584387796,-0.2646432606935458,Tightening,Tightening,Tightening,,,
2011-03-31,ITA,-0.6702485023729523,0.26343691237646216,-0.20340579499824507,-0.6373673584387796,-0.34805964947842327,Tightening,Tightening,Tightening,,,
2011-04-30,ITA,-1.0696987599049232,0.26986537912829034,-0.39991669038831645,-0.6373673584387796,-0.47906691307180416,Tightening,Tightening,Tightening,,,
2011-05-31,ITA,-1.5235723608973335,0.3592808611805083,-0.5821457498584126,-0.6373673584387796,-0.6005529527185349,Tightening,Tightening,Tightening,,,
2011-06-30,ITA,-1.456361775832552,0.3536132504867091,-0.5513742626729214,-0.6373673584387796,-0.5800386279282075,Tightening,Tightening,Tightening,,,
2011-07-31,ITA,-0.7678453857046793,0.5824413264304082,-0.09270202963713553,-0.6373673584387796,-0.2742571392376836,Tightening,Trough,Tightening,,,
2011-08-31,ITA,-0.2935314146381878,0.928387803722409,0.3174281945421106,-0.6373673584387796,-0.0008369897848528318,Loosening,Trough,Trough,,,
2011-09-30,ITA,0.529117944806317,1.1449108920715878,0.8370144184389524,-0.6373673584387796,0.34555382614637503,Loosening,Trough,Loosening,,,
2011-10-31,ITA,1.0789214647221805,1.0826886632207569,1.0808050639714688,-0.6373673584387796,0.5080809231680525,Loosening,Trough,Loosening,,,
2011-11-30,ITA,1.3143153447806226,1.0762128421579018,1.1952640934692622,-0.6373673584387796,0.5843869428332482,Loosening,Trough,Loosening,,,
2011-12-31,ITA,2.081795407145284,1.1841273387407292,1.6329613729430066,-0.6373673584387796,0.8761851291490776,Loosening,Trough,Loosening,,,
2012-01-31,ITA,2.0281196351369433,1.0917622918309184,1.559940963483931,-1.8363242266460178,0.427852566773948,Loosening,Tightening,Loosening,,,
2012-02-29,ITA,2.0953222953510338,1.1519500101869646,1.623636152768999,-1.8363242266460178,0.4703160262973266,Loosening,Tightening,Loosening,,,
2012-03-31,ITA,3.16830777730669,1.0909730312793844,2.1296404042930375,-1.8363242266460178,0.8076521939800189,Loosening,Tightening,Loosening,,,
2012-04-30,ITA,3.202751536010689,1.1657586187673765,2.184255077389033,-1.8363242266460178,0.8440619760440159,Loosening,Tightening,Loosening,,,
2012-05-31,ITA,3.082722120065026,1.1971521764201671,2.1399371482425966,-1.8363242266460178,0.8145166899463917,Loosening,Tightening,Loosening,,,
2012-06-30,ITA,2.989463388624773,1.0848143076880872,2.03713884815643,-1.8363242266460178,0.7459844898889473,Loosening,Tightening,Peak,,,
2012-07-31,ITA,2.713726454460062,1.353825146156037,2.0337758003080495,-1.8363242266460178,0.743742457990027,Loosening,Trough,Loosening,,,
2012-08-31,ITA,2.269265613078914,1.3645455687875216,1.816905590933218,-1.8363242266460178,0.5991623184068059,Loosening,Trough,Loosening,,,
2012-09-30,ITA,1.3190432886675554,1.2955363546278862,1.307289821647721,-1.8363242266460178,0.2594184722164746,Peak,Trough,Peak,,,
2012-10-31,ITA,1.0326809164513742,1.2301414108952275,1.1314111636733009,-1.8363242266460178,0.1421660335668612,Peak,Trough,Peak,,,
2012-11-30,ITA,0.6808842230027997,1.0699576674335949,0.8754209452181974,-1.8363242266460178,-0.0284941120698744,Peak,Trough,Tightening,,,
2012-12-31,ITA,-0.30813968739380876,1.0109293162711195,0.3513948144386554,-1.8363242266460178,-0.3778448659229024,Peak,Trough,Tightening,,,
2013-01-31,ITA,-0.39515606856883245,0.7144528250175273,0.1596483782243474,-0.11816836787754391,0.06704279619038363,Peak,Trough,Peak,,,
2013-02-28,ITA,-0.8641718235371001,0.7983963168628317,-0.032887753337134173,-0.11816836787754391,-0.061314624850604085,Tightening,Trough,Tightening,,,
2013-03-31,ITA,-1.6913378490045836,0.7751149724791023,-0.45811143826274064,-0.11816836787754391,-0.34479708146767507,Tightening,Trough,Tightening,,,
2013-04-30,ITA,-1.7442245291232128,0.6112951703693018,-0.5664646793769554,-0.11816836787754391,-0.41703257554381823,Tightening,Trough,Tightening,,,
2013-05-31,ITA,-1.8834427911970189,0.6213528392028349,-0.631044975997092,-0.11816836787754391,-0.46008610662390925,Tightening,Trough,Tightening,,,
2013-06-30,ITA,-2.284660686208908,0.5663490954119834,-0.8591557953984623,-0.11816836787754391,-0.6121599862248228,Tightening,Trough,Tightening,,,
2013-07-31,ITA,-2.2779118423927764,0.5511508867813023,-0.863380477805737,-0.11816836787754391,-0.614976441163006,Tightening,Trough,Tightening,,,
2013-08-31,ITA,-2.2709535938231227,0.4140298734746,-0.9284618601742614,-0.11816836787754391,-0.6583640294086889,Tightening,Trough,Tightening,,,
2013-09-30,ITA,-2.2478170732093377,0.37355573068123543,-0.9371306712640511,-0.11816836787754391,-0.664143236801882,Tightening,Trough,Tightening,,,
2013-10-31,ITA,-2.1784608984626,0.3065569836027935,-0.9359519574299033,-0.11816836787754391,-0.6633574275791169,Tightening,Trough,Tightening,,,
2013-11-30,ITA,-2.156991081444552,0.3473581891164314,-0.9048164461640603,-0.11816836787754391,-0.6426004200685548,Tightening,Trough,Tightening,,,
2013-12-31,ITA,-2.0990455236440027,0.2722310217388814,-0.9134072509525606,-0.11816836787754391,-0.6483276232608883,Tightening,Trough,Tightening,,,
2014-01-31,ITA,-2.0510892171549906,0.3380530169316323,-0.8565181001116792,0.5078001143943648,-0.40174536194299776,Trough,Loosening,Trough,,,
2014-02-28,ITA,-1.8149830188691245,0.2859884479603672,-0.7644972854543787,0.5078001143943648,-0.34039815217146413,Trough,Loosening,Trough,,,
2014-03-31,ITA,-1.6814386363495113,0.20167002343466076,-0.7398843064574253,0.5078001143943648,-0.3239894995068286,Trough,Loosening,Trough,,,
2014-04-30,ITA,-1.5588002903441636,0.2851161147205812,-0.6368420878117912,0.5078001143943648,-0.25529468707640585,Trough,Loosening,Trough,,,
2014-05-31,ITA,-1.3727255142552919,0.1994127517374771,-0.5866563812589074,0.5078001143943648,-0.2218375493744833,Trough,Loosening,Trough,,,
2014-06-30,ITA,-1.3651846359452762,0.22633757486248504,-0.5694235305413956,0.5078001143943648,-0.21034898222947546,Trough,Loosening,Trough,,,
2014-07-31,ITA,-1.3765219691692656,0.19565831126846675,-0.5904318289503995,0.5078001143943648,-0.22435451450214466,Trough,Loosening,Trough,,,
2014-08-31,ITA,-1.3033769792838439,0.22489860071613574,-0.5392391892838541,0.5078001143943648,-0.19022608805778107,Trough,Loosening,Trough,,,
2014-09-30,ITA,-1.245033619310306,0.23669403748637827,-0.5041697909119639,0.5078001143943648,-0.16684648914318762,Trough,Loosening,Trough,,,
2014-10-31,ITA,-1.1618243505008103,0.2460213312024165,-0.4579015096491969,0.5078001143943648,-0.13600096830134295,Trough,Loosening,Trough,,,
2014-11-30,ITA,-1.0899603480864448,0.11671532983167125,-0.4866225091273868,0.5078001143943648,-0.1551483012868029,Trough,Loosening,Trough,,,
2014-12-31,ITA,-0.8577805863927901,0.00753430107402427,-0.4251231426593829,0.5078001143943648,-0.11414872364146694,Trough,Loosening,Trough,,,
2015-01-31,ITA,-0.6335913321354689,-0.10766545046756947,-0.3706283913015192,0.6727619985293607,-0.022831594691225865,Trough,Loosening,Trough,,,
2015-02-28,ITA,-0.6060695602016362,0.026637737239834258,-0.2897159114809009,0.6727619985293607,0.031110058522519635,Trough,Loosening,Loosening,,,
2015-03-31,ITA,-0.3136055797450344,0.10622916243003826,-0.10368820865749806,0.6727619985293607,0.15512852707145489,Trough,Loosening,Loosening,,,
2015-04-30,ITA,-0.09911457749776513,0.17308394371937563,0.03698468311080525,0.6727619985293607,0.24891045491699043,Loosening,Loosening,Loosening,,,
2015-05-31,ITA,-0.04224179108199352,0.30302047508833435,0.13038934200317043,0.6727619985293607,0.31118022751190055,Loosening,Loosening,Loosening,,,
2015-06-30,ITA,0.5370982769233107,0.23579276424936343,0.3864455205863371,0.6727619985293607,0.48188434656734497,Loosening,Loosening,Loosening,,,
2015-07-31,ITA,0.6550013065607393,0.2693869056401929,0.4621941061004661,0.6727619985293607,0.5323834035767643,Loosening,Loosening,Loosening,,,
2015-08-31,ITA,0.7197648342434194,0.20501635728333986,0.46239059576337965,0.6727619985293607,0.5325143966853734,Loosening,Loosening,Loosening,,,
2015-09-30,ITA,0.8638665527035477,0.11295111555265673,0.4884088341281022,0.6727619985293607,0.5498598889285218,Loosening,Loosening,Loosening,,,
2015-10-31,ITA,0.9179606874115219,0.21476995884370034,0.5663653231276111,0.6727619985293607,0.601830881594861,Loosening,Loosening,Loosening,,,
2015-11-30,ITA,1.0014179444970281,0.19470928691665226,0.5980636157068402,0.6727619985293607,0.6229630766476804,Loosening,Loosening,Loosening,,,
2015-12-31,ITA,0.8425573577249108,0.18561850336640429,0.5140879305456576,0.6727619985293607,0.5669792865402252,Loosening,Loosening,Loosening,,,
2016-01-31,ITA,0.8353001983314412,0.2913757390719797,0.5633379687017105,0.7891084663657231,0.6385948012563814,Loosening,Loosening,Loosening,,,
2016-02-29,ITA,0.9976249869443976,0.19785549072585404,0.5977402388351258,0.7891084663657231,0.6615296480119917,Loosening,Loosening,Loosening,,,
2016-03-31,ITA,0.8192952361138748,0.18235505198763532,0.5008251440507551,0.7891084663657231,0.5969195848224111,Loosening,Loosening,Loosening,,,
2016-04-30,ITA,0.7330704542038837,0.118403629889643,0.4257370420467634,0.7891084663657231,0.5468608501530833,Peak,Loosening,Peak,,,
2016-05-31,ITA,0.7188503307484437,0.17713999713782635,0.44799516394313504,0.7891084663657231,0.5616995980839977,Peak,Loosening,Peak,,,
2016-06-30,ITA,0.5374565745367879,0.3266811835490678,0.4320688790429278,0.7891084663657231,0.551082074817193,Peak,Loosening,Peak,,,
2016-07-31,ITA,0.8297052892377115,0.34754001820269337,0.5886226537202024,0.7891084663657231,0.655451257935376,Loosening,Loosening,Loosening,,,
2016-08-31,ITA,0.8529115098187732,0.3529430827973865,0.6029272963080798,0.7891084663657231,0.6649876863272943,Loosening,Loosening,Loosening,,,
2016-09-30,ITA,0.8924306028682488,0.44486960852349594,0.6686501056958724,0.7891084663657231,0.7088028925858226,Loosening,Loosening,Loosening,,,
2016-10-31,ITA,0.9012460938233245,0.41855898619091964,0.6599025400071221,0.7891084663657231,0.7029711821266558,Loosening,Loosening,Loosening,,,
2016-11-30,ITA,0.8969498473355165,0.5229143499445438,0.7099320986400302,0.7891084663657231,0.7363242212152612,Loosening,Loosening,Loosening,,,
2016-12-31,ITA,0.9132330326438315,0.6874413349129388,0.8003371837783851,0.7891084663657231,0.7965942779741645,Loosening,Loosening,Loosening,,,
2017-01-31,ITA,0.9413900247825544,0.7814533908914703,0.8614217078370123,0.8057661208300501,0.8428698455013584,Loosening,Loosening,Loosening,,,
2017-02-28,ITA,0.9472810578115275,0.9972076002931664,0.9722443290523469,0.8057661208300501,0.9167515929782479,Loosening,Loosening,Loosening,,,
2017-03-31,ITA,1.300358914119744,0.6880670986090519,0.9942130063643979,0.8057661208300501,0.9313973778529487,Loosening,Loosening,Loosening,,,
2017-04-30,ITA,1.1282876369599066,0.7965034533861178,0.9623955451730122,0.8057661208300501,0.9101857370586914,Loosening,Loosening,Loosening,,,
2017-05-31,ITA,1.044884148287395,0.6132579349479325,0.8290710416176637,0.8057661208300501,0.8213027346884592,Loosening,Loosening,Loosening,,,
2017-06-30,ITA,0.9227402249959613,0.4497689083894474,0.6862545666927043,0.8057661208300501,0.726091751405153,Peak,Loosening,Peak,,,
2017-07-31,ITA,0.6765453605719585,0.5193084122602635,0.5979268864161109,0.8057661208300501,0.6672066312207574,Peak,Loosening,Peak,,,
2017-08-31,ITA,0.6260919837422019,0.6342358856321878,0.6301639346871948,0.8057661208300501,0.6886979967348132,Peak,Loosening,Peak,,,
2017-09-30,ITA,0.48728783011807125,0.6015534762498751,0.5444206531839731,0.8057661208300501,0.6315358090659988,Peak,Loosening,Peak,,,
2017-10-31,ITA,0.43698085934661557,0.5593284082113323,0.49815463377897395,0.8057661208300501,0.6006917961293328,Peak,Loosening,Peak,,,
2017-11-30,ITA,0.410785344957106,0.5671468130372762,0.48896607899719113,0.8057661208300501,0.5945660929414776,Peak,Loosening,Peak,,,
2017-12-31,ITA,0.3190025493195926,0.4254374142282325,0.3722199817739126,0.8057661208300501,0.5167353614592918,Peak,Loosening,Peak,,,
2018-01-31,ITA,0.22636531775580965,0.31207328166115833,0.269219299708484,-0.004078813481267937,0.17811992864523338,Peak,Tightening,Peak,,,
2018-02-28,ITA,0.1493039501598337,0.2784330888046052,0.21386851948221947,-0.004078813481267937,0.14121940849439032,Peak,Tightening,Peak,,,
2018-03-31,ITA,-0.2185013681978734,0.4095017490790131,0.09550019044056984,-0.004078813481267937,0.06230718913329057,Peak,Tightening,Peak,,,
2018-04-30,ITA,-0.2454432631370451,0.30285965467966086,0.028708195771307884,-0.004078813481267937,0.017779192687115943,Peak,Tightening,Peak,,,
2018-05-31,ITA,-0.2897226805163946,0.6673247998833869,0.18880105968349614,-0.004078813481267937,0.12450776862857478,Peak,Tightening,Peak,,,
2018-06-30,ITA,-0.268785366446156,0.65571711798275,0.193465875768297,-0.004078813481267937,0.12761764601844203,Peak,Tightening,Peak,,,
2018-07-31,ITA,-0.28934449033199955,0.6429201083109026,0.17678780898945154,-0.004078813481267937,0.11649893483254505,Peak,Trough,Peak,,,
2018-08-31,ITA,-0.3087405964095692,0.6158720545342261,0.15356572906232846,-0.004078813481267937,0.10101754821446299,Peak,Trough,Peak,,,
2018-09-30,ITA,-0.350880134247269,0.5347437319073679,0.09193179883004945,-0.004078813481267937,0.05992826139294365,Peak,Trough,Peak,,,
2018-10-31,ITA,-0.3914658676119227,0.6762896892836991,0.14241191083588822,-0.004078813481267937,0.09358166939683617,Loosening,Trough,Loosening,,,
2018-11-30,ITA,-0.40388988322856845,0.5483024617133077,0.0722062892423696,-0.004078813481267937,0.046777921667823755,Peak,Trough,Peak,,,
2018-12-31,ITA,-0.4336031660859779,0.41767797964012127,-0.007962593222928305,-0.004078813481267937,-0.006667999975708182,Tightening,Trough,Tightening,,,
2019-01-31,ITA,-0.40288039992280744,0.2994681836773629,-0.05170610812272228,-0.42328143629679,-0.17556455084741152,Tightening,Tightening,Tightening,,,
2019-02-28,ITA,-0.43072695548244827,0.2985184878984171,-0.06610423379201558,-0.42328143629679,-0.18516330129360706,Tightening,Tightening,Tightening,,,
2019-03-31,ITA,-0.4372378584387433,0.33032139910405384,-0.05345822966734473,-0.42328143629679,-0.17673263187715982,Tightening,Tightening,Tightening,,,
2019-04-30,ITA,-0.45290927962534827,0.42552986813084415,-0.013689705747252062,-0.42328143629679,-0.15022028259709805,Tightening,Tightening,Tightening,,,
2019-05-31,ITA,-0.4654060228529643,0.30339760718825454,-0.08100420783235487,-0.42328143629679,-0.19509661732049993,Tightening,Tightening,Tightening,,,
2019-06-30,ITA,-0.47940998433644905,0.36782902931734934,-0.05579047750954985,-0.42328143629679,-0.17828746377196325,Tightening,Tightening,Tightening,,,
2019-07-31,ITA,-0.4980295177603128,0.305481698928126,-0.0962739094160934,-0.42328143629679,-0.2052764183763256,Tightening,Trough,Tightening,,,
2019-08-31,ITA,-0.5007725421699395,0.40821861410387034,-0.04627696403303458,-0.42328143629679,-0.1719451214542864,Trough,Trough,Trough,,,
2019-09-30,ITA,-0.5401290288707968,0.19659127064597795,-0.17176887911240946,-0.42328143629679,-0.25560639817386965,Tightening,Trough,Tightening,,,
2019-10-31,ITA,-0.5079263138871241,0.01601113541235133,-0.24595758923738636,-0.42328143629679,-0.3050655382571876,Tightening,Trough,Tightening,,,
2019-11-30,ITA,-0.5347110728394048,0.06935706258016322,-0.23267700512962078,-0.42328143629679,-0.2962118155186772,Tightening,Trough,Tightening,,,
2019-12-31,ITA,-0.5566538687372995,0.21520584881011184,-0.17072400996359383,-0.42328143629679,-0.2549098187413259,Tightening,Trough,Tightening,,,
2020-01-31,ITA,-0.6213927539508263,0.29108163558126265,-0.1651555591847818,2.1516138271837804,0.6071009029380723,Tightening,Loosening,Loosening,,,
2020-02-29,ITA,-0.5798410869895669,0.31497310157172104,-0.13243399270892295,2.1516138271837804,0.6289152805886449,Tightening,Loosening,Loosening,,,
2020-03-31,ITA,-0.19139656311531075,-0.009728630981995723,-0.10056259704865324,2.1516138271837804,0.6501628776954913,Trough,Loosening,Loosening,,,
2020-04-30,ITA,0.10557635986891518,-0.22480372126322923,-0.05961368069715702,2.1516138271837804,0.6774621552631555,Trough,Loosening,Loosening,,,
2020-05-31,ITA,0.38310544518010403,-0.415723241081563,-0.016308897950729484,2.1516138271837804,0.7063320104274405,Trough,Loosening,Loosening,,,
2020-06-30,ITA,1.0394544857918904,-0.2624088056244348,0.3885228400837278,2.1516138271837804,0.9762198357837453,Loosening,Loosening,Loosening,,,
2020-07-31,ITA,1.1631658590368672,-0.19000359258341779,0.4865811332267247,2.1516138271837804,1.04159203121241,Loosening,Loosening,Loosening,,,
2020-08-31,ITA,1.2296773661707563,-0.5072268192377105,0.3612252734665229,2.1516138271837804,0.9580214580389421,Loosening,Loosening,Loosening,,,
2020-09-30,ITA,1.3723865865346463,-0.542516215347901,0.41493518559337267,2.1516138271837804,0.9938280661235086,Loosening,Loosening,Loosening,,,
2020-10-31,ITA,1.5298591187640431,-0.3985327102087985,0.5656632042776223,2.1516138271837804,1.0943134119130082,Loosening,Loosening,Loosening,,,
2020-11-30,ITA,1.5824905840603323,-0.44507747224439603,0.5687065559079681,2.1516138271837804,1.0963423129999055,Loosening,Loosening,Loosening,,,
2020-12-31,ITA,1.6884724923580632,-0.41785984809125604,0.6353063221334035,2.1516138271837804,1.140742157150196,Loosening,Loosening,Loosening,,,
2021-01-31,ITA,1.7004017429674274,0.11945221044907643,0.909926976708252,1.6690348727386914,1.162962942051732,Loosening,Peak,Loosening,,,
2021-02-28,ITA,1.7080348539980375,0.042787733433945374,0.8754112937159915,1.6690348727386914,1.1399524867235582,Loosening,Peak,Loosening,,,
2021-03-31,ITA,1.5249243750295944,0.30307274863536393,0.9139985618324792,1.6690348727386914,1.1656773321345502,Loosening,Peak,Loosening,,,
2021-04-30,ITA,1.1979350593944964,0.41340123523950734,0.8056681473170019,1.6690348727386914,1.0934570557908985,Loosening,Peak,Peak,,,
2021-05-31,ITA,0.9680775098643211,0.5624942893652994,0.7652858996148102,1.6690348727386914,1.0665355573227706,Loosening,Peak,Peak,,,
2021-06-30,ITA,0.4774783101436428,0.524666928675329,0.5010726194094859,1.6690348727386914,0.8903933705192212,Peak,Peak,Peak,,,
2021-07-31,ITA,0.4343691129594782,0.7822989215945801,0.6083340172770292,1.6690348727386914,0.9619009690975834,Peak,Loosening,Peak,,,
2021-08-31,ITA,0.5002684277269296,1.0360158577241025,0.7681421427255161,1.6690348727386914,1.0684397193965744,Peak,Loosening,Peak,,,
2021-09-30,ITA,0.46891106937485966,1.0894233597147311,0.7791672145447954,1.6690348727386914,1.075789767276094,Peak,Loosening,Peak,,,
2021-10-31,ITA,0.32547920287992615,1.138011845133618,0.7317455240067721,1.6690348727386914,1.044175306917412,Peak,Loosening,Peak,,,
2021-11-30,ITA,0.2990292083096884,1.6112522072312945,0.9551407077704914,1.6690348727386914,1.1931054294265582,Loosening,Loosening,Loosening,,,
2021-12-31,ITA,0.2715457658327165,1.3302771614335869,0.8009114636331517,1.6690348727386914,1.0902859333349983,Loosening,Loosening,Loosening,,,
2022-01-31,ITA,0.29971810469347643,1.120324610097955,0.7100213573957157,-0.10579402947525193,0.43808289510539317,Loosening,Tightening,Peak,,,
2022-02-28,ITA,0.2771645739137699,1.1834518559726759,0.730308214943223,-0.10579402947525193,0.4516074668037313,Peak,Tightening,Peak,,,
2022-03-31,ITA,0.019620478249962478,0.7720815146141629,0.3958509964320627,-0.10579402947525193,0.22863598779629113,Peak,Tightening,Peak,,,
2022-04-30,ITA,0.035892852025708515,0.23488898078806728,0.13539091640688788,-0.10579402947525193,0.05499593444617461,Peak,Tightening,Peak,,,
2022-05-31,ITA,0.006638733302606388,0.09866439886321476,0.05265156608291058,-0.10579402947525193,-0.00016363243647693482,Peak,Tightening,Tightening,,,
2022-06-30,ITA,-0.11895958255126214,-0.1635215325069462,-0.14124055752910417,-0.10579402947525193,-0.12942504817782008,Tightening,Tightening,Tightening,,,
2022-07-31,ITA,-0.2246624582541572,-0.06814890224104479,-0.146405680247601,-0.10579402947525193,-0.13286846332348465,Tightening,Trough,Tightening,,,
2022-08-31,ITA,-0.35729276216630895,-1.014938927254126,-0.6861158447102175,-0.10579402947525193,-0.4926752396318956,Tightening,Trough,Tightening,,,
2022-09-30,ITA,-0.3637024894869818,-1.8285498173676376,-1.0961261534273097,-0.10579402947525193,-0.7660154454432905,Tightening,Trough,Tightening,,,
2022-10-31,ITA,-0.43808209544430154,-1.7858707298347012,-1.1119764126395013,-0.10579402947525193,-0.7765822849180849,Tightening,Trough,Tightening,,,
2022-11-30,ITA,-0.6655066659707614,-1.7962724208113794,-1.2308895433910703,-0.10579402947525193,-0.8558577054191309,Tightening,Trough,Tightening,,,
2022-12-31,ITA,-1.0263238909655539,-2.0019156938053957,-1.5141197923854748,-0.10579402947525193,-1.0446778714154004,Tightening,Trough,Tightening,,,
2023-01-31,ITA,-1.080875126446677,-1.7066550761221384,-1.3937651012844077,-0.8604873876240716,-1.216005863397629,Tightening,Tightening,Tightening,,,
2023-02-28,ITA,-1.1291404325841794,-1.903196581638052,-1.5161685071111157,-0.8604873876240716,-1.2976081339487675,Tightening,Tightening,Tightening,,,
2023-03-31,ITA,-1.2126058542586367,-1.2249029453965514,-1.218754399827594,-0.8604873876240716,-1.0993320624264198,Tightening,Tightening,Tightening,,,
2023-04-30,ITA,-1.25507915465999,-1.0684353677522713,-1.1617572612061307,-0.8604873876240716,-1.061333970012111,Tightening,Tightening,Tightening,,,
2023-05-31,ITA,-1.2760330606945773,-0.8808072722282206,-1.078420166461399,-0.8604873876240716,-1.0057759068489565,Trough,Tightening,Tightening,,,
2023-06-30,ITA,-1.5741511317946024,-1.1702264337954833,-1.372188782795043,-0.8604873876240716,-1.2016216510713857,Trough,Tightening,Tightening,,,
2023-07-31,ITA,-1.565031128991344,-0.8186945096611563,-1.1918628193262502,-0.8604873876240716,-1.0814043420921906,Trough,Trough,Trough,,,
2023-08-31,ITA,-1.5864241672067334,-0.5878679756954055,-1.0871460714510695,-0.8604873876240716,-1.01159317684207,Trough,Trough,Trough,,,
2023-09-30,ITA,-1.6732982371027272,-0.5073881814636804,-1.0903432092832037,-0.8604873876240716,-1.013724602063493,Trough,Trough,Trough,,,
2023-10-31,ITA,-1.6888727790095763,-0.5389583370209138,-1.113915558015245,-0.8604873876240716,-1.0294395012181872,Trough,Trough,Trough,,,
2023-11-30,ITA,-1.5698027003403292,-0.2231029472116474,-0.8964528237759883,-0.8604873876240716,-0.8844643450586827,Trough,Trough,Trough,,,
2023-12-31,ITA,-1.3490296916152251,0.2639131688264776,-0.5425582613943738,-0.8604873876240716,-0.648534636804273,Trough,Trough,Trough,,,
2024-01-31,ITA,-1.3614502507914978,0.1579064418949431,-0.6017719044482773,-2.2415549882495753,-1.1483662657153768,Trough,Tightening,Tightening,,,
2024-02-29,ITA,-1.3783171810896726,-0.059039936778999845,-0.7186785589343362,-2.2415549882495753,-1.2263040353727495,Trough,Tightening,Tightening,,,
2024-03-31,ITA,-1.463435000202364,0.13942878726753763,-0.6620031064674131,-2.2415549882495753,-1.1885204003948007,Trough,Tightening,Tightening,,,
2024-04-30,ITA,-1.4754368819345325,-0.024679042227309694,-0.7500579620809211,-2.2415549882495753,-1.2472236374704726,Trough,Tightening,Tightening,,,
2024-05-31,ITA,-1.4964238126532468,0.05446122130775163,-0.7209812956727476,-2.2415549882495753,-1.227839193198357,Trough,Tightening,Tightening,,,
2024-06-30,ITA,-1.2222877224121256,0.21136117035122823,-0.5054632760304487,-2.2415549882495753,-1.0841605134368244,Trough,Tightening,Tightening,,,
2024-07-31,ITA,-1.2420196536040249,0.36423908418763284,-0.438890284708196,-2.2415549882495753,-1.0397785192219893,Trough,Trough,Trough,,,
2024-08-31,ITA,-1.2255745939479419,0.5223480700631654,-0.35161326194238823,-2.2415549882495753,-0.9815938373781173,Trough,Trough,Trough,,,
2024-09-30,ITA,-1.2255185393936159,0.5772170663166366,-0.32415073653848964,-2.2415549882495753,-0.9632854871088516,Trough,Trough,Trough,,,
2024-10-31,ITA,-1.1843051997221987,0.39694618654005503,-0.39367950659107187,-2.2415549882495753,-1.0096380004772398,Trough,Trough,Trough,,,
2024-11-30,ITA,-1.2010997657456313,0.6455544996009945,-0.27777263307231836,-2.2415549882495753,-0.9323667514647375,Trough,Trough,Trough,,,
2024-12-31,ITA,-1.1681890068207452,0.5241814328284774,-0.3220037869961339,-2.2415549882495753,-0.9618541874139478,Trough,Trough,Trough,,,
2025-01-31,ITA,-1.1007129458197458,0.49146566907133193,-0.3046236383742069,-0.32570979017458845,-0.31165235564100074,Trough,Trough,Trough,,,
2025-02-28,ITA,-1.1117504539644205,0.4399365653359087,-0.33590694431425594,-0.32570979017458845,-0.3325078929343668,Trough,Trough,Trough,,,
2025-03-31,ITA,-1.0050953768863502,0.3217614066308569,-0.3416669851277466,-0.32570979017458845,-0.33634792014336057,Tightening,Trough,Trough,,,
2025-04-30,ITA,-0.9139426123579331,0.4356487917138146,-0.23914691032205923,-0.32570979017458845,-0.26800120360623564,Trough,Trough,Trough,,,
2025-05-31,ITA,-0.9195411623312622,0.3241848652622679,-0.29767814853449714,-0.32570979017458845,-0.30702202908119425,Tightening,Trough,Trough,,,
2025-06-30,ITA,-0.910026064946335,0.130261388444868,-0.3898823382507335,-0.32570979017458845,-0.36849148889201844,Tightening,Trough,Trough,,,
2025-07-31,ITA,-0.948335740113039,0.05827919585807432,-0.44502827212748236,-0.32570979017458845,-0.40525544480985104,Tightening,Trough,Tightening,,,
2025-08-31,ITA,-0.9570979253002576,0.055833732571980654,-0.4506320963641385,-0.32570979017458845,-0.40899132763428847,Tightening,Trough,Tightening,,,
2025-09-30,ITA,-0.8998068348978598,-0.17220781556826745,-0.5360073252330636,-0.32570979017458845,-0.4659081468802385,Tightening,Trough,Tightening,,,
2025-10-31,ITA,-0.8166730630852267,-0.22782001039231148,-0.5222465367387691,-0.32570979017458845,-0.4567342878840422,Tightening,Trough,Tightening,,,
2025-11-30,ITA,-0.7922509945288095,-0.2626086559624342,-0.5274298252456219,-0.32570979017458845,-0.4601898135552774,Tightening,Trough,Tightening,,,
2025-12-31,ITA,-0.7503320574278995,-0.4136279817757802,-0.5819800196018399,-0.32570979017458845,-0.49655660979275607,Tightening,Trough,Tightening,,,
2026-01-31,ITA,-0.6635924597370022,-0.40587785210383576,-0.534735155920419,-0.2929979534845718,-0.4541560884418032,Tightening,Trough,Tightening,,,
2026-02-28,ITA,-0.6430189627650658,-0.39350975240262337,-0.5182643575838446,-0.2929979534845718,-0.44317555621742033,Tightening,Trough,Tightening,,,
2026-03-31,ITA,-0.6254057198895931,-0.7544871602245697,-0.6899464400570814,-0.2929979534845718,-0.5576302778662449,Tightening,Trough,Tightening,,,
2026-04-30,ITA,-0.637288646934779,-0.745275216408407,-0.691281931671593,-0.2929979534845718,-0.5585206056092527,Tightening,Trough,Tightening,,,
2026-05-31,ITA,-0.6250015443521442,-0.6420582285255559,-0.6335298864388501,-0.2929979534845718,-0.5200192421207573,Tightening,Trough,Tightening,,,
2026-06-30,ITA,-0.6168803973351495,-0.6783340725490473,-0.6476072349420985,-0.2929979534845718,-0.5294041411229229,Tightening,Trough,Tightening,,,
2026-07-31,ITA,-0.663013880150329,-0.8099722200681976,-0.7364930501092632,-0.2929979534845718,-0.5886613512343661,Tightening,Trough,Tightening,,,
2026-08-31,ITA,-0.6457209100693341,-0.8462601257516488,-0.7459905179104914,-0.2929979534845718,-0.5949929964351849,Tightening,Trough,Tightening,,,
2026-09-30,ITA,-0.620230235811616,-0.9599544887246984,-0.7900923622681572,-0.2929979534845718,-0.624394226006962,Tightening,Trough,Tightening,,,
